ISO-10303-21;
HEADER;
FILE_DESCRIPTION (( 'STEP AP214' ),
    '1' );
FILE_NAME ('861400041LO1705LF.STEP',
    '2022-06-25T11:43:24',
    ( '' ),
    ( '' ),
    'SwSTEP 2.0',
    'SolidWorks 2017',
    '' );
FILE_SCHEMA (( 'AUTOMOTIVE_DESIGN' ));
ENDSEC;

DATA;
#1 = EDGE_CURVE ( 'NONE', #241, #463, #3109, .T. ) ;
#2 = PRESENTATION_STYLE_ASSIGNMENT (( #4012 ) ) ;
#3 = CARTESIAN_POINT ( 'NONE',  ( 4.017820323027535800, 4.726424473330774100E-014, 9.000000000000001800 ) ) ;
#4 = STYLED_ITEM ( 'NONE', ( #4149 ), #3464 ) ;
#5 = ORIENTED_EDGE ( 'NONE', *, *, #3588, .F. ) ;
#6 = PLANE ( 'NONE',  #2856 ) ;
#7 = ADVANCED_FACE ( 'NONE', ( #2575 ), #5261, .T. ) ;
#8 = ORIENTED_EDGE ( 'NONE', *, *, #533, .T. ) ;
#9 = CARTESIAN_POINT ( 'NONE',  ( -4.017820323027547300, 7.589415207398531000E-015, 9.000000000000001800 ) ) ;
#10 = ORIENTED_EDGE ( 'NONE', *, *, #2041, .T. ) ;
#11 = CARTESIAN_POINT ( 'NONE',  ( -3.602179676972464800, 4.726424473330774100E-014, 9.000000000000001800 ) ) ;
#12 = CARTESIAN_POINT ( 'NONE',  ( -4.124999999999996400, 1.585000000000003500, 0.5000000000000004400 ) ) ;
#13 = DIRECTION ( 'NONE',  ( 0.0000000000000000000, 0.0000000000000000000, -1.000000000000000000 ) ) ;
#14 = DIRECTION ( 'NONE',  ( -0.0000000000000000000, -1.000000000000000000, -0.0000000000000000000 ) ) ;
#15 = CARTESIAN_POINT ( 'NONE',  ( -2.939999999999984400, 2.038999999999999700, 1.400000000000000100 ) ) ;
#16 = DIRECTION ( 'NONE',  ( -1.000000000000000000, 0.0000000000000000000, 0.0000000000000000000 ) ) ;
#17 = ORIENTED_EDGE ( 'NONE', *, *, #448, .T. ) ;
#18 = SURFACE_SIDE_STYLE ('',( #4834 ) ) ;
#19 = UNCERTAINTY_MEASURE_WITH_UNIT (LENGTH_MEASURE( 1.000000000000000100E-005 ), #4297, 'distance_accuracy_value', 'NONE');
#20 = VECTOR ( 'NONE', #1613, 1000.000000000000000 ) ;
#21 = EDGE_CURVE ( 'NONE', #1062, #5007, #552, .T. ) ;
#22 = CARTESIAN_POINT ( 'NONE',  ( 0.4000000000000114600, 2.038999999999999700, 1.900000000000000100 ) ) ;
#23 = DIRECTION ( 'NONE',  ( -0.0000000000000000000, -0.9659258262890689800, -0.2588190451025183500 ) ) ;
#24 = ORIENTED_EDGE ( 'NONE', *, *, #1473, .T. ) ;
#25 = AXIS2_PLACEMENT_3D ( 'NONE', #2917, #352, #3354 ) ;
#26 = DIRECTION ( 'NONE',  ( -1.000000000000000000, 0.0000000000000000000, 0.0000000000000000000 ) ) ;
#27 = DIRECTION ( 'NONE',  ( 0.0000000000000000000, -1.000000000000000000, 0.0000000000000000000 ) ) ;
#28 = MECHANICAL_DESIGN_GEOMETRIC_PRESENTATION_REPRESENTATION (  '', ( #338 ), #733 ) ;
#29 = PLANE ( 'NONE',  #2018 ) ;
#30 = ADVANCED_FACE ( 'NONE', ( #4646 ), #3535, .T. ) ;
#31 = EDGE_LOOP ( 'NONE', ( #141, #1536, #2509, #971, #1929, #606 ) ) ;
#32 = CARTESIAN_POINT ( 'NONE',  ( 4.125000000000001800, 1.585000000000008800, 4.000000000000000000 ) ) ;
#33 =( GEOMETRIC_REPRESENTATION_CONTEXT ( 3 ) GLOBAL_UNCERTAINTY_ASSIGNED_CONTEXT ( ( #1734 ) ) GLOBAL_UNIT_ASSIGNED_CONTEXT ( ( #5254, #983, #1408 ) ) REPRESENTATION_CONTEXT ( 'NONE', 'WORKASPACE' ) );
#34 =( LENGTH_UNIT ( ) NAMED_UNIT ( * ) SI_UNIT ( .MILLI., .METRE. ) );
#35 = ORIENTED_EDGE ( 'NONE', *, *, #4874, .T. ) ;
#36 = VERTEX_POINT ( 'NONE', #3988 ) ;
#37 = SURFACE_STYLE_USAGE ( .BOTH. , #3862 ) ;
#38 = CARTESIAN_POINT ( 'NONE',  ( 1.544505790409922200, 0.9954942095900907200, 8.751126447602494800 ) ) ;
#39 = EDGE_CURVE ( 'NONE', #3193, #5066, #209, .T. ) ;
#40 = PRESENTATION_LAYER_ASSIGNMENT (  '', '', ( #5529 ) ) ;
#41 = CARTESIAN_POINT ( 'NONE',  ( 3.495000000000003200, 0.7699999999999998000, -0.3150000000000034400 ) ) ;
#42 = VERTEX_POINT ( 'NONE', #4050 ) ;
#43 = CARTESIAN_POINT ( 'NONE',  ( -2.939999999999984400, 0.1000000000000028600, 1.400000000000000100 ) ) ;
#44 = ORIENTED_EDGE ( 'NONE', *, *, #5467, .T. ) ;
#45 = CARTESIAN_POINT ( 'NONE',  ( -0.9550000000000048500, 0.7699999999999998000, 0.3149999999999951700 ) ) ;
#46 = VECTOR ( 'NONE', #2174, 1000.000000000000000 ) ;
#47 = VERTEX_POINT ( 'NONE', #563 ) ;
#48 = ORIENTED_EDGE ( 'NONE', *, *, #1692, .T. ) ;
#49 = EDGE_CURVE ( 'NONE', #230, #5437, #3911, .T. ) ;
#50 = LINE ( 'NONE', #1302, #1003 ) ;
#51 = CARTESIAN_POINT ( 'NONE',  ( -5.080000000000015200, 0.5000000000000004400, 4.000000000000000000 ) ) ;
#52 = EDGE_CURVE ( 'NONE', #5246, #3548, #953, .T. ) ;
#53 = VERTEX_POINT ( 'NONE', #256 ) ;
#54 = DIRECTION ( 'NONE',  ( 0.0000000000000000000, -1.000000000000000000, 0.0000000000000000000 ) ) ;
#55 = ORIENTED_EDGE ( 'NONE', *, *, #2974, .F. ) ;
#56 = FACE_OUTER_BOUND ( 'NONE', #1328, .T. ) ;
#57 = DIRECTION ( 'NONE',  ( -1.101411730778927600E-014, -1.682396719162780200E-015, 1.000000000000000000 ) ) ;
#58 = EDGE_CURVE ( 'NONE', #2561, #3931, #2766, .T. ) ;
#59 = VECTOR ( 'NONE', #431, 1000.000000000000000 ) ;
#60 = CYLINDRICAL_SURFACE ( 'NONE', #2873, 0.1850000000000048300 ) ;
#61 = PLANE ( 'NONE',  #2177 ) ;
#62 = ADVANCED_FACE ( 'NONE', ( #2233 ), #2033, .F. ) ;
#63 = VECTOR ( 'NONE', #949, 1000.000000000000000 ) ;
#64 =( GEOMETRIC_REPRESENTATION_CONTEXT ( 3 ) GLOBAL_UNCERTAINTY_ASSIGNED_CONTEXT ( ( #2080 ) ) GLOBAL_UNIT_ASSIGNED_CONTEXT ( ( #3016, #3417, #3919 ) ) REPRESENTATION_CONTEXT ( 'NONE', 'WORKASPACE' ) );
#65 = SURFACE_SIDE_STYLE ('',( #4830 ) ) ;
#66 = COLOUR_RGB ( '',1.000000000000000000, 0.8117647058823529400, 0.5019607843137254800 ) ;
#67 = VECTOR ( 'NONE', #1578, 1000.000000000000000 ) ;
#68 = DIRECTION ( 'NONE',  ( -0.0000000000000000000, 1.000000000000000000, 1.517583580067741800E-016 ) ) ;
#69 = SURFACE_STYLE_FILL_AREA ( #1700 ) ;
#70 = DIRECTION ( 'NONE',  ( -0.2505628070857265900, 0.2505628070857295300, 0.9351131265310311800 ) ) ;
#71 = DIRECTION ( 'NONE',  ( -0.0000000000000000000, 1.000000000000000000, 1.517583580067741800E-016 ) ) ;
#72 = PRESENTATION_LAYER_ASSIGNMENT (  '', '', ( #4500 ) ) ;
#73 = UNCERTAINTY_MEASURE_WITH_UNIT (LENGTH_MEASURE( 1.000000000000000100E-005 ), #3530, 'distance_accuracy_value', 'NONE');
#74 = VECTOR ( 'NONE', #580, 1000.000000000000000 ) ;
#75 = PRESENTATION_STYLE_ASSIGNMENT (( #1038 ) ) ;
#76 = DIRECTION ( 'NONE',  ( -1.000000000000000000, 0.0000000000000000000, 0.0000000000000000000 ) ) ;
#77 = FACE_OUTER_BOUND ( 'NONE', #1249, .T. ) ;
#78 =( NAMED_UNIT ( * ) PLANE_ANGLE_UNIT ( ) SI_UNIT ( $, .RADIAN. ) );
#79 = AXIS2_PLACEMENT_3D ( 'NONE', #1267, #3392, #811 ) ;
#80 = ORIENTED_EDGE ( 'NONE', *, *, #925, .F. ) ;
#81 = EDGE_CURVE ( 'NONE', #3768, #2561, #3644, .T. ) ;
#82 = DIRECTION ( 'NONE',  ( 0.0000000000000000000, 0.0000000000000000000, 1.000000000000000000 ) ) ;
#83 = CARTESIAN_POINT ( 'NONE',  ( 1.545447516214352600, -4.747611879053579300, -0.2754475162143554800 ) ) ;
#84 = MECHANICAL_DESIGN_GEOMETRIC_PRESENTATION_REPRESENTATION (  '', ( #4793 ), #1810 ) ;
#85 =( NAMED_UNIT ( * ) PLANE_ANGLE_UNIT ( ) SI_UNIT ( $, .RADIAN. ) );
#86 = DIRECTION ( 'NONE',  ( 1.000000000000000000, -1.101411730778927600E-014, 1.685863046557458200E-029 ) ) ;
#87 = CARTESIAN_POINT ( 'NONE',  ( 3.925040220861441200, 1.385040220861457800, 9.346260055215353200 ) ) ;
#88 =( LENGTH_UNIT ( ) NAMED_UNIT ( * ) SI_UNIT ( .MILLI., .METRE. ) );
#89 = PLANE ( 'NONE',  #3206 ) ;
#90 =( GEOMETRIC_REPRESENTATION_CONTEXT ( 3 ) GLOBAL_UNCERTAINTY_ASSIGNED_CONTEXT ( ( #5359 ) ) GLOBAL_UNIT_ASSIGNED_CONTEXT ( ( #1058, #1558, #4555 ) ) REPRESENTATION_CONTEXT ( 'NONE', 'WORKASPACE' ) );
#91 = DIRECTION ( 'NONE',  ( -0.7071067811865474600, -0.7071067811865474600, 0.0000000000000000000 ) ) ;
#92 = ADVANCED_FACE ( 'NONE', ( #3241 ), #4166, .F. ) ;
#93 = PRESENTATION_LAYER_ASSIGNMENT (  '', '', ( #4119 ) ) ;
#94 = DIRECTION ( 'NONE',  ( -0.0000000000000000000, -0.0000000000000000000, 1.000000000000000000 ) ) ;
#95 = CARTESIAN_POINT ( 'NONE',  ( -4.124999999999996400, 1.585000000000008800, 1.900000000000000100 ) ) ;
#96 = VERTEX_POINT ( 'NONE', #617 ) ;
#97 = SURFACE_STYLE_FILL_AREA ( #3847 ) ;
#98 = SURFACE_STYLE_FILL_AREA ( #1126 ) ;
#99 = CARTESIAN_POINT ( 'NONE',  ( -5.080000000000015200, 2.039999999999998700, 1.400000000000000100 ) ) ;
#100 = ORIENTED_EDGE ( 'NONE', *, *, #5485, .F. ) ;
#101 = ORIENTED_EDGE ( 'NONE', *, *, #1738, .F. ) ;
#102 = CARTESIAN_POINT ( 'NONE',  ( 1.477820323027551700, 1.477820323027566600, 9.000000000000001800 ) ) ;
#103 = ORIENTED_EDGE ( 'NONE', *, *, #3729, .F. ) ;
#104 = CARTESIAN_POINT ( 'NONE',  ( 4.579999999999986700, 2.540000000000000000, 0.0000000000000000000 ) ) ;
#105 = CARTESIAN_POINT ( 'NONE',  ( -1.062179676972464500, 4.726424473330774100E-014, 9.000000000000001800 ) ) ;
#106 = ORIENTED_EDGE ( 'NONE', *, *, #1388, .T. ) ;
#107 = EDGE_CURVE ( 'NONE', #3343, #4035, #2899, .T. ) ;
#108 = PLANE ( 'NONE',  #4853 ) ;
#109 = EDGE_LOOP ( 'NONE', ( #2133, #1129, #3814, #449, #4350, #1715 ) ) ;
#110 = SURFACE_STYLE_FILL_AREA ( #2400 ) ;
#111 = CARTESIAN_POINT ( 'NONE',  ( 0.0000000000000000000, 2.540000000000000000, 0.0000000000000000000 ) ) ;
#112 = VECTOR ( 'NONE', #1783, 1000.000000000000000 ) ;
#113 = ORIENTED_EDGE ( 'NONE', *, *, #5505, .T. ) ;
#114 = DIRECTION ( 'NONE',  ( 1.000000000000000000, 0.0000000000000000000, 0.0000000000000000000 ) ) ;
#115 = VERTEX_POINT ( 'NONE', #2366 ) ;
#116 = VECTOR ( 'NONE', #1331, 1000.000000000000000 ) ;
#117 =( NAMED_UNIT ( * ) PLANE_ANGLE_UNIT ( ) SI_UNIT ( $, .RADIAN. ) );
#118 = ADVANCED_FACE ( 'NONE', ( #354 ), #3705, .F. ) ;
#119 = FILL_AREA_STYLE ('',( #140 ) ) ;
#120 = EDGE_CURVE ( 'NONE', #924, #1612, #1629, .T. ) ;
#121 = VECTOR ( 'NONE', #5316, 999.9999999999998900 ) ;
#122 = ORIENTED_EDGE ( 'NONE', *, *, #516, .T. ) ;
#123 = ORIENTED_EDGE ( 'NONE', *, *, #5485, .T. ) ;
#124 = VECTOR ( 'NONE', #4948, 1000.000000000000000 ) ;
#125 = SURFACE_SIDE_STYLE ('',( #4777 ) ) ;
#126 = SURFACE_STYLE_USAGE ( .BOTH. , #995 ) ;
#127 = LINE ( 'NONE', #2031, #1070 ) ;
#128 = PLANE ( 'NONE',  #3747 ) ;
#129 = LINE ( 'NONE', #1903, #3905 ) ;
#130 = DIRECTION ( 'NONE',  ( 0.0000000000000000000, -1.000000000000000000, 0.0000000000000000000 ) ) ;
#131 = SURFACE_STYLE_USAGE ( .BOTH. , #2283 ) ;
#132 = LINE ( 'NONE', #4783, #3440 ) ;
#133 = FACE_BOUND ( 'NONE', #3183, .T. ) ;
#134 = LINE ( 'NONE', #105, #1358 ) ;
#135 =( NAMED_UNIT ( * ) SI_UNIT ( $, .STERADIAN. ) SOLID_ANGLE_UNIT ( ) );
#136 = COLOUR_RGB ( '',1.000000000000000000, 0.8117647058823529400, 0.5019607843137254800 ) ;
#137 = DIRECTION ( 'NONE',  ( 0.0000000000000000000, -1.000000000000000000, -2.168404344971009900E-016 ) ) ;
#138 = DIRECTION ( 'NONE',  ( -0.0000000000000000000, 0.9659258262890689800, -0.2588190451025183500 ) ) ;
#139 = LINE ( 'NONE', #3375, #5165 ) ;
#140 = FILL_AREA_STYLE_COLOUR ( '', #360 ) ;
#141 = ORIENTED_EDGE ( 'NONE', *, *, #4392, .T. ) ;
#142 = LINE ( 'NONE', #2266, #4779 ) ;
#143 = FACE_OUTER_BOUND ( 'NONE', #4261, .T. ) ;
#144 = ORIENTED_EDGE ( 'NONE', *, *, #4356, .T. ) ;
#145 = VERTEX_POINT ( 'NONE', #4915 ) ;
#146 = CARTESIAN_POINT ( 'NONE',  ( -4.124999999999996400, -4.599999999999992500, -0.3150000000000042200 ) ) ;
#147 = MECHANICAL_DESIGN_GEOMETRIC_PRESENTATION_REPRESENTATION (  '', ( #5139 ), #224 ) ;
#148 = LINE ( 'NONE', #5264, #3041 ) ;
#149 = ORIENTED_EDGE ( 'NONE', *, *, #990, .T. ) ;
#150 = CARTESIAN_POINT ( 'NONE',  ( -5.080000000000015200, 0.5009999999999865700, 1.899999999999999900 ) ) ;
#151 = DIRECTION ( 'NONE',  ( -0.0000000000000000000, -0.9659258262890689800, -0.2588190451025183500 ) ) ;
#152 = VECTOR ( 'NONE', #4509, 1000.000000000000000 ) ;
#153 = EDGE_CURVE ( 'NONE', #650, #1701, #3774, .T. ) ;
#154 = DIRECTION ( 'NONE',  ( 0.0000000000000000000, 1.000000000000000000, 0.0000000000000000000 ) ) ;
#155 = DIRECTION ( 'NONE',  ( -0.7071067811865482400, -0.7071067811865469100, 0.0000000000000000000 ) ) ;
#156 = PRESENTATION_LAYER_ASSIGNMENT (  '', '', ( #2582 ) ) ;
#157 =( LENGTH_UNIT ( ) NAMED_UNIT ( * ) SI_UNIT ( .MILLI., .METRE. ) );
#158 = FACE_OUTER_BOUND ( 'NONE', #4553, .T. ) ;
#159 = EDGE_CURVE ( 'NONE', #3737, #2739, #4904, .T. ) ;
#160 = EDGE_LOOP ( 'NONE', ( #3212, #3681, #4544, #5598 ) ) ;
#161 = FACE_OUTER_BOUND ( 'NONE', #4270, .T. ) ;
#162 =( NAMED_UNIT ( * ) SI_UNIT ( $, .STERADIAN. ) SOLID_ANGLE_UNIT ( ) );
#163 = CARTESIAN_POINT ( 'NONE',  ( 7.620000000000000100, 7.589415207398531000E-015, 9.000000000000001800 ) ) ;
#164 = EDGE_CURVE ( 'NONE', #1178, #1397, #4227, .T. ) ;
#165 = VERTEX_POINT ( 'NONE', #1615 ) ;
#166 = PRESENTATION_STYLE_ASSIGNMENT (( #875 ) ) ;
#167 = CARTESIAN_POINT ( 'NONE',  ( 4.085447516214352400, -4.747611879053579300, -0.2754475162143554800 ) ) ;
#168 =( NAMED_UNIT ( * ) PLANE_ANGLE_UNIT ( ) SI_UNIT ( $, .RADIAN. ) );
#169 = AXIS2_PLACEMENT_3D ( 'NONE', #5125, #3051, #4277 ) ;
#170 = CARTESIAN_POINT ( 'NONE',  ( -1.477820323027547300, 7.589415207398531000E-015, 9.000000000000001800 ) ) ;
#171 = ORIENTED_EDGE ( 'NONE', *, *, #3918, .T. ) ;
#172 = FILL_AREA_STYLE ('',( #1108 ) ) ;
#173 = ADVANCED_FACE ( 'NONE', ( #5235 ), #4168, .F. ) ;
#174 = ORIENTED_EDGE ( 'NONE', *, *, #2008, .F. ) ;
#175 = EDGE_LOOP ( 'NONE', ( #3943, #3220, #1545, #1970 ) ) ;
#176 = CARTESIAN_POINT ( 'NONE',  ( -5.080000000000015200, 0.0000000000000000000, 1.400000000000000100 ) ) ;
#177 = CARTESIAN_POINT ( 'NONE',  ( -3.494999999999998300, -4.599999999999992500, -0.3150000000000036100 ) ) ;
#178 = PLANE ( 'NONE',  #1272 ) ;
#179 = LINE ( 'NONE', #4092, #520 ) ;
#180 = DIRECTION ( 'NONE',  ( -0.0000000000000000000, 1.530638361156006100E-015, 1.000000000000000000 ) ) ;
#181 = LINE ( 'NONE', #3408, #3560 ) ;
#182 =( GEOMETRIC_REPRESENTATION_CONTEXT ( 3 ) GLOBAL_UNCERTAINTY_ASSIGNED_CONTEXT ( ( #3608 ) ) GLOBAL_UNIT_ASSIGNED_CONTEXT ( ( #88, #1380, #4361 ) ) REPRESENTATION_CONTEXT ( 'NONE', 'WORKASPACE' ) );
#183 = EDGE_CURVE ( 'NONE', #2907, #3054, #1956, .T. ) ;
#184 = ORIENTED_EDGE ( 'NONE', *, *, #3565, .F. ) ;
#185 =( NAMED_UNIT ( * ) PLANE_ANGLE_UNIT ( ) SI_UNIT ( $, .RADIAN. ) );
#186 = ORIENTED_EDGE ( 'NONE', *, *, #409, .T. ) ;
#187 =( LENGTH_UNIT ( ) NAMED_UNIT ( * ) SI_UNIT ( .MILLI., .METRE. ) );
#188 = ORIENTED_EDGE ( 'NONE', *, *, #3588, .T. ) ;
#189 = CARTESIAN_POINT ( 'NONE',  ( 0.9550000000000036200, 0.7700000000000006800, -0.3150000000000034400 ) ) ;
#190 = SURFACE_STYLE_USAGE ( .BOTH. , #4865 ) ;
#191 = ORIENTED_EDGE ( 'NONE', *, *, #3729, .T. ) ;
#192 =( NAMED_UNIT ( * ) PLANE_ANGLE_UNIT ( ) SI_UNIT ( $, .RADIAN. ) );
#193 = ORIENTED_EDGE ( 'NONE', *, *, #3184, .T. ) ;
#194 = EDGE_CURVE ( 'NONE', #237, #4711, #5457, .T. ) ;
#195 = EDGE_CURVE ( 'NONE', #3525, #1318, #4641, .T. ) ;
#196 = VECTOR ( 'NONE', #3020, 1000.000000000000000 ) ;
#197 = LINE ( 'NONE', #1880, #610 ) ;
#198 =( NAMED_UNIT ( * ) PLANE_ANGLE_UNIT ( ) SI_UNIT ( $, .RADIAN. ) );
#199 = PRESENTATION_STYLE_ASSIGNMENT (( #4900 ) ) ;
#200 = FILL_AREA_STYLE_COLOUR ( '', #4970 ) ;
#201 = DIRECTION ( 'NONE',  ( 0.0000000000000000000, -1.000000000000000000, 0.0000000000000000000 ) ) ;
#202 = ORIENTED_EDGE ( 'NONE', *, *, #4247, .T. ) ;
#203 = SURFACE_STYLE_USAGE ( .BOTH. , #1098 ) ;
#204 = LINE ( 'NONE', #2462, #3101 ) ;
#205 = VECTOR ( 'NONE', #1555, 1000.000000000000000 ) ;
#206 = VECTOR ( 'NONE', #5248, 1000.000000000000000 ) ;
#207 = SURFACE_STYLE_USAGE ( .BOTH. , #4056 ) ;
#208 = PLANE ( 'NONE',  #2641 ) ;
#209 = LINE ( 'NONE', #3155, #74 ) ;
#210 = SURFACE_STYLE_FILL_AREA ( #1938 ) ;
#211 = PLANE ( 'NONE',  #3213 ) ;
#212 = EDGE_CURVE ( 'NONE', #42, #2065, #204, .T. ) ;
#213 = CARTESIAN_POINT ( 'NONE',  ( 0.5000000000000138800, 2.540000000000000000, 4.000000000000000000 ) ) ;
#214 = LINE ( 'NONE', #3042, #2642 ) ;
#215 = CARTESIAN_POINT ( 'NONE',  ( 0.9550000000000036200, 0.9550000000000048500, 0.5000000000000004400 ) ) ;
#216 = DIRECTION ( 'NONE',  ( 1.000000000000000000, 0.0000000000000000000, -0.0000000000000000000 ) ) ;
#217 = ORIENTED_EDGE ( 'NONE', *, *, #1718, .T. ) ;
#218 =( GEOMETRIC_REPRESENTATION_CONTEXT ( 3 ) GLOBAL_UNCERTAINTY_ASSIGNED_CONTEXT ( ( #4348 ) ) GLOBAL_UNIT_ASSIGNED_CONTEXT ( ( #4686, #827, #3350 ) ) REPRESENTATION_CONTEXT ( 'NONE', 'WORKASPACE' ) );
#219 = DIRECTION ( 'NONE',  ( -0.0000000000000000000, 1.530638361156006100E-015, 1.000000000000000000 ) ) ;
#220 = DIRECTION ( 'NONE',  ( 1.000000000000000000, -0.0000000000000000000, 0.0000000000000000000 ) ) ;
#221 = DIRECTION ( 'NONE',  ( 0.0000000000000000000, -1.000000000000000000, -1.409885789968134100E-016 ) ) ;
#222 = EDGE_CURVE ( 'NONE', #482, #4135, #4360, .T. ) ;
#223 = DIRECTION ( 'NONE',  ( -0.0000000000000000000, 1.000000000000000000, 0.0000000000000000000 ) ) ;
#224 =( GEOMETRIC_REPRESENTATION_CONTEXT ( 3 ) GLOBAL_UNCERTAINTY_ASSIGNED_CONTEXT ( ( #73 ) ) GLOBAL_UNIT_ASSIGNED_CONTEXT ( ( #3530, #78, #1788 ) ) REPRESENTATION_CONTEXT ( 'NONE', 'WORKASPACE' ) );
#225 = FILL_AREA_STYLE_COLOUR ( '', #2221 ) ;
#226 = SURFACE_SIDE_STYLE ('',( #3983 ) ) ;
#227 = ADVANCED_FACE ( 'NONE', ( #1087 ), #2028, .F. ) ;
#228 = FILL_AREA_STYLE ('',( #530 ) ) ;
#229 = FILL_AREA_STYLE ('',( #727 ) ) ;
#230 = VERTEX_POINT ( 'NONE', #713 ) ;
#231 = EDGE_CURVE ( 'NONE', #2014, #3752, #3310, .T. ) ;
#232 = DIRECTION ( 'NONE',  ( -0.0000000000000000000, 1.530638361156006100E-015, 1.000000000000000000 ) ) ;
#233 = DIRECTION ( 'NONE',  ( 0.0000000000000000000, -0.0000000000000000000, 1.000000000000000000 ) ) ;
#234 = MECHANICAL_DESIGN_GEOMETRIC_PRESENTATION_REPRESENTATION (  '', ( #5529 ), #518 ) ;
#235 = CARTESIAN_POINT ( 'NONE',  ( -1.584999999999996600, 0.9550000000000048500, 0.4999999999999982800 ) ) ;
#236 = CARTESIAN_POINT ( 'NONE',  ( 4.579999999999986700, 2.540000000000000000, 1.400000000000000100 ) ) ;
#237 = VERTEX_POINT ( 'NONE', #2858 ) ;
#238 = VECTOR ( 'NONE', #5524, 1000.000000000000000 ) ;
#239 = EDGE_CURVE ( 'NONE', #3731, #5581, #3024, .T. ) ;
#240 = CARTESIAN_POINT ( 'NONE',  ( -1.584999999999996600, 0.7700000000000006800, -0.3150000000000034400 ) ) ;
#241 = VERTEX_POINT ( 'NONE', #4114 ) ;
#242 = EDGE_CURVE ( 'NONE', #47, #383, #2029, .T. ) ;
#243 = DIRECTION ( 'NONE',  ( -0.0000000000000000000, 1.000000000000000000, 1.517583580067741800E-016 ) ) ;
#244 = VERTEX_POINT ( 'NONE', #1573 ) ;
#245 = CARTESIAN_POINT ( 'NONE',  ( 1.585000000000002200, 1.585000000000008800, 4.000000000000000000 ) ) ;
#246 = ORIENTED_EDGE ( 'NONE', *, *, #2968, .T. ) ;
#247 = EDGE_CURVE ( 'NONE', #4581, #3343, #1885, .T. ) ;
#248 = UNCERTAINTY_MEASURE_WITH_UNIT (LENGTH_MEASURE( 1.000000000000000100E-005 ), #2533, 'distance_accuracy_value', 'NONE');
#249 = CARTESIAN_POINT ( 'NONE',  ( -1.584999999999996600, 1.585000000000008800, 4.000000000000000000 ) ) ;
#250 = VERTEX_POINT ( 'NONE', #3715 ) ;
#251 =( GEOMETRIC_REPRESENTATION_CONTEXT ( 3 ) GLOBAL_UNCERTAINTY_ASSIGNED_CONTEXT ( ( #1690 ) ) GLOBAL_UNIT_ASSIGNED_CONTEXT ( ( #1907, #4780, #2649 ) ) REPRESENTATION_CONTEXT ( 'NONE', 'WORKASPACE' ) );
#252 = DIRECTION ( 'NONE',  ( 1.000000000000000000, 0.0000000000000000000, -0.0000000000000000000 ) ) ;
#253 = EDGE_LOOP ( 'NONE', ( #5141, #246, #3704, #4907 ) ) ;
#254 = DIRECTION ( 'NONE',  ( -1.000000000000000000, 0.0000000000000000000, 0.0000000000000000000 ) ) ;
#255 = AXIS2_PLACEMENT_3D ( 'NONE', #4370, #3146, #4787 ) ;
#256 = CARTESIAN_POINT ( 'NONE',  ( 0.4000000000000110100, 0.5009999999999866800, 1.400000000000000100 ) ) ;
#257 = LINE ( 'NONE', #5134, #395 ) ;
#258 = ORIENTED_EDGE ( 'NONE', *, *, #2812, .F. ) ;
#259 = EDGE_LOOP ( 'NONE', ( #2654, #4051, #3200, #1736 ) ) ;
#260 = DIRECTION ( 'NONE',  ( 0.7071067811865469100, 0.7071067811865482400, -0.0000000000000000000 ) ) ;
#261 = AXIS2_PLACEMENT_3D ( 'NONE', #2141, #5124, #2576 ) ;
#262 = LINE ( 'NONE', #4431, #797 ) ;
#263 =( LENGTH_UNIT ( ) NAMED_UNIT ( * ) SI_UNIT ( .MILLI., .METRE. ) );
#264 = ORIENTED_EDGE ( 'NONE', *, *, #5492, .F. ) ;
#265 = DIRECTION ( 'NONE',  ( 0.0000000000000000000, 0.0000000000000000000, -1.000000000000000000 ) ) ;
#266 = EDGE_LOOP ( 'NONE', ( #927, #2660, #916, #2783, #4809, #2869 ) ) ;
#267 = VECTOR ( 'NONE', #3492, 1000.000000000000000 ) ;
#268 = EDGE_CURVE ( 'NONE', #5245, #4240, #3441, .T. ) ;
#269 = DIRECTION ( 'NONE',  ( 1.000000000000000000, -0.0000000000000000000, 0.0000000000000000000 ) ) ;
#270 = MECHANICAL_DESIGN_GEOMETRIC_PRESENTATION_REPRESENTATION (  '', ( #2436 ), #1530 ) ;
#271 = PLANE ( 'NONE',  #1952 ) ;
#272 =( NAMED_UNIT ( * ) PLANE_ANGLE_UNIT ( ) SI_UNIT ( $, .RADIAN. ) );
#273 = VECTOR ( 'NONE', #3278, 1000.000000000000100 ) ;
#274 = CARTESIAN_POINT ( 'NONE',  ( -5.080000000000015200, 2.540000000000000000, 1.400000000000000100 ) ) ;
#275 = LINE ( 'NONE', #4352, #63 ) ;
#276 = ADVANCED_FACE ( 'NONE', ( #1559 ), #4566, .T. ) ;
#277 = PLANE ( 'NONE',  #1313 ) ;
#278 = VECTOR ( 'NONE', #5325, 1000.000000000000000 ) ;
#279 = DIRECTION ( 'NONE',  ( 0.9659258262890689800, 0.0000000000000000000, -0.2588190451025183500 ) ) ;
#280 = LINE ( 'NONE', #3700, #619 ) ;
#281 = EDGE_CURVE ( 'NONE', #3563, #3037, #3168, .T. ) ;
#282 = CARTESIAN_POINT ( 'NONE',  ( 1.584999999999995300, 0.9550000000000048500, 0.5000000000000004400 ) ) ;
#283 = LINE ( 'NONE', #1511, #4709 ) ;
#284 = STYLED_ITEM ( 'NONE', ( #4293 ), #2049 ) ;
#285 = CARTESIAN_POINT ( 'NONE',  ( -1.584999999999996600, 0.9550000000000048500, 0.5000000000000004400 ) ) ;
#286 = LINE ( 'NONE', #3543, #3720 ) ;
#287 = DIRECTION ( 'NONE',  ( -0.0000000000000000000, 0.0000000000000000000, -1.000000000000000000 ) ) ;
#288 = PLANE ( 'NONE',  #5520 ) ;
#289 = AXIS2_PLACEMENT_3D ( 'NONE', #2731, #4454, #4881 ) ;
#290 = ORIENTED_EDGE ( 'NONE', *, *, #4185, .T. ) ;
#291 = VERTEX_POINT ( 'NONE', #3322 ) ;
#292 = LINE ( 'NONE', #2901, #1307 ) ;
#293 = CARTESIAN_POINT ( 'NONE',  ( -3.494999999999998300, 0.7700000000000011300, -0.3150000000000034400 ) ) ;
#294 = CARTESIAN_POINT ( 'NONE',  ( 4.017820323027550900, -4.999999999999998200, -0.2078203230275552600 ) ) ;
#295 = SURFACE_SIDE_STYLE ('',( #5162 ) ) ;
#296 = VECTOR ( 'NONE', #3885, 1000.000000000000000 ) ;
#297 = DIRECTION ( 'NONE',  ( 0.7071067811865572300, 0.7071067811865379100, 0.0000000000000000000 ) ) ;
#298 = ORIENTED_EDGE ( 'NONE', *, *, #1228, .F. ) ;
#299 = CARTESIAN_POINT ( 'NONE',  ( 4.124999999999994700, 0.9550000000000102900, 4.000000000000000000 ) ) ;
#300 = VECTOR ( 'NONE', #2855, 1000.000000000000000 ) ;
#301 = DIRECTION ( 'NONE',  ( 1.000000000000000000, -0.0000000000000000000, -0.0000000000000000000 ) ) ;
#302 = CLOSED_SHELL ( 'NONE', ( #30, #2720, #1158, #7, #5460, #908, #855, #2453, #3001, #4308, #806, #4737, #776, #3952, #4680, #2590, #3027, #1652, #5304, #3547, #5240, #5183 ) ) ;
#303 = SURFACE_STYLE_FILL_AREA ( #1455 ) ;
#304 = ADVANCED_FACE ( 'NONE', ( #2295 ), #313, .F. ) ;
#305 = EDGE_CURVE ( 'NONE', #241, #5332, #873, .T. ) ;
#306 = AXIS2_PLACEMENT_3D ( 'NONE', #351, #689, #3693 ) ;
#307 = FILL_AREA_STYLE_COLOUR ( '', #758 ) ;
#308 = DIRECTION ( 'NONE',  ( -0.0000000000000000000, 1.000000000000000000, 0.0000000000000000000 ) ) ;
#309 = ORIENTED_EDGE ( 'NONE', *, *, #5205, .F. ) ;
#310 = LINE ( 'NONE', #5303, #2329 ) ;
#311 = LINE ( 'NONE', #5596, #1387 ) ;
#312 = CARTESIAN_POINT ( 'NONE',  ( 0.9550000000000036200, 0.9550000000000102900, 1.400000000000000100 ) ) ;
#313 = PLANE ( 'NONE',  #4136 ) ;
#314 = CARTESIAN_POINT ( 'NONE',  ( -3.039999999999987200, 2.540000000000000000, 1.400000000000000100 ) ) ;
#315 = ORIENTED_EDGE ( 'NONE', *, *, #1353, .F. ) ;
#316 = ORIENTED_EDGE ( 'NONE', *, *, #5557, .T. ) ;
#317 = COLOUR_RGB ( '',1.000000000000000000, 0.8117647058823529400, 0.5019607843137254800 ) ;
#318 = EDGE_CURVE ( 'NONE', #333, #5017, #5449, .T. ) ;
#319 = CARTESIAN_POINT ( 'NONE',  ( -3.039999999999987200, 2.540000000000000000, 4.000000000000000000 ) ) ;
#320 = CARTESIAN_POINT ( 'NONE',  ( -3.039999999999987200, 0.0000000000000000000, 1.400000000000000100 ) ) ;
#321 = VERTEX_POINT ( 'NONE', #1076 ) ;
#322 = PLANE ( 'NONE',  #2165 ) ;
#323 = ORIENTED_EDGE ( 'NONE', *, *, #4681, .F. ) ;
#324 = CARTESIAN_POINT ( 'NONE',  ( -5.080000000000015200, 2.540000000000000000, 4.000000000000000000 ) ) ;
#325 = VERTEX_POINT ( 'NONE', #1165 ) ;
#326 = UNCERTAINTY_MEASURE_WITH_UNIT (LENGTH_MEASURE( 1.000000000000000100E-005 ), #1506, 'distance_accuracy_value', 'NONE');
#327 = CARTESIAN_POINT ( 'NONE',  ( 1.477820323027546800, -4.999999999999999100, 0.2078203230275440000 ) ) ;
#328 = ORIENTED_EDGE ( 'NONE', *, *, #58, .F. ) ;
#329 = CARTESIAN_POINT ( 'NONE',  ( 3.040000000000000000, 2.606599254992157300E-016, 2.450000000000000200 ) ) ;
#330 = VECTOR ( 'NONE', #4710, 1000.000000000000000 ) ;
#331 = DIRECTION ( 'NONE',  ( -1.101411730778927600E-014, -1.000000000000000000, 0.0000000000000000000 ) ) ;
#332 = ADVANCED_FACE ( 'NONE', ( #2898 ), #4930, .T. ) ;
#333 = VERTEX_POINT ( 'NONE', #4072 ) ;
#334 =( GEOMETRIC_REPRESENTATION_CONTEXT ( 3 ) GLOBAL_UNCERTAINTY_ASSIGNED_CONTEXT ( ( #4705 ) ) GLOBAL_UNIT_ASSIGNED_CONTEXT ( ( #2877, #272, #1532 ) ) REPRESENTATION_CONTEXT ( 'NONE', 'WORKASPACE' ) );
#335 = LINE ( 'NONE', #4611, #5088 ) ;
#336 = ORIENTED_EDGE ( 'NONE', *, *, #4004, .T. ) ;
#337 = CARTESIAN_POINT ( 'NONE',  ( -3.494999999999998300, 0.7700000000000006800, -0.3150000000000034400 ) ) ;
#338 = STYLED_ITEM ( 'NONE', ( #1976 ), #5070 ) ;
#339 = ORIENTED_EDGE ( 'NONE', *, *, #5152, .T. ) ;
#340 = LINE ( 'NONE', #282, #5585 ) ;
#341 = ORIENTED_EDGE ( 'NONE', *, *, #3320, .F. ) ;
#342 = CARTESIAN_POINT ( 'NONE',  ( -0.9550000000000048500, 0.9550000000000048500, 8.599999999999996100 ) ) ;
#343 = MECHANICAL_DESIGN_GEOMETRIC_PRESENTATION_REPRESENTATION (  '', ( #2466 ), #1131 ) ;
#344 = ORIENTED_EDGE ( 'NONE', *, *, #2821, .F. ) ;
#345 = CARTESIAN_POINT ( 'NONE',  ( -1.584999999999996600, 1.585000000000008800, 1.400000000000000100 ) ) ;
#346 = LINE ( 'NONE', #1499, #4961 ) ;
#347 = LINE ( 'NONE', #705, #1011 ) ;
#348 = CARTESIAN_POINT ( 'NONE',  ( 4.125000000000001800, 1.585000000000016000, 8.599999999999996100 ) ) ;
#349 = EDGE_CURVE ( 'NONE', #3619, #2686, #139, .T. ) ;
#350 = CARTESIAN_POINT ( 'NONE',  ( 0.9550000000000036200, -4.999999999999998200, -0.3150000000000042800 ) ) ;
#351 = CARTESIAN_POINT ( 'NONE',  ( -4.124999999999996400, 0.9550000000000102900, 1.400000000000000100 ) ) ;
#352 = DIRECTION ( 'NONE',  ( 0.0000000000000000000, 1.000000000000000000, -1.530638361156006100E-015 ) ) ;
#353 = VECTOR ( 'NONE', #5589, 1000.000000000000000 ) ;
#354 = FACE_OUTER_BOUND ( 'NONE', #5194, .T. ) ;
#355 = LINE ( 'NONE', #4365, #477 ) ;
#356 =( NAMED_UNIT ( * ) PLANE_ANGLE_UNIT ( ) SI_UNIT ( $, .RADIAN. ) );
#357 = COLOUR_RGB ( '',1.000000000000000000, 0.8117647058823529400, 0.5019607843137254800 ) ;
#358 = PLANE ( 'NONE',  #2273 ) ;
#359 = EDGE_CURVE ( 'NONE', #1178, #1762, #3314, .T. ) ;
#360 = COLOUR_RGB ( '',1.000000000000000000, 0.8117647058823529400, 0.5019607843137254800 ) ;
#361 = LINE ( 'NONE', #2703, #2510 ) ;
#362 = EDGE_CURVE ( 'NONE', #3506, #5297, #1628, .T. ) ;
#363 = DIRECTION ( 'NONE',  ( 0.0000000000000000000, -1.682396719162780200E-015, 1.000000000000000000 ) ) ;
#364 = ADVANCED_FACE ( 'NONE', ( #4575 ), #4671, .F. ) ;
#365 = ORIENTED_EDGE ( 'NONE', *, *, #2915, .T. ) ;
#366 = VECTOR ( 'NONE', #1644, 1000.000000000000000 ) ;
#367 = AXIS2_PLACEMENT_3D ( 'NONE', #4573, #1595, #2451 ) ;
#368 = DIRECTION ( 'NONE',  ( 0.0000000000000000000, -1.000000000000000000, 0.0000000000000000000 ) ) ;
#369 = PLANE ( 'NONE',  #698 ) ;
#370 = LINE ( 'NONE', #1918, #964 ) ;
#371 = CARTESIAN_POINT ( 'NONE',  ( 2.940000000000011900, 2.038999999999999700, 1.900000000000000100 ) ) ;
#372 = ORIENTED_EDGE ( 'NONE', *, *, #58, .T. ) ;
#373 = PRESENTATION_STYLE_ASSIGNMENT (( #5336 ) ) ;
#374 = CARTESIAN_POINT ( 'NONE',  ( -0.4999999999999870100, 0.0000000000000000000, 4.000000000000000000 ) ) ;
#375 = SURFACE_STYLE_USAGE ( .BOTH. , #4243 ) ;
#376 = PRESENTATION_LAYER_ASSIGNMENT (  '', '', ( #3365 ) ) ;
#377 =( NAMED_UNIT ( * ) PLANE_ANGLE_UNIT ( ) SI_UNIT ( $, .RADIAN. ) );
#378 = ORIENTED_EDGE ( 'NONE', *, *, #5071, .F. ) ;
#379 = EDGE_CURVE ( 'NONE', #4108, #1149, #2162, .T. ) ;
#380 = STYLED_ITEM ( 'NONE', ( #3306 ), #3952 ) ;
#381 = CARTESIAN_POINT ( 'NONE',  ( 1.584999999999995300, 0.9550000000000048500, 8.599999999999996100 ) ) ;
#382 = DIRECTION ( 'NONE',  ( -0.0000000000000000000, 1.000000000000000000, 1.517583580067741800E-016 ) ) ;
#383 = VERTEX_POINT ( 'NONE', #2956 ) ;
#384 = CARTESIAN_POINT ( 'NONE',  ( 1.062179676972452700, -4.999999999999999100, 0.2078203230275440000 ) ) ;
#385 = DIRECTION ( 'NONE',  ( 0.0000000000000000000, -1.000000000000000000, -1.409885789968134100E-016 ) ) ;
#386 = DIRECTION ( 'NONE',  ( 0.0000000000000000000, 0.0000000000000000000, 1.000000000000000000 ) ) ;
#387 = ORIENTED_EDGE ( 'NONE', *, *, #4489, .T. ) ;
#388 = ADVANCED_FACE ( 'NONE', ( #5597 ), #1646, .F. ) ;
#389 = EDGE_LOOP ( 'NONE', ( #5276, #5151, #3207, #3093 ) ) ;
#390 = AXIS2_PLACEMENT_3D ( 'NONE', #4496, #1923, #216 ) ;
#391 = STYLED_ITEM ( 'NONE', ( #3706 ), #2074 ) ;
#392 = ORIENTED_EDGE ( 'NONE', *, *, #164, .T. ) ;
#393 = CARTESIAN_POINT ( 'NONE',  ( -0.9550000000000048500, 0.7700000000000000200, 0.5000000000000000000 ) ) ;
#394 = VERTEX_POINT ( 'NONE', #1661 ) ;
#395 = VECTOR ( 'NONE', #3081, 1000.000000000000000 ) ;
#396 = CARTESIAN_POINT ( 'NONE',  ( -1.584999999999996600, -4.599999999999992500, -0.3150000000000036700 ) ) ;
#397 = VERTEX_POINT ( 'NONE', #1253 ) ;
#398 = ORIENTED_EDGE ( 'NONE', *, *, #1063, .T. ) ;
#399 = PLANE ( 'NONE',  #1802 ) ;
#400 = COLOUR_RGB ( '',0.2509803921568627400, 0.2509803921568627400, 0.2509803921568627400 ) ;
#401 =( NAMED_UNIT ( * ) SI_UNIT ( $, .STERADIAN. ) SOLID_ANGLE_UNIT ( ) );
#402 = EDGE_LOOP ( 'NONE', ( #1706, #100, #3554, #2801, #525, #2119 ) ) ;
#403 = ORIENTED_EDGE ( 'NONE', *, *, #4059, .F. ) ;
#404 = DIRECTION ( 'NONE',  ( 1.000000000000000000, 0.0000000000000000000, 0.0000000000000000000 ) ) ;
#405 = STYLED_ITEM ( 'NONE', ( #542 ), #776 ) ;
#406 = DIRECTION ( 'NONE',  ( -1.000000000000000000, -0.0000000000000000000, 0.0000000000000000000 ) ) ;
#407 = COLOUR_RGB ( '',1.000000000000000000, 0.8117647058823529400, 0.5019607843137254800 ) ;
#408 = FACE_OUTER_BOUND ( 'NONE', #4886, .T. ) ;
#409 = EDGE_CURVE ( 'NONE', #761, #3749, #2632, .T. ) ;
#410 =( NAMED_UNIT ( * ) PLANE_ANGLE_UNIT ( ) SI_UNIT ( $, .RADIAN. ) );
#411 = ORIENTED_EDGE ( 'NONE', *, *, #242, .T. ) ;
#412 = DIRECTION ( 'NONE',  ( 0.0000000000000000000, -0.0000000000000000000, 1.000000000000000000 ) ) ;
#413 = MECHANICAL_DESIGN_GEOMETRIC_PRESENTATION_REPRESENTATION (  '', ( #1389 ), #770 ) ;
#414 = VECTOR ( 'NONE', #719, 1000.000000000000100 ) ;
#415 = VECTOR ( 'NONE', #3268, 1000.000000000000000 ) ;
#416 = CARTESIAN_POINT ( 'NONE',  ( -1.584999999999996600, 1.585000000000016000, 8.599999999999996100 ) ) ;
#417 = ADVANCED_FACE ( 'NONE', ( #3907 ), #369, .F. ) ;
#418 = EDGE_CURVE ( 'NONE', #3217, #1580, #3447, .T. ) ;
#419 = CARTESIAN_POINT ( 'NONE',  ( 2.540000000000013800, 0.5000000000000004400, 2.450000000000000200 ) ) ;
#420 = PLANE ( 'NONE',  #2319 ) ;
#421 = ORIENTED_EDGE ( 'NONE', *, *, #3162, .T. ) ;
#422 = DIRECTION ( 'NONE',  ( 1.000000000000000000, 0.0000000000000000000, -0.0000000000000000000 ) ) ;
#423 = ORIENTED_EDGE ( 'NONE', *, *, #2470, .F. ) ;
#424 = LINE ( 'NONE', #1184, #4845 ) ;
#425 = PLANE ( 'NONE',  #541 ) ;
#426 = CARTESIAN_POINT ( 'NONE',  ( 2.040000000000012500, 2.540000000000000000, 4.000000000000000000 ) ) ;
#427 = VERTEX_POINT ( 'NONE', #5024 ) ;
#428 = CARTESIAN_POINT ( 'NONE',  ( 4.125000000000001800, 1.585000000000016000, 8.599999999999996100 ) ) ;
#429 = PRESENTATION_STYLE_ASSIGNMENT (( #2459 ) ) ;
#430 = DIRECTION ( 'NONE',  ( 0.0000000000000000000, 0.0000000000000000000, 1.000000000000000000 ) ) ;
#431 = DIRECTION ( 'NONE',  ( -1.000000000000000000, 0.0000000000000000000, 0.0000000000000000000 ) ) ;
#432 = ORIENTED_EDGE ( 'NONE', *, *, #1247, .F. ) ;
#433 = COLOUR_RGB ( '',1.000000000000000000, 0.8117647058823529400, 0.5019607843137254800 ) ;
#434 =( GEOMETRIC_REPRESENTATION_CONTEXT ( 3 ) GLOBAL_UNCERTAINTY_ASSIGNED_CONTEXT ( ( #602 ) ) GLOBAL_UNIT_ASSIGNED_CONTEXT ( ( #2370, #2846, #2389 ) ) REPRESENTATION_CONTEXT ( 'NONE', 'WORKASPACE' ) );
#435 = DIRECTION ( 'NONE',  ( -0.0000000000000000000, -0.0000000000000000000, 1.000000000000000000 ) ) ;
#436 = DIRECTION ( 'NONE',  ( -1.000000000000000000, -0.0000000000000000000, -0.0000000000000000000 ) ) ;
#437 = PRESENTATION_LAYER_ASSIGNMENT (  '', '', ( #338 ) ) ;
#438 = DIRECTION ( 'NONE',  ( 1.000000000000000000, 0.0000000000000000000, -0.0000000000000000000 ) ) ;
#439 = ADVANCED_FACE ( 'NONE', ( #1016 ), #1608, .T. ) ;
#440 = EDGE_LOOP ( 'NONE', ( #5008, #5222, #5479, #4612, #1583, #5204 ) ) ;
#441 = STYLED_ITEM ( 'NONE', ( #3491 ), #3228 ) ;
#442 = DIRECTION ( 'NONE',  ( -0.7071067811865482400, -0.7071067811865469100, 0.0000000000000000000 ) ) ;
#443 = VERTEX_POINT ( 'NONE', #5044 ) ;
#444 = VECTOR ( 'NONE', #3665, 1000.000000000000000 ) ;
#445 = DIRECTION ( 'NONE',  ( -0.0000000000000000000, 0.0000000000000000000, -1.000000000000000000 ) ) ;
#446 = DIRECTION ( 'NONE',  ( 1.101411730778927800E-014, 1.000000000000000000, 1.409885789968134100E-016 ) ) ;
#447 = UNCERTAINTY_MEASURE_WITH_UNIT (LENGTH_MEASURE( 1.000000000000000100E-005 ), #1818, 'distance_accuracy_value', 'NONE');
#448 = EDGE_CURVE ( 'NONE', #4503, #5199, #1562, .T. ) ;
#449 = ORIENTED_EDGE ( 'NONE', *, *, #3131, .F. ) ;
#450 = ORIENTED_EDGE ( 'NONE', *, *, #2176, .T. ) ;
#451 = CARTESIAN_POINT ( 'NONE',  ( -0.4999999999999870100, 2.540000000000000000, 1.400000000000000100 ) ) ;
#452 = DIRECTION ( 'NONE',  ( 1.101411730778927600E-014, 1.000000000000000000, 0.0000000000000000000 ) ) ;
#453 = ORIENTED_EDGE ( 'NONE', *, *, #1219, .F. ) ;
#454 = LINE ( 'NONE', #5473, #4015 ) ;
#455 = EDGE_CURVE ( 'NONE', #984, #4754, #551, .T. ) ;
#456 =( LENGTH_UNIT ( ) NAMED_UNIT ( * ) SI_UNIT ( .MILLI., .METRE. ) );
#457 = EDGE_CURVE ( 'NONE', #5283, #2865, #1299, .T. ) ;
#458 = DIRECTION ( 'NONE',  ( 0.0000000000000000000, 0.0000000000000000000, 1.000000000000000000 ) ) ;
#459 = ORIENTED_EDGE ( 'NONE', *, *, #2779, .F. ) ;
#460 = CARTESIAN_POINT ( 'NONE',  ( -4.124999999999996400, 1.585000000000003500, 0.5000000000000004400 ) ) ;
#461 = ORIENTED_EDGE ( 'NONE', *, *, #2525, .T. ) ;
#462 = EDGE_LOOP ( 'NONE', ( #4009, #2971, #4761, #1255 ) ) ;
#463 = VERTEX_POINT ( 'NONE', #4638 ) ;
#464 = LINE ( 'NONE', #1588, #4755 ) ;
#465 = PLANE ( 'NONE',  #1024 ) ;
#466 = ADVANCED_FACE ( 'NONE', ( #4440 ), #1626, .T. ) ;
#467 = EDGE_LOOP ( 'NONE', ( #557, #3454, #3209, #717 ) ) ;
#468 = FACE_OUTER_BOUND ( 'NONE', #109, .T. ) ;
#469 = FACE_OUTER_BOUND ( 'NONE', #3245, .T. ) ;
#470 = VECTOR ( 'NONE', #1015, 1000.000000000000000 ) ;
#471 = PRESENTATION_LAYER_ASSIGNMENT (  '', '', ( #4103 ) ) ;
#472 = CARTESIAN_POINT ( 'NONE',  ( 1.477820323027547300, 1.062179676972466500, 9.000000000000001800 ) ) ;
#473 = DIRECTION ( 'NONE',  ( 1.000000000000000000, 0.0000000000000000000, 0.0000000000000000000 ) ) ;
#474 = EDGE_LOOP ( 'NONE', ( #860, #723, #3085, #4482 ) ) ;
#475 = DIRECTION ( 'NONE',  ( -0.0000000000000000000, -0.0000000000000000000, 1.000000000000000000 ) ) ;
#476 = VECTOR ( 'NONE', #792, 1000.000000000000000 ) ;
#477 = VECTOR ( 'NONE', #1369, 1000.000000000000000 ) ;
#478 = EDGE_CURVE ( 'NONE', #5500, #145, #2574, .T. ) ;
#479 = CARTESIAN_POINT ( 'NONE',  ( 0.4000000000000110100, 2.540000000000000000, 1.400000000000000100 ) ) ;
#480 = FACE_OUTER_BOUND ( 'NONE', #4027, .T. ) ;
#481 = DIRECTION ( 'NONE',  ( 0.0000000000000000000, -1.409885789968134100E-016, 1.000000000000000000 ) ) ;
#482 = VERTEX_POINT ( 'NONE', #2527 ) ;
#483 = CARTESIAN_POINT ( 'NONE',  ( -4.124999999999996400, -4.599999999999992500, 0.3149999999999944000 ) ) ;
#484 =( LENGTH_UNIT ( ) NAMED_UNIT ( * ) SI_UNIT ( .MILLI., .METRE. ) );
#485 = EDGE_CURVE ( 'NONE', #884, #3115, #4707, .T. ) ;
#486 = CARTESIAN_POINT ( 'NONE',  ( -5.080000000000015200, 2.540000000000000000, 1.400000000000000100 ) ) ;
#487 = ADVANCED_FACE ( 'NONE', ( #691 ), #2196, .F. ) ;
#488 = UNCERTAINTY_MEASURE_WITH_UNIT (LENGTH_MEASURE( 1.000000000000000100E-005 ), #824, 'distance_accuracy_value', 'NONE');
#489 = DIRECTION ( 'NONE',  ( -1.000000000000000000, -0.0000000000000000000, -0.0000000000000000000 ) ) ;
#490 = DIRECTION ( 'NONE',  ( -0.0000000000000000000, 1.000000000000000000, 1.517583580067741800E-016 ) ) ;
#491 = PLANE ( 'NONE',  #4032 ) ;
#492 = CARTESIAN_POINT ( 'NONE',  ( -0.9549999999999979600, 1.585000000000008600, 0.4999999999999982800 ) ) ;
#493 = ORIENTED_EDGE ( 'NONE', *, *, #1081, .T. ) ;
#494 = PRESENTATION_STYLE_ASSIGNMENT (( #1771 ) ) ;
#495 = EDGE_CURVE ( 'NONE', #3341, #5508, #4233, .T. ) ;
#496 = SURFACE_STYLE_USAGE ( .BOTH. , #604 ) ;
#497 = DIRECTION ( 'NONE',  ( -0.0000000000000000000, -0.0000000000000000000, 1.000000000000000000 ) ) ;
#498 = VERTEX_POINT ( 'NONE', #3007 ) ;
#499 = COLOUR_RGB ( '',1.000000000000000000, 0.8117647058823529400, 0.5019607843137254800 ) ;
#500 = AXIS2_PLACEMENT_3D ( 'NONE', #3465, #1309, #1710 ) ;
#501 = CARTESIAN_POINT ( 'NONE',  ( -1.477820323027547300, 1.062179676972466500, 9.000000000000001800 ) ) ;
#502 = CARTESIAN_POINT ( 'NONE',  ( -5.080000000000015200, 2.540000000000000000, 1.400000000000000100 ) ) ;
#503 = PRESENTATION_LAYER_ASSIGNMENT (  '', '', ( #3261 ) ) ;
#504 = DIRECTION ( 'NONE',  ( 0.0000000000000000000, 0.0000000000000000000, 1.000000000000000000 ) ) ;
#505 = ORIENTED_EDGE ( 'NONE', *, *, #418, .F. ) ;
#506 = EDGE_CURVE ( 'NONE', #729, #3360, #3176, .T. ) ;
#507 = CARTESIAN_POINT ( 'NONE',  ( 0.0000000000000000000, 1.477820323027566600, 9.000000000000001800 ) ) ;
#508 = AXIS2_PLACEMENT_3D ( 'NONE', #4034, #3992, #5407 ) ;
#509 = DIRECTION ( 'NONE',  ( 1.000000000000000000, 0.0000000000000000000, 0.0000000000000000000 ) ) ;
#510 = ORIENTED_EDGE ( 'NONE', *, *, #750, .T. ) ;
#511 =( NAMED_UNIT ( * ) PLANE_ANGLE_UNIT ( ) SI_UNIT ( $, .RADIAN. ) );
#512 = ORIENTED_EDGE ( 'NONE', *, *, #4292, .T. ) ;
#513 = DIRECTION ( 'NONE',  ( -1.000000000000000000, 0.0000000000000000000, 0.0000000000000000000 ) ) ;
#514 = DIRECTION ( 'NONE',  ( 1.000000000000000000, 0.0000000000000000000, 0.0000000000000000000 ) ) ;
#515 = ADVANCED_FACE ( 'NONE', ( #4038 ), #1768, .F. ) ;
#516 = EDGE_CURVE ( 'NONE', #1194, #4877, #1961, .T. ) ;
#517 = ORIENTED_EDGE ( 'NONE', *, *, #5217, .T. ) ;
#518 =( GEOMETRIC_REPRESENTATION_CONTEXT ( 3 ) GLOBAL_UNCERTAINTY_ASSIGNED_CONTEXT ( ( #2253 ) ) GLOBAL_UNIT_ASSIGNED_CONTEXT ( ( #4517, #1170, #5356 ) ) REPRESENTATION_CONTEXT ( 'NONE', 'WORKASPACE' ) );
#519 = ORIENTED_EDGE ( 'NONE', *, *, #2587, .F. ) ;
#520 = VECTOR ( 'NONE', #4929, 1000.000000000000000 ) ;
#521 = VECTOR ( 'NONE', #5547, 1000.000000000000000 ) ;
#522 =( LENGTH_UNIT ( ) NAMED_UNIT ( * ) SI_UNIT ( .MILLI., .METRE. ) );
#523 = EDGE_LOOP ( 'NONE', ( #5439, #1675, #2691, #123, #1337, #505 ) ) ;
#524 = DIRECTION ( 'NONE',  ( -0.2505628070857293700, 0.2505628070857293700, -0.9351131265310305100 ) ) ;
#525 = ORIENTED_EDGE ( 'NONE', *, *, #780, .F. ) ;
#526 = CARTESIAN_POINT ( 'NONE',  ( -0.9550000000000048500, 0.9550000000000048500, 0.4999999999999982800 ) ) ;
#527 = EDGE_CURVE ( 'NONE', #2735, #4679, #5103, .T. ) ;
#528 = CARTESIAN_POINT ( 'NONE',  ( -1.584999999999996600, 0.9550000000000102900, 1.400000000000000100 ) ) ;
#529 = VERTEX_POINT ( 'NONE', #4363 ) ;
#530 = FILL_AREA_STYLE_COLOUR ( '', #2947 ) ;
#531 = ORIENTED_EDGE ( 'NONE', *, *, #3150, .T. ) ;
#532 = DIRECTION ( 'NONE',  ( 0.0000000000000000000, -1.000000000000000000, 0.0000000000000000000 ) ) ;
#533 = EDGE_CURVE ( 'NONE', #397, #3868, #2830, .T. ) ;
#534 = CARTESIAN_POINT ( 'NONE',  ( -2.040000000000000000, 2.606599254992157300E-016, 2.450000000000000200 ) ) ;
#535 = PRESENTATION_STYLE_ASSIGNMENT (( #3727 ) ) ;
#536 = DIRECTION ( 'NONE',  ( 0.0000000000000000000, 0.0000000000000000000, 1.000000000000000000 ) ) ;
#537 = CARTESIAN_POINT ( 'NONE',  ( 1.344410693882025500E-014, 0.5000000000000004400, 1.400000000000000100 ) ) ;
#538 = LINE ( 'NONE', #3117, #1291 ) ;
#539 = AXIS2_PLACEMENT_3D ( 'NONE', #3923, #2349, #3503 ) ;
#540 = ORIENTED_EDGE ( 'NONE', *, *, #5370, .T. ) ;
#541 = AXIS2_PLACEMENT_3D ( 'NONE', #4693, #3048, #3413 ) ;
#542 = PRESENTATION_STYLE_ASSIGNMENT (( #3195 ) ) ;
#543 = LINE ( 'NONE', #2427, #415 ) ;
#544 = DIRECTION ( 'NONE',  ( 0.0000000000000000000, 0.0000000000000000000, 1.000000000000000000 ) ) ;
#545 = LINE ( 'NONE', #4652, #3171 ) ;
#546 = FILL_AREA_STYLE_COLOUR ( '', #4145 ) ;
#547 = DIRECTION ( 'NONE',  ( -0.7071067811865481300, -0.7071067811865469100, -0.0000000000000000000 ) ) ;
#548 = MANIFOLD_SOLID_BREP ( 'LPattern3[1]', #1002 ) ;
#549 = STYLED_ITEM ( 'NONE', ( #2154 ), #3027 ) ;
#550 = CARTESIAN_POINT ( 'NONE',  ( 2.940000000000011000, 2.439999999999997300, 1.400000000000000100 ) ) ;
#551 = LINE ( 'NONE', #2550, #2705 ) ;
#552 = LINE ( 'NONE', #1007, #1563 ) ;
#553 = VECTOR ( 'NONE', #2288, 1000.000000000000000 ) ;
#554 = DIRECTION ( 'NONE',  ( -0.0000000000000000000, 1.530638361156006100E-015, 1.000000000000000000 ) ) ;
#555 = FILL_AREA_STYLE ('',( #2659 ) ) ;
#556 = ORIENTED_EDGE ( 'NONE', *, *, #2657, .F. ) ;
#557 = ORIENTED_EDGE ( 'NONE', *, *, #919, .T. ) ;
#558 = EDGE_CURVE ( 'NONE', #1449, #1273, #2226, .T. ) ;
#559 = CARTESIAN_POINT ( 'NONE',  ( 3.495000000000003200, -4.599999999999992500, 0.3149999999999944000 ) ) ;
#560 = CARTESIAN_POINT ( 'NONE',  ( 4.125000000000001800, 1.585000000000003500, 0.4999999999999982800 ) ) ;
#561 = PRESENTATION_LAYER_ASSIGNMENT (  '', '', ( #4972 ) ) ;
#562 = VECTOR ( 'NONE', #382, 1000.000000000000000 ) ;
#563 = CARTESIAN_POINT ( 'NONE',  ( 0.9550000000000036200, 1.585000000000003500, 0.4999999999999982800 ) ) ;
#564 = ORIENTED_EDGE ( 'NONE', *, *, #4636, .F. ) ;
#565 = VECTOR ( 'NONE', #1182, 1000.000000000000000 ) ;
#566 = PLANE ( 'NONE',  #4917 ) ;
#567 = CARTESIAN_POINT ( 'NONE',  ( -0.4999999999999870100, 0.0000000000000000000, 1.400000000000000100 ) ) ;
#568 = CARTESIAN_POINT ( 'NONE',  ( -3.039999999999987200, 0.0000000000000000000, 4.000000000000000000 ) ) ;
#569 = EDGE_CURVE ( 'NONE', #2191, #4304, #3308, .T. ) ;
#570 = ORIENTED_EDGE ( 'NONE', *, *, #5114, .T. ) ;
#571 =( GEOMETRIC_REPRESENTATION_CONTEXT ( 3 ) GLOBAL_UNCERTAINTY_ASSIGNED_CONTEXT ( ( #5487 ) ) GLOBAL_UNIT_ASSIGNED_CONTEXT ( ( #1072, #2777, #4560 ) ) REPRESENTATION_CONTEXT ( 'NONE', 'WORKASPACE' ) );
#572 = DIRECTION ( 'NONE',  ( 0.0000000000000000000, -0.0000000000000000000, -1.000000000000000000 ) ) ;
#573 = AXIS2_PLACEMENT_3D ( 'NONE', #1326, #941, #4323 ) ;
#574 = VERTEX_POINT ( 'NONE', #4384 ) ;
#575 = COLOUR_RGB ( '',1.000000000000000000, 0.8117647058823529400, 0.5019607843137254800 ) ;
#576 =( NAMED_UNIT ( * ) SI_UNIT ( $, .STERADIAN. ) SOLID_ANGLE_UNIT ( ) );
#577 = CARTESIAN_POINT ( 'NONE',  ( 1.584999999999995300, 0.9550000000000102900, 4.000000000000000000 ) ) ;
#578 = CARTESIAN_POINT ( 'NONE',  ( -5.080000000000015200, 0.5009999999999865700, 1.899999999999999900 ) ) ;
#579 = ADVANCED_FACE ( 'NONE', ( #2825 ), #2651, .T. ) ;
#580 = DIRECTION ( 'NONE',  ( 1.101411730778927600E-014, 1.000000000000000000, 0.0000000000000000000 ) ) ;
#581 = ORIENTED_EDGE ( 'NONE', *, *, #1247, .T. ) ;
#582 = FACE_OUTER_BOUND ( 'NONE', #2499, .T. ) ;
#583 = ORIENTED_EDGE ( 'NONE', *, *, #4952, .F. ) ;
#584 = DIRECTION ( 'NONE',  ( 0.7071067811865469100, -0.7071067811865482400, 0.0000000000000000000 ) ) ;
#585 = ORIENTED_EDGE ( 'NONE', *, *, #247, .F. ) ;
#586 = FILL_AREA_STYLE_COLOUR ( '', #66 ) ;
#587 = CARTESIAN_POINT ( 'NONE',  ( -1.584999999999996600, -4.999999999999999100, 0.3149999999999943400 ) ) ;
#588 = ORIENTED_EDGE ( 'NONE', *, *, #3320, .T. ) ;
#589 = EDGE_CURVE ( 'NONE', #5066, #47, #132, .T. ) ;
#590 = SURFACE_STYLE_USAGE ( .BOTH. , #226 ) ;
#591 = ORIENTED_EDGE ( 'NONE', *, *, #3825, .F. ) ;
#592 = MECHANICAL_DESIGN_GEOMETRIC_PRESENTATION_REPRESENTATION (  '', ( #4 ), #5486 ) ;
#593 = LINE ( 'NONE', #1121, #857 ) ;
#594 =( NAMED_UNIT ( * ) SI_UNIT ( $, .STERADIAN. ) SOLID_ANGLE_UNIT ( ) );
#595 = EDGE_LOOP ( 'NONE', ( #1407, #3652, #656, #4682 ) ) ;
#596 =( NAMED_UNIT ( * ) PLANE_ANGLE_UNIT ( ) SI_UNIT ( $, .RADIAN. ) );
#597 = FACE_OUTER_BOUND ( 'NONE', #5169, .T. ) ;
#598 = ORIENTED_EDGE ( 'NONE', *, *, #2339, .T. ) ;
#599 = ORIENTED_EDGE ( 'NONE', *, *, #1151, .F. ) ;
#600 = EDGE_CURVE ( 'NONE', #2805, #2561, #1085, .T. ) ;
#601 = VERTEX_POINT ( 'NONE', #1784 ) ;
#602 = UNCERTAINTY_MEASURE_WITH_UNIT (LENGTH_MEASURE( 1.000000000000000100E-005 ), #2370, 'distance_accuracy_value', 'NONE');
#603 = FACE_OUTER_BOUND ( 'NONE', #2991, .T. ) ;
#604 = SURFACE_SIDE_STYLE ('',( #4626 ) ) ;
#605 = LINE ( 'NONE', #1379, #4759 ) ;
#606 = ORIENTED_EDGE ( 'NONE', *, *, #362, .T. ) ;
#607 = CARTESIAN_POINT ( 'NONE',  ( -4.124999999999996400, 0.7700000000000000200, 0.5000000000000000000 ) ) ;
#608 = FACE_BOUND ( 'NONE', #4069, .T. ) ;
#609 = PLANE ( 'NONE',  #3478 ) ;
#610 = VECTOR ( 'NONE', #1842, 1000.000000000000100 ) ;
#611 = PLANE ( 'NONE',  #4462 ) ;
#612 = EDGE_CURVE ( 'NONE', #924, #2730, #2294, .T. ) ;
#613 = CARTESIAN_POINT ( 'NONE',  ( -1.584999999999996600, -4.999999999999999100, 0.2078203230275440000 ) ) ;
#614 = ORIENTED_EDGE ( 'NONE', *, *, #4624, .F. ) ;
#615 = UNCERTAINTY_MEASURE_WITH_UNIT (LENGTH_MEASURE( 1.000000000000000100E-005 ), #4562, 'distance_accuracy_value', 'NONE');
#616 = CARTESIAN_POINT ( 'NONE',  ( -1.062179676972452700, 1.062179676972466500, 9.000000000000001800 ) ) ;
#617 = CARTESIAN_POINT ( 'NONE',  ( 3.040000000000000900, 0.0000000000000000000, 1.400000000000000100 ) ) ;
#618 = VECTOR ( 'NONE', #3735, 1000.000000000000000 ) ;
#619 = VECTOR ( 'NONE', #4115, 1000.000000000000000 ) ;
#620 = COLOUR_RGB ( '',1.000000000000000000, 0.8117647058823529400, 0.5019607843137254800 ) ;
#621 = STYLED_ITEM ( 'NONE', ( #5399 ), #5127 ) ;
#622 = DIRECTION ( 'NONE',  ( -1.000000000000000000, 0.0000000000000000000, 0.0000000000000000000 ) ) ;
#623 = ORIENTED_EDGE ( 'NONE', *, *, #3713, .T. ) ;
#624 = PLANE ( 'NONE',  #667 ) ;
#625 =( NAMED_UNIT ( * ) PLANE_ANGLE_UNIT ( ) SI_UNIT ( $, .RADIAN. ) );
#626 = LINE ( 'NONE', #4303, #1439 ) ;
#627 = DIRECTION ( 'NONE',  ( 1.101411730778927800E-014, 1.000000000000000000, 0.0000000000000000000 ) ) ;
#628 = VERTEX_POINT ( 'NONE', #3526 ) ;
#629 =( NAMED_UNIT ( * ) SI_UNIT ( $, .STERADIAN. ) SOLID_ANGLE_UNIT ( ) );
#630 = EDGE_CURVE ( 'NONE', #5500, #3014, #2966, .T. ) ;
#631 = DIRECTION ( 'NONE',  ( 0.7071067811865482400, -0.7071067811865469100, 0.0000000000000000000 ) ) ;
#632 = AXIS2_PLACEMENT_3D ( 'NONE', #3133, #3174, #4473 ) ;
#633 = FILL_AREA_STYLE ('',( #3576 ) ) ;
#634 = CARTESIAN_POINT ( 'NONE',  ( 1.269999999999999400, 0.7700000000000000200, 0.5000000000000000000 ) ) ;
#635 = CIRCLE ( 'NONE', #4098, 0.8150000000000033900 ) ;
#636 = EDGE_CURVE ( 'NONE', #1342, #1201, #4640, .T. ) ;
#637 = EDGE_LOOP ( 'NONE', ( #3266, #3763, #2188, #5534 ) ) ;
#638 = LINE ( 'NONE', #3154, #1250 ) ;
#639 = VECTOR ( 'NONE', #1633, 999.9999999999998900 ) ;
#640 = DIRECTION ( 'NONE',  ( 1.000000000000000000, -1.101411730778927800E-014, 0.0000000000000000000 ) ) ;
#641 = CARTESIAN_POINT ( 'NONE',  ( 5.079999999999987600, 0.5000000000000004400, 4.000000000000000000 ) ) ;
#642 = DIRECTION ( 'NONE',  ( -0.0000000000000000000, -0.0000000000000000000, 1.000000000000000000 ) ) ;
#643 = ORIENTED_EDGE ( 'NONE', *, *, #4771, .F. ) ;
#644 = LINE ( 'NONE', #4702, #4189 ) ;
#645 = VECTOR ( 'NONE', #1512, 1000.000000000000000 ) ;
#646 =( LENGTH_UNIT ( ) NAMED_UNIT ( * ) SI_UNIT ( .MILLI., .METRE. ) );
#647 = SURFACE_SIDE_STYLE ('',( #5284 ) ) ;
#648 = STYLED_ITEM ( 'NONE', ( #75 ), #1599 ) ;
#649 = PLANE ( 'NONE',  #1596 ) ;
#650 = VERTEX_POINT ( 'NONE', #3544 ) ;
#651 = DIRECTION ( 'NONE',  ( -0.0000000000000000000, -0.0000000000000000000, 1.000000000000000000 ) ) ;
#652 = EDGE_LOOP ( 'NONE', ( #1343, #1892, #103, #309 ) ) ;
#653 = ORIENTED_EDGE ( 'NONE', *, *, #5405, .T. ) ;
#654 = DIRECTION ( 'NONE',  ( 0.7071067811865469100, -0.7071067811865482400, 0.0000000000000000000 ) ) ;
#655 = AXIS2_PLACEMENT_3D ( 'NONE', #1242, #775, #5459 ) ;
#656 = ORIENTED_EDGE ( 'NONE', *, *, #2853, .T. ) ;
#657 = DIRECTION ( 'NONE',  ( 0.0000000000000000000, 0.0000000000000000000, -1.000000000000000000 ) ) ;
#658 = SURFACE_SIDE_STYLE ('',( #4700 ) ) ;
#659 = DIRECTION ( 'NONE',  ( 1.000000000000000000, 0.0000000000000000000, 0.0000000000000000000 ) ) ;
#660 = ORIENTED_EDGE ( 'NONE', *, *, #5370, .F. ) ;
#661 = PRESENTATION_STYLE_ASSIGNMENT (( #1471 ) ) ;
#662 = CARTESIAN_POINT ( 'NONE',  ( 0.0000000000000000000, 0.0000000000000000000, 0.0000000000000000000 ) ) ;
#663 = ADVANCED_FACE ( 'NONE', ( #4290 ), #3124, .F. ) ;
#664 = LINE ( 'NONE', #859, #5357 ) ;
#665 = EDGE_CURVE ( 'NONE', #1508, #4066, #1361, .T. ) ;
#666 = ORIENTED_EDGE ( 'NONE', *, *, #4331, .F. ) ;
#667 = AXIS2_PLACEMENT_3D ( 'NONE', #5423, #640, #1501 ) ;
#668 = CARTESIAN_POINT ( 'NONE',  ( 2.940000000000011000, 2.540000000000000000, 1.400000000000000100 ) ) ;
#669 = ORIENTED_EDGE ( 'NONE', *, *, #3476, .F. ) ;
#670 = DIRECTION ( 'NONE',  ( 0.0000000000000000000, 1.000000000000000000, 0.0000000000000000000 ) ) ;
#671 = UNCERTAINTY_MEASURE_WITH_UNIT (LENGTH_MEASURE( 1.000000000000000100E-005 ), #2770, 'distance_accuracy_value', 'NONE');
#672 = CARTESIAN_POINT ( 'NONE',  ( -0.9550000000000048500, 0.9550000000000048500, 0.5000000000000004400 ) ) ;
#673 = CARTESIAN_POINT ( 'NONE',  ( 5.079999999999987600, 0.5000000000000004400, 4.000000000000000000 ) ) ;
#674 = ORIENTED_EDGE ( 'NONE', *, *, #3521, .T. ) ;
#675 = CARTESIAN_POINT ( 'NONE',  ( 1.585000000000002200, 0.7700000000000011300, -0.3150000000000034400 ) ) ;
#676 = ORIENTED_EDGE ( 'NONE', *, *, #5536, .T. ) ;
#677 = DIRECTION ( 'NONE',  ( 1.000000000000000000, 0.0000000000000000000, -0.0000000000000000000 ) ) ;
#678 = VECTOR ( 'NONE', #2307, 1000.000000000000100 ) ;
#679 = LINE ( 'NONE', #4068, #1155 ) ;
#680 = AXIS2_PLACEMENT_3D ( 'NONE', #2456, #2416, #4504 ) ;
#681 = PRESENTATION_STYLE_ASSIGNMENT (( #3532 ) ) ;
#682 = DIRECTION ( 'NONE',  ( 0.0000000000000000000, -1.517583580067741800E-016, 1.000000000000000000 ) ) ;
#683 = DIRECTION ( 'NONE',  ( 0.0000000000000000000, -1.000000000000000000, 0.0000000000000000000 ) ) ;
#684 = DIRECTION ( 'NONE',  ( 0.0000000000000000000, -5.860552283705276200E-015, -1.000000000000000000 ) ) ;
#685 = VECTOR ( 'NONE', #71, 1000.000000000000000 ) ;
#686 = FACE_OUTER_BOUND ( 'NONE', #1498, .T. ) ;
#687 = LINE ( 'NONE', #2976, #2368 ) ;
#688 = FILL_AREA_STYLE ('',( #4146 ) ) ;
#689 = DIRECTION ( 'NONE',  ( -1.000000000000000000, 0.0000000000000000000, 0.0000000000000000000 ) ) ;
#690 = CARTESIAN_POINT ( 'NONE',  ( -5.080000000000015200, 0.5009999999999866800, 1.400000000000000100 ) ) ;
#691 = FACE_OUTER_BOUND ( 'NONE', #5128, .T. ) ;
#692 = LINE ( 'NONE', #5257, #2832 ) ;
#693 = SURFACE_STYLE_FILL_AREA ( #3685 ) ;
#694 = FACE_OUTER_BOUND ( 'NONE', #1060, .T. ) ;
#695 = DIRECTION ( 'NONE',  ( 0.0000000000000000000, -0.0000000000000000000, -1.000000000000000000 ) ) ;
#696 = ORIENTED_EDGE ( 'NONE', *, *, #3456, .F. ) ;
#697 = ORIENTED_EDGE ( 'NONE', *, *, #4982, .F. ) ;
#698 = AXIS2_PLACEMENT_3D ( 'NONE', #3394, #4165, #5061 ) ;
#699 = DIRECTION ( 'NONE',  ( -0.2505628070857293700, -0.2505628070857293700, -0.9351131265310305100 ) ) ;
#700 = VECTOR ( 'NONE', #3832, 1000.000000000000000 ) ;
#701 = CARTESIAN_POINT ( 'NONE',  ( 7.620000000000000100, -5.000000000000000900, 1.270000000000004700 ) ) ;
#702 = ADVANCED_FACE ( 'NONE', ( #3518, #1161 ), #89, .F. ) ;
#703 = VERTEX_POINT ( 'NONE', #3083 ) ;
#704 = EDGE_CURVE ( 'NONE', #729, #3082, #5521, .T. ) ;
#705 = CARTESIAN_POINT ( 'NONE',  ( -3.039999999999987200, 0.0000000000000000000, 1.400000000000000100 ) ) ;
#706 = SURFACE_STYLE_FILL_AREA ( #688 ) ;
#707 = CARTESIAN_POINT ( 'NONE',  ( 3.495000000000003200, -4.599999999999992500, 0.3149999999999950100 ) ) ;
#708 = CARTESIAN_POINT ( 'NONE',  ( 2.940000000000011000, 0.09999999999999202600, 2.450000000000000200 ) ) ;
#709 = DIRECTION ( 'NONE',  ( 0.0000000000000000000, -1.000000000000000000, -1.409885789968134100E-016 ) ) ;
#710 = ORIENTED_EDGE ( 'NONE', *, *, #1396, .F. ) ;
#711 = EDGE_CURVE ( 'NONE', #2549, #1534, #5098, .T. ) ;
#712 = LINE ( 'NONE', #3982, #5123 ) ;
#713 = CARTESIAN_POINT ( 'NONE',  ( -1.584999999999996600, -4.599999999999992500, 0.3149999999999944000 ) ) ;
#714 = ORIENTED_EDGE ( 'NONE', *, *, #3660, .F. ) ;
#715 = LINE ( 'NONE', #2267, #4465 ) ;
#716 = PLANE ( 'NONE',  #1429 ) ;
#717 = ORIENTED_EDGE ( 'NONE', *, *, #2397, .T. ) ;
#718 = VECTOR ( 'NONE', #2064, 1000.000000000000000 ) ;
#719 = DIRECTION ( 'NONE',  ( -0.7071067811865474600, -0.7071067811865474600, -0.0000000000000000000 ) ) ;
#720 = CARTESIAN_POINT ( 'NONE',  ( -0.9954942095900779500, 0.9954942095900907200, 8.751126447602494800 ) ) ;
#721 = ORIENTED_EDGE ( 'NONE', *, *, #5569, .F. ) ;
#722 = CARTESIAN_POINT ( 'NONE',  ( 0.4000000000000114600, 2.038999999999999700, 1.900000000000000100 ) ) ;
#723 = ORIENTED_EDGE ( 'NONE', *, *, #589, .F. ) ;
#724 = EDGE_CURVE ( 'NONE', #4090, #1342, #4774, .T. ) ;
#725 = UNCERTAINTY_MEASURE_WITH_UNIT (LENGTH_MEASURE( 1.000000000000000100E-005 ), #2292, 'distance_accuracy_value', 'NONE');
#726 = CARTESIAN_POINT ( 'NONE',  ( -5.080000000000015200, 0.0000000000000000000, 4.000000000000000000 ) ) ;
#727 = FILL_AREA_STYLE_COLOUR ( '', #5591 ) ;
#728 = DIRECTION ( 'NONE',  ( -1.000000000000000000, 0.0000000000000000000, -0.0000000000000000000 ) ) ;
#729 = VERTEX_POINT ( 'NONE', #1912 ) ;
#730 = ADVANCED_FACE ( 'NONE', ( #2501 ), #1878, .F. ) ;
#731 = ORIENTED_EDGE ( 'NONE', *, *, #1585, .T. ) ;
#732 = CARTESIAN_POINT ( 'NONE',  ( 0.9550000000000036200, 0.9550000000000102900, 4.000000000000000000 ) ) ;
#733 =( GEOMETRIC_REPRESENTATION_CONTEXT ( 3 ) GLOBAL_UNCERTAINTY_ASSIGNED_CONTEXT ( ( #4183 ) ) GLOBAL_UNIT_ASSIGNED_CONTEXT ( ( #646, #3243, #2302 ) ) REPRESENTATION_CONTEXT ( 'NONE', 'WORKASPACE' ) );
#734 = ORIENTED_EDGE ( 'NONE', *, *, #1962, .F. ) ;
#735 = CARTESIAN_POINT ( 'NONE',  ( -5.080000000000015200, 2.038999999999999700, 1.900000000000000100 ) ) ;
#736 = PRESENTATION_LAYER_ASSIGNMENT (  '', '', ( #441 ) ) ;
#737 = ORIENTED_EDGE ( 'NONE', *, *, #3111, .T. ) ;
#738 = ORIENTED_EDGE ( 'NONE', *, *, #5517, .T. ) ;
#739 = ORIENTED_EDGE ( 'NONE', *, *, #5144, .T. ) ;
#740 = UNCERTAINTY_MEASURE_WITH_UNIT (LENGTH_MEASURE( 1.000000000000000100E-005 ), #5013, 'distance_accuracy_value', 'NONE');
#741 = EDGE_CURVE ( 'NONE', #4604, #1665, #4359, .T. ) ;
#742 = DIRECTION ( 'NONE',  ( -0.0000000000000000000, 0.9659258262890689800, -0.2588190451025183500 ) ) ;
#743 = STYLED_ITEM ( 'NONE', ( #904 ), #4229 ) ;
#744 = EDGE_LOOP ( 'NONE', ( #1020, #4252, #1401, #4016 ) ) ;
#745 = CARTESIAN_POINT ( 'NONE',  ( 4.125000000000001800, -4.599999999999992500, -0.3150000000000036100 ) ) ;
#746 = FACE_OUTER_BOUND ( 'NONE', #5383, .T. ) ;
#747 = DIRECTION ( 'NONE',  ( -0.2505628070857265900, 0.2505628070857295300, 0.9351131265310311800 ) ) ;
#748 = VECTOR ( 'NONE', #2841, 1000.000000000000000 ) ;
#749 = PRESENTATION_STYLE_ASSIGNMENT (( #1693 ) ) ;
#750 = EDGE_CURVE ( 'NONE', #3999, #5066, #3240, .T. ) ;
#751 = ORIENTED_EDGE ( 'NONE', *, *, #4896, .T. ) ;
#752 = CARTESIAN_POINT ( 'NONE',  ( -4.124999999999996400, 0.9550000000000102900, 4.000000000000000000 ) ) ;
#753 = COLOUR_RGB ( '',1.000000000000000000, 0.8117647058823529400, 0.5019607843137254800 ) ;
#754 = DIRECTION ( 'NONE',  ( -0.0000000000000000000, 1.000000000000000000, 1.682396719162780200E-015 ) ) ;
#755 = ADVANCED_FACE ( 'NONE', ( #5590 ), #5365, .T. ) ;
#756 = VERTEX_POINT ( 'NONE', #4461 ) ;
#757 = ORIENTED_EDGE ( 'NONE', *, *, #4718, .F. ) ;
#758 = COLOUR_RGB ( '',1.000000000000000000, 0.8117647058823529400, 0.5019607843137254800 ) ;
#759 = CARTESIAN_POINT ( 'NONE',  ( -3.494999999999998300, 1.585000000000008800, 4.000000000000000000 ) ) ;
#760 = DIRECTION ( 'NONE',  ( 0.0000000000000000000, 2.168404344971009900E-016, -1.000000000000000000 ) ) ;
#761 = VERTEX_POINT ( 'NONE', #1046 ) ;
#762 = CARTESIAN_POINT ( 'NONE',  ( -3.495000000000005000, 0.9550000000000102900, 4.000000000000000000 ) ) ;
#763 = PRESENTATION_LAYER_ASSIGNMENT (  '', '', ( #1732 ) ) ;
#764 = COLOUR_RGB ( '',1.000000000000000000, 0.8117647058823529400, 0.5019607843137254800 ) ;
#765 = DIRECTION ( 'NONE',  ( -1.101411730778927600E-014, -1.682396719162780200E-015, 1.000000000000000000 ) ) ;
#766 = STYLED_ITEM ( 'NONE', ( #1643 ), #5240 ) ;
#767 = VECTOR ( 'NONE', #5173, 999.9999999999998900 ) ;
#768 = DIRECTION ( 'NONE',  ( 0.7071067811865469100, -0.7071067811865482400, 0.0000000000000000000 ) ) ;
#769 = EDGE_CURVE ( 'NONE', #1676, #291, #2097, .T. ) ;
#770 =( GEOMETRIC_REPRESENTATION_CONTEXT ( 3 ) GLOBAL_UNCERTAINTY_ASSIGNED_CONTEXT ( ( #899 ) ) GLOBAL_UNIT_ASSIGNED_CONTEXT ( ( #522, #3140, #162 ) ) REPRESENTATION_CONTEXT ( 'NONE', 'WORKASPACE' ) );
#771 = FILL_AREA_STYLE_COLOUR ( '', #136 ) ;
#772 = ORIENTED_EDGE ( 'NONE', *, *, #2789, .F. ) ;
#773 = LINE ( 'NONE', #762, #4531 ) ;
#774 = CARTESIAN_POINT ( 'NONE',  ( -5.080000000000015200, 0.9550000000000102900, 1.899999999999999900 ) ) ;
#775 = DIRECTION ( 'NONE',  ( 0.0000000000000000000, 0.0000000000000000000, 1.000000000000000000 ) ) ;
#776 = ADVANCED_FACE ( 'NONE', ( #5448 ), #178, .T. ) ;
#777 = ORIENTED_EDGE ( 'NONE', *, *, #506, .T. ) ;
#778 = LINE ( 'NONE', #492, #3061 ) ;
#779 = VECTOR ( 'NONE', #4202, 1000.000000000000000 ) ;
#780 = EDGE_CURVE ( 'NONE', #4260, #4390, #1955, .T. ) ;
#781 = ORIENTED_EDGE ( 'NONE', *, *, #1463, .F. ) ;
#782 = EDGE_LOOP ( 'NONE', ( #4170, #4213, #4336, #2332 ) ) ;
#783 =( LENGTH_UNIT ( ) NAMED_UNIT ( * ) SI_UNIT ( .MILLI., .METRE. ) );
#784 = ORIENTED_EDGE ( 'NONE', *, *, #1, .T. ) ;
#785 = DIRECTION ( 'NONE',  ( -0.0000000000000000000, 1.530638361156006100E-015, 1.000000000000000000 ) ) ;
#786 = DIRECTION ( 'NONE',  ( -0.0000000000000000000, 0.0000000000000000000, -1.000000000000000000 ) ) ;
#787 = ORIENTED_EDGE ( 'NONE', *, *, #3529, .T. ) ;
#788 = PLANE ( 'NONE',  #4645 ) ;
#789 = EDGE_CURVE ( 'NONE', #5019, #4803, #1557, .T. ) ;
#790 = FILL_AREA_STYLE_COLOUR ( '', #1602 ) ;
#791 = ORIENTED_EDGE ( 'NONE', *, *, #665, .T. ) ;
#792 = DIRECTION ( 'NONE',  ( 1.101411730778927600E-014, 1.682396719162780200E-015, -1.000000000000000000 ) ) ;
#793 = FACE_OUTER_BOUND ( 'NONE', #1222, .T. ) ;
#794 = ORIENTED_EDGE ( 'NONE', *, *, #3399, .F. ) ;
#795 = DIRECTION ( 'NONE',  ( 1.000000000000000000, -0.0000000000000000000, -0.0000000000000000000 ) ) ;
#796 = VERTEX_POINT ( 'NONE', #5498 ) ;
#797 = VECTOR ( 'NONE', #4002, 999.9999999999998900 ) ;
#798 = EDGE_CURVE ( 'NONE', #96, #574, #3100, .T. ) ;
#799 = ORIENTED_EDGE ( 'NONE', *, *, #3779, .F. ) ;
#800 = VECTOR ( 'NONE', #260, 999.9999999999998900 ) ;
#801 = ORIENTED_EDGE ( 'NONE', *, *, #1502, .T. ) ;
#802 = PLANE ( 'NONE',  #2460 ) ;
#803 = AXIS2_PLACEMENT_3D ( 'NONE', #4564, #4113, #1183 ) ;
#804 = ORIENTED_EDGE ( 'NONE', *, *, #2297, .F. ) ;
#805 = PLANE ( 'NONE',  #3151 ) ;
#806 = ADVANCED_FACE ( 'NONE', ( #5306 ), #3883, .T. ) ;
#807 = VECTOR ( 'NONE', #2198, 1000.000000000000000 ) ;
#808 =( LENGTH_UNIT ( ) NAMED_UNIT ( * ) SI_UNIT ( .MILLI., .METRE. ) );
#809 = EDGE_CURVE ( 'NONE', #2735, #3525, #1884, .T. ) ;
#810 = VECTOR ( 'NONE', #4375, 1000.000000000000000 ) ;
#811 = DIRECTION ( 'NONE',  ( -0.7071067811865379100, 0.7071067811865572300, 0.0000000000000000000 ) ) ;
#812 = AXIS2_PLACEMENT_3D ( 'NONE', #215, #3227, #2385 ) ;
#813 = SURFACE_SIDE_STYLE ('',( #5428 ) ) ;
#814 = ORIENTED_EDGE ( 'NONE', *, *, #1668, .T. ) ;
#815 = VECTOR ( 'NONE', #3607, 1000.000000000000000 ) ;
#816 = CARTESIAN_POINT ( 'NONE',  ( 0.0000000000000000000, 1.062179676972466500, 9.000000000000001800 ) ) ;
#817 = CIRCLE ( 'NONE', #1173, 0.8150000000000033900 ) ;
#818 = DIRECTION ( 'NONE',  ( 0.7071067811865469100, -0.7071067811865482400, 0.0000000000000000000 ) ) ;
#819 = ORIENTED_EDGE ( 'NONE', *, *, #4739, .T. ) ;
#820 = CIRCLE ( 'NONE', #1549, 0.8150000000000033900 ) ;
#821 = EDGE_CURVE ( 'NONE', #1342, #5426, #5161, .T. ) ;
#822 = DIRECTION ( 'NONE',  ( 0.0000000000000000000, 1.000000000000000000, 1.517583580067741800E-016 ) ) ;
#823 = ORIENTED_EDGE ( 'NONE', *, *, #3336, .T. ) ;
#824 =( LENGTH_UNIT ( ) NAMED_UNIT ( * ) SI_UNIT ( .MILLI., .METRE. ) );
#825 = VERTEX_POINT ( 'NONE', #1287 ) ;
#826 = PRESENTATION_STYLE_ASSIGNMENT (( #926 ) ) ;
#827 =( NAMED_UNIT ( * ) PLANE_ANGLE_UNIT ( ) SI_UNIT ( $, .RADIAN. ) );
#828 = CARTESIAN_POINT ( 'NONE',  ( 2.140000000000016100, 0.1000000000000028600, 1.400000000000000100 ) ) ;
#829 = CARTESIAN_POINT ( 'NONE',  ( -0.3999999999999837000, 0.5009999999999865700, 1.899999999999999900 ) ) ;
#830 = STYLED_ITEM ( 'NONE', ( #5481 ), #4680 ) ;
#831 = ADVANCED_FACE ( 'NONE', ( #469 ), #4683, .T. ) ;
#832 = DIRECTION ( 'NONE',  ( 1.101411730778927600E-014, 0.0000000000000000000, -1.000000000000000000 ) ) ;
#833 = MECHANICAL_DESIGN_GEOMETRIC_PRESENTATION_REPRESENTATION (  '', ( #549 ), #1014 ) ;
#834 = ORIENTED_EDGE ( 'NONE', *, *, #153, .F. ) ;
#835 = UNCERTAINTY_MEASURE_WITH_UNIT (LENGTH_MEASURE( 1.000000000000000100E-005 ), #783, 'distance_accuracy_value', 'NONE');
#836 = LINE ( 'NONE', #4254, #3050 ) ;
#837 =( NAMED_UNIT ( * ) SI_UNIT ( $, .STERADIAN. ) SOLID_ANGLE_UNIT ( ) );
#838 = VERTEX_POINT ( 'NONE', #22 ) ;
#839 = EDGE_CURVE ( 'NONE', #2127, #3398, #2754, .T. ) ;
#840 = STYLED_ITEM ( 'NONE', ( #166 ), #4150 ) ;
#841 = CARTESIAN_POINT ( 'NONE',  ( -5.080000000000015200, 2.540000000000000000, 1.400000000000000100 ) ) ;
#842 = DIRECTION ( 'NONE',  ( -0.9659258262890690900, 1.063882036137109400E-014, -0.2588190451025181900 ) ) ;
#843 = ORIENTED_EDGE ( 'NONE', *, *, #630, .T. ) ;
#844 = CARTESIAN_POINT ( 'NONE',  ( 3.495000000000003200, 0.7700000000000006800, -0.3150000000000034400 ) ) ;
#845 =( NAMED_UNIT ( * ) PLANE_ANGLE_UNIT ( ) SI_UNIT ( $, .RADIAN. ) );
#846 = ORIENTED_EDGE ( 'NONE', *, *, #305, .T. ) ;
#847 = ORIENTED_EDGE ( 'NONE', *, *, #5467, .F. ) ;
#848 = MECHANICAL_DESIGN_GEOMETRIC_PRESENTATION_REPRESENTATION (  '', ( #1926 ), #5084 ) ;
#849 = CARTESIAN_POINT ( 'NONE',  ( -0.4999999999999870100, 2.540000000000000000, 1.400000000000000100 ) ) ;
#850 = ORIENTED_EDGE ( 'NONE', *, *, #2051, .F. ) ;
#851 = ORIENTED_EDGE ( 'NONE', *, *, #4084, .T. ) ;
#852 = CARTESIAN_POINT ( 'NONE',  ( -0.3999999999999841500, 2.038999999999999700, 1.400000000000000100 ) ) ;
#853 = FACE_OUTER_BOUND ( 'NONE', #652, .T. ) ;
#854 = DIRECTION ( 'NONE',  ( -0.7071067811865379100, 0.7071067811865572300, 0.0000000000000000000 ) ) ;
#855 = ADVANCED_FACE ( 'NONE', ( #3636 ), #3369, .T. ) ;
#856 = ORIENTED_EDGE ( 'NONE', *, *, #379, .T. ) ;
#857 = VECTOR ( 'NONE', #2000, 1000.000000000000000 ) ;
#858 = CARTESIAN_POINT ( 'NONE',  ( 3.809999999999999200, 0.7700000000000000200, 0.5000000000000000000 ) ) ;
#859 = CARTESIAN_POINT ( 'NONE',  ( 2.140000000000016100, 0.5009999999999865700, 1.899999999999999900 ) ) ;
#860 = ORIENTED_EDGE ( 'NONE', *, *, #4563, .T. ) ;
#861 = ORIENTED_EDGE ( 'NONE', *, *, #883, .T. ) ;
#862 = SURFACE_SIDE_STYLE ('',( #69 ) ) ;
#863 = AXIS2_PLACEMENT_3D ( 'NONE', #4690, #3010, #5566 ) ;
#864 = LINE ( 'NONE', #5447, #2433 ) ;
#865 =( NAMED_UNIT ( * ) SI_UNIT ( $, .STERADIAN. ) SOLID_ANGLE_UNIT ( ) );
#866 = ORIENTED_EDGE ( 'NONE', *, *, #362, .F. ) ;
#867 = CARTESIAN_POINT ( 'NONE',  ( -1.584999999999996600, -4.999999999999998200, -0.3150000000000042800 ) ) ;
#868 = LINE ( 'NONE', #1964, #2746 ) ;
#869 = EDGE_CURVE ( 'NONE', #1273, #2127, #1811, .T. ) ;
#870 = CARTESIAN_POINT ( 'NONE',  ( -0.4999999999999870100, 0.0000000000000000000, 1.400000000000000100 ) ) ;
#871 = STYLED_ITEM ( 'NONE', ( #5014 ), #3520 ) ;
#872 = VECTOR ( 'NONE', #2373, 1000.000000000000000 ) ;
#873 = LINE ( 'NONE', #1960, #5307 ) ;
#874 = VECTOR ( 'NONE', #4307, 1000.000000000000000 ) ;
#875 = SURFACE_STYLE_USAGE ( .BOTH. , #3809 ) ;
#876 = LINE ( 'NONE', #841, #4033 ) ;
#877 = DIRECTION ( 'NONE',  ( -1.000000000000000000, -0.0000000000000000000, 0.0000000000000000000 ) ) ;
#878 = ORIENTED_EDGE ( 'NONE', *, *, #4863, .F. ) ;
#879 = LINE ( 'NONE', #83, #5458 ) ;
#880 = CARTESIAN_POINT ( 'NONE',  ( -0.3999999999999839200, 0.1000000000000035300, 2.450000000000000200 ) ) ;
#881 = LINE ( 'NONE', #1861, #2902 ) ;
#882 = DIRECTION ( 'NONE',  ( 0.0000000000000000000, -2.168404344971009900E-016, 1.000000000000000000 ) ) ;
#883 = EDGE_CURVE ( 'NONE', #4003, #1318, #5226, .T. ) ;
#884 = VERTEX_POINT ( 'NONE', #4477 ) ;
#885 = ADVANCED_FACE ( 'NONE', ( #3827 ), #4906, .T. ) ;
#886 = EDGE_LOOP ( 'NONE', ( #1050, #2866, #4943, #5260 ) ) ;
#887 = CARTESIAN_POINT ( 'NONE',  ( -0.9550000000000048500, 0.9550000000000102900, 1.899999999999999900 ) ) ;
#888 = VERTEX_POINT ( 'NONE', #4380 ) ;
#889 = CARTESIAN_POINT ( 'NONE',  ( -5.080000000000015200, 0.9550000000000102900, 1.899999999999999900 ) ) ;
#890 = FILL_AREA_STYLE ('',( #906 ) ) ;
#891 = VECTOR ( 'NONE', #2471, 1000.000000000000000 ) ;
#892 = EDGE_CURVE ( 'NONE', #4035, #1935, #346, .T. ) ;
#893 = LINE ( 'NONE', #3946, #4179 ) ;
#894 = DIRECTION ( 'NONE',  ( -0.0000000000000000000, -0.0000000000000000000, 1.000000000000000000 ) ) ;
#895 = AXIS2_PLACEMENT_3D ( 'NONE', #1948, #1068, #3161 ) ;
#896 = MECHANICAL_DESIGN_GEOMETRIC_PRESENTATION_REPRESENTATION (  '', ( #1513 ), #1875 ) ;
#897 = DIRECTION ( 'NONE',  ( 1.000000000000000000, 0.0000000000000000000, -0.0000000000000000000 ) ) ;
#898 = ORIENTED_EDGE ( 'NONE', *, *, #1659, .T. ) ;
#899 = UNCERTAINTY_MEASURE_WITH_UNIT (LENGTH_MEASURE( 1.000000000000000100E-005 ), #522, 'distance_accuracy_value', 'NONE');
#900 = LINE ( 'NONE', #319, #639 ) ;
#901 = STYLED_ITEM ( 'NONE', ( #661 ), #3294 ) ;
#902 = DIRECTION ( 'NONE',  ( -0.0000000000000000000, -0.9659258262890689800, -0.2588190451025183500 ) ) ;
#903 = ORIENTED_EDGE ( 'NONE', *, *, #798, .F. ) ;
#904 = PRESENTATION_STYLE_ASSIGNMENT (( #1707 ) ) ;
#905 = CARTESIAN_POINT ( 'NONE',  ( -0.3999999999999840900, 2.439999999999996800, 2.450000000000000200 ) ) ;
#906 = FILL_AREA_STYLE_COLOUR ( '', #3821 ) ;
#907 = DIRECTION ( 'NONE',  ( 0.0000000000000000000, 0.0000000000000000000, 1.000000000000000000 ) ) ;
#908 = ADVANCED_FACE ( 'NONE', ( #4353 ), #931, .T. ) ;
#909 = EDGE_CURVE ( 'NONE', #4260, #2327, #3767, .T. ) ;
#910 = ORIENTED_EDGE ( 'NONE', *, *, #5041, .F. ) ;
#911 = MECHANICAL_DESIGN_GEOMETRIC_PRESENTATION_REPRESENTATION (  '', ( #4757 ), #4936 ) ;
#912 = DIRECTION ( 'NONE',  ( -0.0000000000000000000, 0.0000000000000000000, -1.000000000000000000 ) ) ;
#913 = EDGE_LOOP ( 'NONE', ( #4729, #1873, #3318, #398 ) ) ;
#914 = DIRECTION ( 'NONE',  ( 1.101411730778927800E-014, 1.000000000000000000, 0.0000000000000000000 ) ) ;
#915 = DIRECTION ( 'NONE',  ( -0.2505628070857283700, 0.9351131265310311800, -0.2505628070857278100 ) ) ;
#916 = ORIENTED_EDGE ( 'NONE', *, *, #3904, .T. ) ;
#917 = CARTESIAN_POINT ( 'NONE',  ( -5.080000000000015200, 2.540000000000000000, 1.400000000000000100 ) ) ;
#918 = ORIENTED_EDGE ( 'NONE', *, *, #1846, .T. ) ;
#919 = EDGE_CURVE ( 'NONE', #3598, #1005, #2352, .T. ) ;
#920 = ORIENTED_EDGE ( 'NONE', *, *, #1308, .F. ) ;
#921 = VECTOR ( 'NONE', #1075, 1000.000000000000000 ) ;
#922 = CARTESIAN_POINT ( 'NONE',  ( 1.584999999999995300, 0.7700000000000002400, 0.3149999999999951700 ) ) ;
#923 = LINE ( 'NONE', #2116, #3355 ) ;
#924 = VERTEX_POINT ( 'NONE', #3058 ) ;
#925 = EDGE_CURVE ( 'NONE', #1410, #3590, #605, .T. ) ;
#926 = SURFACE_STYLE_USAGE ( .BOTH. , #1206 ) ;
#927 = ORIENTED_EDGE ( 'NONE', *, *, #2148, .F. ) ;
#928 = AXIS2_PLACEMENT_3D ( 'NONE', #5335, #155, #2340 ) ;
#929 = LINE ( 'NONE', #4326, #5503 ) ;
#930 = CARTESIAN_POINT ( 'NONE',  ( -0.9549999999999979600, 1.585000000000016000, 8.599999999999996100 ) ) ;
#931 = PLANE ( 'NONE',  #5436 ) ;
#932 = LINE ( 'NONE', #1971, #4346 ) ;
#933 = ORIENTED_EDGE ( 'NONE', *, *, #4969, .F. ) ;
#934 = STYLED_ITEM ( 'NONE', ( #2316 ), #4993 ) ;
#935 = ORIENTED_EDGE ( 'NONE', *, *, #52, .T. ) ;
#936 = LINE ( 'NONE', #4932, #5159 ) ;
#937 = DIRECTION ( 'NONE',  ( 1.000000000000000000, 0.0000000000000000000, -0.0000000000000000000 ) ) ;
#938 = DIRECTION ( 'NONE',  ( -0.2505628070857317500, -0.2505628070857292000, 0.9351131265310299600 ) ) ;
#939 = LINE ( 'NONE', #3087, #3370 ) ;
#940 = MECHANICAL_DESIGN_GEOMETRIC_PRESENTATION_REPRESENTATION (  '', ( #4421 ), #1043 ) ;
#941 = DIRECTION ( 'NONE',  ( 1.000000000000000000, 0.0000000000000000000, -0.0000000000000000000 ) ) ;
#942 = ADVANCED_FACE ( 'NONE', ( #5156 ), #1795, .F. ) ;
#943 = LINE ( 'NONE', #374, #5096 ) ;
#944 = CARTESIAN_POINT ( 'NONE',  ( -3.494999999999998300, 1.585000000000003500, 0.5000000000000004400 ) ) ;
#945 = CARTESIAN_POINT ( 'NONE',  ( -5.080000000000015200, 0.5009999999999866800, 1.400000000000000100 ) ) ;
#946 = VECTOR ( 'NONE', #5462, 1000.000000000000000 ) ;
#947 = PRODUCT_DEFINITION_FORMATION_WITH_SPECIFIED_SOURCE ( 'ANY', '', #2379, .NOT_KNOWN. ) ;
#948 = EDGE_CURVE ( 'NONE', #4803, #2945, #3631, .T. ) ;
#949 = DIRECTION ( 'NONE',  ( 1.101411730778927600E-014, 1.000000000000000000, 0.0000000000000000000 ) ) ;
#950 = FACE_OUTER_BOUND ( 'NONE', #1468, .T. ) ;
#951 = CARTESIAN_POINT ( 'NONE',  ( -4.124999999999996400, 0.7700000000000011300, -0.3150000000000034400 ) ) ;
#952 = DIRECTION ( 'NONE',  ( -1.000000000000000000, -0.0000000000000000000, 0.0000000000000000000 ) ) ;
#953 = LINE ( 'NONE', #4534, #1300 ) ;
#954 = FACE_OUTER_BOUND ( 'NONE', #3296, .T. ) ;
#955 = DIRECTION ( 'NONE',  ( -0.7071067811865475700, 0.7071067811865475700, 0.0000000000000000000 ) ) ;
#956 = PRESENTATION_STYLE_ASSIGNMENT (( #4422 ) ) ;
#957 = ORIENTED_EDGE ( 'NONE', *, *, #5205, .T. ) ;
#958 = CARTESIAN_POINT ( 'NONE',  ( -0.3999999999999841500, 0.5009999999999866800, 1.400000000000000100 ) ) ;
#959 = ORIENTED_EDGE ( 'NONE', *, *, #4969, .T. ) ;
#960 = PRESENTATION_LAYER_ASSIGNMENT (  '', '', ( #2219 ) ) ;
#961 = FILL_AREA_STYLE_COLOUR ( '', #4968 ) ;
#962 =( GEOMETRIC_REPRESENTATION_CONTEXT ( 3 ) GLOBAL_UNCERTAINTY_ASSIGNED_CONTEXT ( ( #4301 ) ) GLOBAL_UNIT_ASSIGNED_CONTEXT ( ( #1835, #1983, #5025 ) ) REPRESENTATION_CONTEXT ( 'NONE', 'WORKASPACE' ) );
#963 = FILL_AREA_STYLE_COLOUR ( '', #2201 ) ;
#964 = VECTOR ( 'NONE', #1584, 1000.000000000000000 ) ;
#965 = FILL_AREA_STYLE_COLOUR ( '', #1686 ) ;
#966 = CARTESIAN_POINT ( 'NONE',  ( 0.9550000000000036200, -4.599999999999992500, 0.3149999999999944000 ) ) ;
#967 = ORIENTED_EDGE ( 'NONE', *, *, #1540, .T. ) ;
#968 = FILL_AREA_STYLE_COLOUR ( '', #1167 ) ;
#969 = VECTOR ( 'NONE', #1442, 1000.000000000000000 ) ;
#970 = CARTESIAN_POINT ( 'NONE',  ( 5.080000000000000100, 1.477820323027566600, 9.000000000000001800 ) ) ;
#971 = ORIENTED_EDGE ( 'NONE', *, *, #909, .T. ) ;
#972 = LINE ( 'NONE', #930, #2396 ) ;
#973 =( GEOMETRIC_REPRESENTATION_CONTEXT ( 3 ) GLOBAL_UNCERTAINTY_ASSIGNED_CONTEXT ( ( #4284 ) ) GLOBAL_UNIT_ASSIGNED_CONTEXT ( ( #3666, #625, #3629 ) ) REPRESENTATION_CONTEXT ( 'NONE', 'WORKASPACE' ) );
#974 = LINE ( 'NONE', #732, #645 ) ;
#975 = DIRECTION ( 'NONE',  ( -0.0000000000000000000, -0.0000000000000000000, 1.000000000000000000 ) ) ;
#976 = CARTESIAN_POINT ( 'NONE',  ( -5.080000000000015200, 2.038999999999999700, 1.900000000000000100 ) ) ;
#977 = PRODUCT_DEFINITION_CONTEXT ( 'detailed design', #2469, 'design' ) ;
#978 = VERTEX_POINT ( 'NONE', #4810 ) ;
#979 = FACE_OUTER_BOUND ( 'NONE', #2454, .T. ) ;
#980 = EDGE_CURVE ( 'NONE', #5017, #4711, #3090, .T. ) ;
#981 = DIRECTION ( 'NONE',  ( 0.0000000000000000000, -2.660618828185275700E-016, -1.000000000000000000 ) ) ;
#982 = AXIS2_PLACEMENT_3D ( 'NONE', #4764, #3044, #2604 ) ;
#983 =( NAMED_UNIT ( * ) PLANE_ANGLE_UNIT ( ) SI_UNIT ( $, .RADIAN. ) );
#984 = VERTEX_POINT ( 'NONE', #2755 ) ;
#985 = PLANE ( 'NONE',  #5362 ) ;
#986 = ORIENTED_EDGE ( 'NONE', *, *, #305, .F. ) ;
#987 = DIRECTION ( 'NONE',  ( -0.2505628070857283700, 0.9351131265310311800, -0.2505628070857278100 ) ) ;
#988 = CARTESIAN_POINT ( 'NONE',  ( -1.584999999999996600, -4.599999999999992500, 0.3149999999999944000 ) ) ;
#989 =( LENGTH_UNIT ( ) NAMED_UNIT ( * ) SI_UNIT ( .MILLI., .METRE. ) );
#990 = EDGE_CURVE ( 'NONE', #427, #5068, #932, .T. ) ;
#991 = EDGE_LOOP ( 'NONE', ( #411, #851, #101, #2320 ) ) ;
#992 = ORIENTED_EDGE ( 'NONE', *, *, #3126, .T. ) ;
#993 = CARTESIAN_POINT ( 'NONE',  ( -1.584999999999996600, 1.585000000000008800, 1.400000000000000100 ) ) ;
#994 = SURFACE_SIDE_STYLE ('',( #3009 ) ) ;
#995 = SURFACE_SIDE_STYLE ('',( #5384 ) ) ;
#996 = ORIENTED_EDGE ( 'NONE', *, *, #4654, .F. ) ;
#997 = VECTOR ( 'NONE', #2040, 1000.000000000000000 ) ;
#998 = CARTESIAN_POINT ( 'NONE',  ( -1.584999999999996600, 0.7700000000000000200, 0.5000000000000000000 ) ) ;
#999 = FACE_OUTER_BOUND ( 'NONE', #2851, .T. ) ;
#1000 = ORIENTED_EDGE ( 'NONE', *, *, #4468, .F. ) ;
#1001 = PLANE ( 'NONE',  #5326 ) ;
#1002 = CLOSED_SHELL ( 'NONE', ( #4037, #4769, #2665, #3902, #62, #2639, #2049, #1733, #5541, #3379, #1211, #3347, #5070, #4396, #3818, #1186, #4229, #276, #3053, #4484, #4427, #4366 ) ) ;
#1003 = VECTOR ( 'NONE', #1282, 1000.000000000000100 ) ;
#1004 = DIRECTION ( 'NONE',  ( -0.2505628070857283700, 0.9351131265310302900, 0.2505628070857309200 ) ) ;
#1005 = VERTEX_POINT ( 'NONE', #4083 ) ;
#1006 = FILL_AREA_STYLE ('',( #4903 ) ) ;
#1007 = CARTESIAN_POINT ( 'NONE',  ( -1.477820323027547300, -4.999999999999998200, -0.3150000000000042200 ) ) ;
#1008 =( GEOMETRIC_REPRESENTATION_CONTEXT ( 3 ) GLOBAL_UNCERTAINTY_ASSIGNED_CONTEXT ( ( #740 ) ) GLOBAL_UNIT_ASSIGNED_CONTEXT ( ( #5013, #5519, #5033 ) ) REPRESENTATION_CONTEXT ( 'NONE', 'WORKASPACE' ) );
#1009 = MECHANICAL_DESIGN_GEOMETRIC_PRESENTATION_REPRESENTATION (  '', ( #621 ), #1481 ) ;
#1010 = VECTOR ( 'NONE', #201, 1000.000000000000000 ) ;
#1011 = VECTOR ( 'NONE', #642, 1000.000000000000000 ) ;
#1012 = FILL_AREA_STYLE ('',( #3123 ) ) ;
#1013 = ORIENTED_EDGE ( 'NONE', *, *, #789, .F. ) ;
#1014 =( GEOMETRIC_REPRESENTATION_CONTEXT ( 3 ) GLOBAL_UNCERTAINTY_ASSIGNED_CONTEXT ( ( #4065 ) ) GLOBAL_UNIT_ASSIGNED_CONTEXT ( ( #4617, #2153, #2859 ) ) REPRESENTATION_CONTEXT ( 'NONE', 'WORKASPACE' ) );
#1015 = DIRECTION ( 'NONE',  ( -0.0000000000000000000, 1.000000000000000000, 1.517583580067741800E-016 ) ) ;
#1016 = FACE_OUTER_BOUND ( 'NONE', #1909, .T. ) ;
#1017 = VECTOR ( 'NONE', #4792, 1000.000000000000000 ) ;
#1018 = CARTESIAN_POINT ( 'NONE',  ( -5.080000000000015200, 2.540000000000000000, 4.000000000000000000 ) ) ;
#1019 = DIRECTION ( 'NONE',  ( 1.000000000000000000, -1.671484357524093000E-030, 1.101411730778927600E-014 ) ) ;
#1020 = ORIENTED_EDGE ( 'NONE', *, *, #1463, .T. ) ;
#1021 = VERTEX_POINT ( 'NONE', #4157 ) ;
#1022 = EDGE_CURVE ( 'NONE', #3566, #5199, #3303, .T. ) ;
#1023 = VECTOR ( 'NONE', #2930, 1000.000000000000000 ) ;
#1024 = AXIS2_PLACEMENT_3D ( 'NONE', #2251, #4794, #2231 ) ;
#1025 = VECTOR ( 'NONE', #659, 1000.000000000000000 ) ;
#1026 = FILL_AREA_STYLE_COLOUR ( '', #2185 ) ;
#1027 = ADVANCED_FACE ( 'NONE', ( #4086 ), #2808, .T. ) ;
#1028 =( NAMED_UNIT ( * ) PLANE_ANGLE_UNIT ( ) SI_UNIT ( $, .RADIAN. ) );
#1029 = VERTEX_POINT ( 'NONE', #4983 ) ;
#1030 = EDGE_CURVE ( 'NONE', #3193, #1021, #340, .T. ) ;
#1031 = DIRECTION ( 'NONE',  ( 1.101411730778927800E-014, 1.000000000000000000, 1.409885789968134100E-016 ) ) ;
#1032 = EDGE_CURVE ( 'NONE', #761, #325, #1348, .T. ) ;
#1033 = DIRECTION ( 'NONE',  ( 1.000000000000000000, -1.101411730778927800E-014, 0.0000000000000000000 ) ) ;
#1034 = CARTESIAN_POINT ( 'NONE',  ( 4.125000000000001800, 1.585000000000008800, 1.900000000000000100 ) ) ;
#1035 = ORIENTED_EDGE ( 'NONE', *, *, #2051, .T. ) ;
#1036 = LINE ( 'NONE', #4883, #4316 ) ;
#1037 = CARTESIAN_POINT ( 'NONE',  ( -0.9549999999999979600, 1.585000000000003500, 0.5000000000000004400 ) ) ;
#1038 = SURFACE_STYLE_USAGE ( .BOTH. , #3248 ) ;
#1039 = ORIENTED_EDGE ( 'NONE', *, *, #2317, .T. ) ;
#1040 = VECTOR ( 'NONE', #3052, 1000.000000000000100 ) ;
#1041 = COLOUR_RGB ( '',1.000000000000000000, 0.8117647058823529400, 0.5019607843137254800 ) ;
#1042 = SURFACE_STYLE_USAGE ( .BOTH. , #65 ) ;
#1043 =( GEOMETRIC_REPRESENTATION_CONTEXT ( 3 ) GLOBAL_UNCERTAINTY_ASSIGNED_CONTEXT ( ( #2829 ) ) GLOBAL_UNIT_ASSIGNED_CONTEXT ( ( #2937, #356, #4198 ) ) REPRESENTATION_CONTEXT ( 'NONE', 'WORKASPACE' ) );
#1044 =( NAMED_UNIT ( * ) PLANE_ANGLE_UNIT ( ) SI_UNIT ( $, .RADIAN. ) );
#1045 = ORIENTED_EDGE ( 'NONE', *, *, #5227, .T. ) ;
#1046 = CARTESIAN_POINT ( 'NONE',  ( -4.017820323027547300, -4.999999999999999100, 0.2078203230275440000 ) ) ;
#1047 = CARTESIAN_POINT ( 'NONE',  ( 3.602179676972452300, 7.589415207398531000E-015, 9.000000000000001800 ) ) ;
#1048 = ADVANCED_FACE ( 'NONE', ( #4026 ), #3313, .F. ) ;
#1049 =( GEOMETRIC_REPRESENTATION_CONTEXT ( 3 ) GLOBAL_UNCERTAINTY_ASSIGNED_CONTEXT ( ( #1780 ) ) GLOBAL_UNIT_ASSIGNED_CONTEXT ( ( #4214, #4667, #401 ) ) REPRESENTATION_CONTEXT ( 'NONE', 'WORKASPACE' ) );
#1050 = ORIENTED_EDGE ( 'NONE', *, *, #3047, .T. ) ;
#1051 = EDGE_CURVE ( 'NONE', #3030, #4260, #4215, .T. ) ;
#1052 = PLANE ( 'NONE',  #4743 ) ;
#1053 = ORIENTED_EDGE ( 'NONE', *, *, #5152, .F. ) ;
#1054 = DIRECTION ( 'NONE',  ( -1.000000000000000000, -0.0000000000000000000, 0.0000000000000000000 ) ) ;
#1055 = EDGE_LOOP ( 'NONE', ( #2038, #4265, #3993, #676 ) ) ;
#1056 = LINE ( 'NONE', #3674, #921 ) ;
#1057 = SURFACE_SIDE_STYLE ('',( #2464 ) ) ;
#1058 =( LENGTH_UNIT ( ) NAMED_UNIT ( * ) SI_UNIT ( .MILLI., .METRE. ) );
#1059 = LINE ( 'NONE', #2218, #3080 ) ;
#1060 = EDGE_LOOP ( 'NONE', ( #3362, #2876, #4733, #5518, #2140, #791 ) ) ;
#1061 = LINE ( 'NONE', #3, #46 ) ;
#1062 = VERTEX_POINT ( 'NONE', #5444 ) ;
#1063 = EDGE_CURVE ( 'NONE', #1149, #1449, #5442, .T. ) ;
#1064 = EDGE_LOOP ( 'NONE', ( #4919, #3006, #5006, #2606 ) ) ;
#1065 = FILL_AREA_STYLE ('',( #1359 ) ) ;
#1066 = LINE ( 'NONE', #4349, #3221 ) ;
#1067 = PLANE ( 'NONE',  #3368 ) ;
#1068 = DIRECTION ( 'NONE',  ( 1.000000000000000000, 0.0000000000000000000, -0.0000000000000000000 ) ) ;
#1069 = ORIENTED_EDGE ( 'NONE', *, *, #1527, .T. ) ;
#1070 = VECTOR ( 'NONE', #301, 1000.000000000000000 ) ;
#1071 = ORIENTED_EDGE ( 'NONE', *, *, #2044, .T. ) ;
#1072 =( LENGTH_UNIT ( ) NAMED_UNIT ( * ) SI_UNIT ( .MILLI., .METRE. ) );
#1073 = ORIENTED_EDGE ( 'NONE', *, *, #4242, .T. ) ;
#1074 = PLANE ( 'NONE',  #1698 ) ;
#1075 = DIRECTION ( 'NONE',  ( 0.0000000000000000000, 0.0000000000000000000, -1.000000000000000000 ) ) ;
#1076 = CARTESIAN_POINT ( 'NONE',  ( 5.079999999999987600, 0.5000000000000004400, 1.400000000000000100 ) ) ;
#1077 = FACE_OUTER_BOUND ( 'NONE', #523, .T. ) ;
#1078 = UNCERTAINTY_MEASURE_WITH_UNIT (LENGTH_MEASURE( 1.000000000000000100E-005 ), #3651, 'distance_accuracy_value', 'NONE');
#1079 = CARTESIAN_POINT ( 'NONE',  ( -0.9550000000000048500, 0.9550000000000102900, 4.000000000000000000 ) ) ;
#1080 = LINE ( 'NONE', #479, #3831 ) ;
#1081 = EDGE_CURVE ( 'NONE', #756, #5483, #127, .T. ) ;
#1082 =( NAMED_UNIT ( * ) SI_UNIT ( $, .STERADIAN. ) SOLID_ANGLE_UNIT ( ) );
#1083 = ORIENTED_EDGE ( 'NONE', *, *, #1603, .F. ) ;
#1084 = DIRECTION ( 'NONE',  ( 0.0000000000000000000, -1.000000000000000000, 0.0000000000000000000 ) ) ;
#1085 = LINE ( 'NONE', #5200, #685 ) ;
#1086 = SURFACE_SIDE_STYLE ('',( #5385 ) ) ;
#1087 = FACE_OUTER_BOUND ( 'NONE', #4300, .T. ) ;
#1088 = STYLED_ITEM ( 'NONE', ( #1753 ), #855 ) ;
#1089 = VECTOR ( 'NONE', #4712, 1000.000000000000100 ) ;
#1090 = AXIS2_PLACEMENT_3D ( 'NONE', #4194, #4235, #2115 ) ;
#1091 = DIRECTION ( 'NONE',  ( 1.000000000000000000, -0.0000000000000000000, -0.0000000000000000000 ) ) ;
#1092 = VECTOR ( 'NONE', #677, 1000.000000000000000 ) ;
#1093 = LINE ( 'NONE', #534, #3973 ) ;
#1094 = DIRECTION ( 'NONE',  ( 1.000000000000000000, 0.0000000000000000000, 0.0000000000000000000 ) ) ;
#1095 = DIRECTION ( 'NONE',  ( 0.0000000000000000000, 0.0000000000000000000, 1.000000000000000000 ) ) ;
#1096 = EDGE_CURVE ( 'NONE', #1434, #650, #5366, .T. ) ;
#1097 = LINE ( 'NONE', #451, #4238 ) ;
#1098 = SURFACE_SIDE_STYLE ('',( #3828 ) ) ;
#1099 = DIRECTION ( 'NONE',  ( 1.000000000000000000, 0.0000000000000000000, 0.0000000000000000000 ) ) ;
#1100 = ORIENTED_EDGE ( 'NONE', *, *, #5178, .F. ) ;
#1101 = ORIENTED_EDGE ( 'NONE', *, *, #1822, .T. ) ;
#1102 = DIRECTION ( 'NONE',  ( 1.000000000000000000, 0.0000000000000000000, 0.0000000000000000000 ) ) ;
#1103 = DIRECTION ( 'NONE',  ( 1.000000000000000000, 0.0000000000000000000, -0.0000000000000000000 ) ) ;
#1104 = DIRECTION ( 'NONE',  ( -0.2505628070857293700, 0.2505628070857293700, -0.9351131265310305100 ) ) ;
#1105 = FACE_OUTER_BOUND ( 'NONE', #2847, .T. ) ;
#1106 = EDGE_CURVE ( 'NONE', #3873, #1520, #4565, .T. ) ;
#1107 = DIRECTION ( 'NONE',  ( -1.000000000000000000, -0.0000000000000000000, -0.0000000000000000000 ) ) ;
#1108 = FILL_AREA_STYLE_COLOUR ( '', #2634 ) ;
#1109 = CARTESIAN_POINT ( 'NONE',  ( -0.9549999999999979600, 0.7700000000000011300, -0.3150000000000034400 ) ) ;
#1110 = COLOUR_RGB ( '',1.000000000000000000, 0.8117647058823529400, 0.5019607843137254800 ) ;
#1111 = UNCERTAINTY_MEASURE_WITH_UNIT (LENGTH_MEASURE( 1.000000000000000100E-005 ), #3953, 'distance_accuracy_value', 'NONE');
#1112 = CARTESIAN_POINT ( 'NONE',  ( 0.5000000000000138800, 2.540000000000000000, 1.400000000000000100 ) ) ;
#1113 = ORIENTED_EDGE ( 'NONE', *, *, #3972, .T. ) ;
#1114 = DIRECTION ( 'NONE',  ( 1.101411730778927600E-014, 1.000000000000000000, 0.0000000000000000000 ) ) ;
#1115 = EDGE_CURVE ( 'NONE', #4108, #2540, #3225, .T. ) ;
#1116 = FILL_AREA_STYLE ('',( #4525 ) ) ;
#1117 = EDGE_LOOP ( 'NONE', ( #3353, #1844, #3975, #2743 ) ) ;
#1118 = LINE ( 'NONE', #4355, #1516 ) ;
#1119 = LINE ( 'NONE', #371, #779 ) ;
#1120 = CARTESIAN_POINT ( 'NONE',  ( 7.620000000000000100, 1.062179676972466500, 9.000000000000001800 ) ) ;
#1121 = CARTESIAN_POINT ( 'NONE',  ( -0.9549999999999979600, 1.585000000000008800, 1.400000000000000100 ) ) ;
#1122 = CARTESIAN_POINT ( 'NONE',  ( -0.9549999999999979600, -4.599999999999992500, -0.3150000000000042200 ) ) ;
#1123 = ORIENTED_EDGE ( 'NONE', *, *, #3201, .T. ) ;
#1124 = STYLED_ITEM ( 'NONE', ( #4694 ), #908 ) ;
#1125 = DIRECTION ( 'NONE',  ( 0.0000000000000000000, 0.0000000000000000000, 1.000000000000000000 ) ) ;
#1126 = FILL_AREA_STYLE ('',( #4589 ) ) ;
#1127 = FILL_AREA_STYLE_COLOUR ( '', #1230 ) ;
#1128 = EDGE_LOOP ( 'NONE', ( #2184, #517, #1039, #1641 ) ) ;
#1129 = ORIENTED_EDGE ( 'NONE', *, *, #1791, .T. ) ;
#1130 = SURFACE_STYLE_USAGE ( .BOTH. , #4538 ) ;
#1131 =( GEOMETRIC_REPRESENTATION_CONTEXT ( 3 ) GLOBAL_UNCERTAINTY_ASSIGNED_CONTEXT ( ( #5229 ) ) GLOBAL_UNIT_ASSIGNED_CONTEXT ( ( #1772, #5158, #3437 ) ) REPRESENTATION_CONTEXT ( 'NONE', 'WORKASPACE' ) );
#1132 = VERTEX_POINT ( 'NONE', #1945 ) ;
#1133 = ORIENTED_EDGE ( 'NONE', *, *, #1096, .F. ) ;
#1134 = PLANE ( 'NONE',  #5272 ) ;
#1135 = PLANE ( 'NONE',  #3895 ) ;
#1136 = LINE ( 'NONE', #11, #3216 ) ;
#1137 = EDGE_CURVE ( 'NONE', #3684, #5199, #2751, .T. ) ;
#1138 = SURFACE_STYLE_USAGE ( .BOTH. , #1550 ) ;
#1139 = ORIENTED_EDGE ( 'NONE', *, *, #4110, .T. ) ;
#1140 =( GEOMETRIC_REPRESENTATION_CONTEXT ( 3 ) GLOBAL_UNCERTAINTY_ASSIGNED_CONTEXT ( ( #1492 ) ) GLOBAL_UNIT_ASSIGNED_CONTEXT ( ( #3881, #5163, #837 ) ) REPRESENTATION_CONTEXT ( 'NONE', 'WORKASPACE' ) );
#1141 = UNCERTAINTY_MEASURE_WITH_UNIT (LENGTH_MEASURE( 1.000000000000000100E-005 ), #3251, 'distance_accuracy_value', 'NONE');
#1142 = ORIENTED_EDGE ( 'NONE', *, *, #3759, .T. ) ;
#1143 = DIRECTION ( 'NONE',  ( 0.0000000000000000000, -0.0000000000000000000, 1.000000000000000000 ) ) ;
#1144 = FACE_OUTER_BOUND ( 'NONE', #4976, .T. ) ;
#1145 = DIRECTION ( 'NONE',  ( 1.000000000000000000, -0.0000000000000000000, -0.0000000000000000000 ) ) ;
#1146 = VECTOR ( 'NONE', #2120, 1000.000000000000000 ) ;
#1147 = ORIENTED_EDGE ( 'NONE', *, *, #3933, .F. ) ;
#1148 = DIRECTION ( 'NONE',  ( 0.7071067811865469100, -0.7071067811865482400, 0.0000000000000000000 ) ) ;
#1149 = VERTEX_POINT ( 'NONE', #3707 ) ;
#1150 =( LENGTH_UNIT ( ) NAMED_UNIT ( * ) SI_UNIT ( .MILLI., .METRE. ) );
#1151 = EDGE_CURVE ( 'NONE', #3360, #2530, #3163, .T. ) ;
#1152 = SURFACE_STYLE_FILL_AREA ( #3858 ) ;
#1153 =( GEOMETRIC_REPRESENTATION_CONTEXT ( 3 ) GLOBAL_UNCERTAINTY_ASSIGNED_CONTEXT ( ( #5181 ) ) GLOBAL_UNIT_ASSIGNED_CONTEXT ( ( #989, #1028, #1855 ) ) REPRESENTATION_CONTEXT ( 'NONE', 'WORKASPACE' ) );
#1154 = COLOUR_RGB ( '',1.000000000000000000, 0.8117647058823529400, 0.5019607843137254800 ) ;
#1155 = VECTOR ( 'NONE', #243, 1000.000000000000000 ) ;
#1156 = FILL_AREA_STYLE ('',( #3725 ) ) ;
#1157 = SURFACE_STYLE_USAGE ( .BOTH. , #4208 ) ;
#1158 = ADVANCED_FACE ( 'NONE', ( #4285 ), #802, .T. ) ;
#1159 =( NAMED_UNIT ( * ) SI_UNIT ( $, .STERADIAN. ) SOLID_ANGLE_UNIT ( ) );
#1160 = DIRECTION ( 'NONE',  ( -1.000000000000000000, 0.0000000000000000000, 0.0000000000000000000 ) ) ;
#1161 = FACE_OUTER_BOUND ( 'NONE', #3661, .T. ) ;
#1162 = FACE_OUTER_BOUND ( 'NONE', #3949, .T. ) ;
#1163 = VECTOR ( 'NONE', #5312, 1000.000000000000000 ) ;
#1164 = SURFACE_SIDE_STYLE ('',( #5119 ) ) ;
#1165 = CARTESIAN_POINT ( 'NONE',  ( -4.017820323027547300, -4.999999999999998200, -0.2078203230275552600 ) ) ;
#1166 = VECTOR ( 'NONE', #4403, 999.9999999999998900 ) ;
#1167 = COLOUR_RGB ( '',1.000000000000000000, 0.8117647058823529400, 0.5019607843137254800 ) ;
#1168 = CIRCLE ( 'NONE', #4022, 0.1850000000000048300 ) ;
#1169 = DIRECTION ( 'NONE',  ( -0.2505628070857293700, -0.2505628070857293700, -0.9351131265310305100 ) ) ;
#1170 =( NAMED_UNIT ( * ) PLANE_ANGLE_UNIT ( ) SI_UNIT ( $, .RADIAN. ) );
#1171 = CARTESIAN_POINT ( 'NONE',  ( 3.495000000000003200, -4.599999999999992500, 0.3149999999999944000 ) ) ;
#1172 = EDGE_LOOP ( 'NONE', ( #1941, #1742, #2412, #1306, #4651, #4010 ) ) ;
#1173 = AXIS2_PLACEMENT_3D ( 'NONE', #2125, #4706, #2986 ) ;
#1174 = ORIENTED_EDGE ( 'NONE', *, *, #1454, .F. ) ;
#1175 = LINE ( 'NONE', #2024, #3384 ) ;
#1176 = VECTOR ( 'NONE', #4401, 1000.000000000000000 ) ;
#1177 =( NAMED_UNIT ( * ) SI_UNIT ( $, .STERADIAN. ) SOLID_ANGLE_UNIT ( ) );
#1178 = VERTEX_POINT ( 'NONE', #1245 ) ;
#1179 = EDGE_CURVE ( 'NONE', #3931, #4965, #2690, .T. ) ;
#1180 =( GEOMETRIC_REPRESENTATION_CONTEXT ( 3 ) GLOBAL_UNCERTAINTY_ASSIGNED_CONTEXT ( ( #3903 ) ) GLOBAL_UNIT_ASSIGNED_CONTEXT ( ( #1645, #3005, #5588 ) ) REPRESENTATION_CONTEXT ( 'NONE', 'WORKASPACE' ) );
#1181 = FACE_OUTER_BOUND ( 'NONE', #5343, .T. ) ;
#1182 = DIRECTION ( 'NONE',  ( 1.101411730778927600E-014, 1.682396719162780200E-015, -1.000000000000000000 ) ) ;
#1183 = DIRECTION ( 'NONE',  ( 0.0000000000000000000, -0.0000000000000000000, -1.000000000000000000 ) ) ;
#1184 = CARTESIAN_POINT ( 'NONE',  ( 2.040000000000013400, 0.0000000000000000000, 4.000000000000000000 ) ) ;
#1185 = PRESENTATION_STYLE_ASSIGNMENT (( #207 ) ) ;
#1186 = ADVANCED_FACE ( 'NONE', ( #3495 ), #2908, .T. ) ;
#1187 = EDGE_CURVE ( 'NONE', #5068, #3566, #4558, .T. ) ;
#1188 = DIRECTION ( 'NONE',  ( 0.0000000000000000000, -1.000000000000000000, 0.0000000000000000000 ) ) ;
#1189 = SURFACE_SIDE_STYLE ('',( #4100 ) ) ;
#1190 = ORIENTED_EDGE ( 'NONE', *, *, #2260, .T. ) ;
#1191 = COLOUR_RGB ( '',1.000000000000000000, 0.8117647058823529400, 0.5019607843137254800 ) ;
#1192 = SURFACE_SIDE_STYLE ('',( #2013 ) ) ;
#1193 = CARTESIAN_POINT ( 'NONE',  ( -5.080000000000015200, 2.038999999999999700, 1.900000000000000100 ) ) ;
#1194 = VERTEX_POINT ( 'NONE', #2465 ) ;
#1195 = VECTOR ( 'NONE', #5069, 1000.000000000000100 ) ;
#1196 = VERTEX_POINT ( 'NONE', #2106 ) ;
#1197 = EDGE_CURVE ( 'NONE', #5007, #3145, #2742, .T. ) ;
#1198 =( LENGTH_UNIT ( ) NAMED_UNIT ( * ) SI_UNIT ( .MILLI., .METRE. ) );
#1199 = DIRECTION ( 'NONE',  ( 0.0000000000000000000, -1.000000000000000000, 0.0000000000000000000 ) ) ;
#1200 = CARTESIAN_POINT ( 'NONE',  ( -5.080000000000015200, 0.0000000000000000000, 1.400000000000000100 ) ) ;
#1201 = VERTEX_POINT ( 'NONE', #4648 ) ;
#1202 = ORIENTED_EDGE ( 'NONE', *, *, #5021, .F. ) ;
#1203 = DIRECTION ( 'NONE',  ( 1.101411730778927600E-014, 1.000000000000000000, 0.0000000000000000000 ) ) ;
#1204 = MECHANICAL_DESIGN_GEOMETRIC_PRESENTATION_REPRESENTATION (  '', ( #934 ), #5135 ) ;
#1205 = ORIENTED_EDGE ( 'NONE', *, *, #1917, .F. ) ;
#1206 = SURFACE_SIDE_STYLE ('',( #5466 ) ) ;
#1207 = MECHANICAL_DESIGN_GEOMETRIC_PRESENTATION_REPRESENTATION (  '', ( #901 ), #1486 ) ;
#1208 = VECTOR ( 'NONE', #1456, 1000.000000000000000 ) ;
#1209 = VECTOR ( 'NONE', #435, 1000.000000000000000 ) ;
#1210 = CARTESIAN_POINT ( 'NONE',  ( -3.495000000000005000, 0.9550000000000102900, 1.400000000000000100 ) ) ;
#1211 = ADVANCED_FACE ( 'NONE', ( #1611 ), #322, .T. ) ;
#1212 = ORIENTED_EDGE ( 'NONE', *, *, #990, .F. ) ;
#1213 = LINE ( 'NONE', #4257, #2207 ) ;
#1214 = ORIENTED_EDGE ( 'NONE', *, *, #4489, .F. ) ;
#1215 = UNCERTAINTY_MEASURE_WITH_UNIT (LENGTH_MEASURE( 1.000000000000000100E-005 ), #3850, 'distance_accuracy_value', 'NONE');
#1216 = VERTEX_POINT ( 'NONE', #752 ) ;
#1217 = DIRECTION ( 'NONE',  ( 1.000000000000000000, 0.0000000000000000000, 0.0000000000000000000 ) ) ;
#1218 = VECTOR ( 'NONE', #2850, 1000.000000000000000 ) ;
#1219 = EDGE_CURVE ( 'NONE', #2945, #394, #4274, .T. ) ;
#1220 = PLANE ( 'NONE',  #1090 ) ;
#1221 = PRESENTATION_LAYER_ASSIGNMENT (  '', '', ( #2069 ) ) ;
#1222 = EDGE_LOOP ( 'NONE', ( #2022, #4545, #4663, #2621, #5083, #4738, #316, #5191 ) ) ;
#1223 = SURFACE_STYLE_USAGE ( .BOTH. , #18 ) ;
#1224 = VERTEX_POINT ( 'NONE', #2946 ) ;
#1225 = VECTOR ( 'NONE', #1107, 1000.000000000000000 ) ;
#1226 = CARTESIAN_POINT ( 'NONE',  ( 3.495000000000003200, 0.7699999999999998000, 0.3149999999999951700 ) ) ;
#1227 = VECTOR ( 'NONE', #1451, 1000.000000000000000 ) ;
#1228 = EDGE_CURVE ( 'NONE', #3470, #2137, #335, .T. ) ;
#1229 =( NAMED_UNIT ( * ) SI_UNIT ( $, .STERADIAN. ) SOLID_ANGLE_UNIT ( ) );
#1230 = COLOUR_RGB ( '',1.000000000000000000, 0.8117647058823529400, 0.5019607843137254800 ) ;
#1231 = FILL_AREA_STYLE ('',( #4187 ) ) ;
#1232 = FACE_BOUND ( 'NONE', #2843, .T. ) ;
#1233 = EDGE_CURVE ( 'NONE', #4503, #1804, #4822, .T. ) ;
#1234 = AXIS2_PLACEMENT_3D ( 'NONE', #917, #504, #897 ) ;
#1235 = SURFACE_SIDE_STYLE ('',( #4837 ) ) ;
#1236 = LINE ( 'NONE', #2645, #1695 ) ;
#1237 = SURFACE_STYLE_USAGE ( .BOTH. , #5504 ) ;
#1238 = AXIS2_PLACEMENT_3D ( 'NONE', #4226, #1261, #5090 ) ;
#1239 = CARTESIAN_POINT ( 'NONE',  ( 3.495000000000003200, 1.585000000000008800, 1.900000000000000100 ) ) ;
#1240 = DIRECTION ( 'NONE',  ( 1.000000000000000000, 0.0000000000000000000, 0.0000000000000000000 ) ) ;
#1241 = AXIS2_PLACEMENT_3D ( 'NONE', #2980, #406, #2155 ) ;
#1242 = CARTESIAN_POINT ( 'NONE',  ( -5.080000000000015200, 2.540000000000000000, 1.400000000000000100 ) ) ;
#1243 = ORIENTED_EDGE ( 'NONE', *, *, #2081, .F. ) ;
#1244 = AXIS2_PLACEMENT_3D ( 'NONE', #5593, #422, #3872 ) ;
#1245 = CARTESIAN_POINT ( 'NONE',  ( 0.9550000000000036200, 1.585000000000008800, 1.900000000000000100 ) ) ;
#1246 = DIRECTION ( 'NONE',  ( 0.0000000000000000000, 1.000000000000000000, 1.517583580067741800E-016 ) ) ;
#1247 = EDGE_CURVE ( 'NONE', #2686, #4077, #2281, .T. ) ;
#1248 =( GEOMETRIC_REPRESENTATION_CONTEXT ( 3 ) GLOBAL_UNCERTAINTY_ASSIGNED_CONTEXT ( ( #5056 ) ) GLOBAL_UNIT_ASSIGNED_CONTEXT ( ( #3519, #85, #4395 ) ) REPRESENTATION_CONTEXT ( 'NONE', 'WORKASPACE' ) );
#1249 = EDGE_LOOP ( 'NONE', ( #191, #4006, #5422, #4495 ) ) ;
#1250 = VECTOR ( 'NONE', #3203, 1000.000000000000100 ) ;
#1251 = PLANE ( 'NONE',  #4339 ) ;
#1252 = CARTESIAN_POINT ( 'NONE',  ( -0.4999999999999874500, 2.540000000000000000, 4.000000000000000000 ) ) ;
#1253 = CARTESIAN_POINT ( 'NONE',  ( 1.585000000000002200, 1.585000000000016000, 8.599999999999996100 ) ) ;
#1254 = DIRECTION ( 'NONE',  ( -0.7071067811865379100, 0.7071067811865572300, 0.0000000000000000000 ) ) ;
#1255 = ORIENTED_EDGE ( 'NONE', *, *, #2974, .T. ) ;
#1256 = MECHANICAL_DESIGN_GEOMETRIC_PRESENTATION_REPRESENTATION (  '', ( #3487 ), #4322 ) ;
#1257 = FILL_AREA_STYLE_COLOUR ( '', #3337 ) ;
#1258 = UNCERTAINTY_MEASURE_WITH_UNIT (LENGTH_MEASURE( 1.000000000000000100E-005 ), #263, 'distance_accuracy_value', 'NONE');
#1259 = EDGE_LOOP ( 'NONE', ( #2043, #4151, #583, #4210 ) ) ;
#1260 = LINE ( 'NONE', #1598, #3677 ) ;
#1261 = DIRECTION ( 'NONE',  ( 0.9659258262890690900, -0.2588190451025180200, 1.020338404903377500E-014 ) ) ;
#1262 = ORIENTED_EDGE ( 'NONE', *, *, #1179, .T. ) ;
#1263 = ADVANCED_FACE ( 'NONE', ( #999 ), #4313, .T. ) ;
#1264 = EDGE_LOOP ( 'NONE', ( #5499, #4902, #1969, #3138 ) ) ;
#1265 = CARTESIAN_POINT ( 'NONE',  ( -4.124999999999996400, 0.7700000000000002400, 0.3149999999999951700 ) ) ;
#1266 = EDGE_LOOP ( 'NONE', ( #1721, #757, #1857, #3819 ) ) ;
#1267 = CARTESIAN_POINT ( 'NONE',  ( 3.040000000000000000, 2.606599254992157300E-016, 1.400000000000000100 ) ) ;
#1268 = CARTESIAN_POINT ( 'NONE',  ( -4.124999999999996400, 0.9550000000000172800, 8.599999999999996100 ) ) ;
#1269 = ORIENTED_EDGE ( 'NONE', *, *, #4718, .T. ) ;
#1270 = LINE ( 'NONE', #5562, #5565 ) ;
#1271 = DIRECTION ( 'NONE',  ( 0.0000000000000000000, -1.517583580067741800E-016, 1.000000000000000000 ) ) ;
#1272 = AXIS2_PLACEMENT_3D ( 'NONE', #163, #4909, #2811 ) ;
#1273 = VERTEX_POINT ( 'NONE', #428 ) ;
#1274 = DIRECTION ( 'NONE',  ( -1.000000000000000000, -0.0000000000000000000, 0.0000000000000000000 ) ) ;
#1275 = EDGE_LOOP ( 'NONE', ( #17, #4201, #4530, #450 ) ) ;
#1276 = VECTOR ( 'NONE', #475, 1000.000000000000000 ) ;
#1277 =( NAMED_UNIT ( * ) PLANE_ANGLE_UNIT ( ) SI_UNIT ( $, .RADIAN. ) );
#1278 = FACE_OUTER_BOUND ( 'NONE', #2192, .T. ) ;
#1279 = EDGE_CURVE ( 'NONE', #3853, #2127, #1061, .T. ) ;
#1280 = COLOUR_RGB ( '',1.000000000000000000, 0.8117647058823529400, 0.5019607843137254800 ) ;
#1281 = EDGE_LOOP ( 'NONE', ( #1636, #1269, #2151, #3483, #1992, #3015 ) ) ;
#1282 = DIRECTION ( 'NONE',  ( -0.2505628070857317500, -0.2505628070857292000, 0.9351131265310299600 ) ) ;
#1283 = CARTESIAN_POINT ( 'NONE',  ( 3.040000000000014200, 2.540000000000000000, 4.000000000000000000 ) ) ;
#1284 = PRESENTATION_LAYER_ASSIGNMENT (  '', '', ( #1389 ) ) ;
#1285 = ORIENTED_EDGE ( 'NONE', *, *, #3162, .F. ) ;
#1286 = LINE ( 'NONE', #5409, #1218 ) ;
#1287 = CARTESIAN_POINT ( 'NONE',  ( 1.584999999999995300, -4.599999999999992500, 0.3149999999999944000 ) ) ;
#1288 = VECTOR ( 'NONE', #654, 999.9999999999998900 ) ;
#1289 = CARTESIAN_POINT ( 'NONE',  ( -3.495000000000005000, 0.7699999999999998000, 0.3149999999999951700 ) ) ;
#1290 = EDGE_CURVE ( 'NONE', #2865, #1410, #1213, .T. ) ;
#1291 = VECTOR ( 'NONE', #2644, 1000.000000000000000 ) ;
#1292 = CARTESIAN_POINT ( 'NONE',  ( -2.939999999999984400, 0.5009999999999866800, 1.400000000000000100 ) ) ;
#1293 = DIRECTION ( 'NONE',  ( 0.0000000000000000000, -5.860552283705276200E-015, -1.000000000000000000 ) ) ;
#1294 = VECTOR ( 'NONE', #5455, 1000.000000000000000 ) ;
#1295 = FACE_OUTER_BOUND ( 'NONE', #2123, .T. ) ;
#1296 = ADVANCED_FACE ( 'NONE', ( #133, #1162 ), #1335, .F. ) ;
#1297 = CARTESIAN_POINT ( 'NONE',  ( -3.495000000000005000, 0.9550000000000102900, 1.900000000000000100 ) ) ;
#1298 = CARTESIAN_POINT ( 'NONE',  ( 2.540000000000000000, 1.477820323027566600, 9.000000000000001800 ) ) ;
#1299 = LINE ( 'NONE', #745, #476 ) ;
#1300 = VECTOR ( 'NONE', #3680, 1000.000000000000000 ) ;
#1301 = FACE_OUTER_BOUND ( 'NONE', #5560, .T. ) ;
#1302 = CARTESIAN_POINT ( 'NONE',  ( -3.694959779138558000, 1.385040220861457800, 9.346260055215353200 ) ) ;
#1303 = PLANE ( 'NONE',  #4192 ) ;
#1304 = ORIENTED_EDGE ( 'NONE', *, *, #3039, .F. ) ;
#1305 = CARTESIAN_POINT ( 'NONE',  ( -0.9549999999999923000, 2.038999999999954000, 1.900000000000000100 ) ) ;
#1306 = ORIENTED_EDGE ( 'NONE', *, *, #5333, .T. ) ;
#1307 = VECTOR ( 'NONE', #331, 1000.000000000000000 ) ;
#1308 = EDGE_CURVE ( 'NONE', #4390, #2490, #5522, .T. ) ;
#1309 = DIRECTION ( 'NONE',  ( 0.0000000000000000000, 1.517583580067741800E-016, -1.000000000000000000 ) ) ;
#1310 = CARTESIAN_POINT ( 'NONE',  ( 0.5000000000000000000, 2.606599254992157300E-016, 1.400000000000000100 ) ) ;
#1311 = ORIENTED_EDGE ( 'NONE', *, *, #4874, .F. ) ;
#1312 = DIRECTION ( 'NONE',  ( 0.0000000000000000000, -2.168404344971009900E-016, 1.000000000000000000 ) ) ;
#1313 = AXIS2_PLACEMENT_3D ( 'NONE', #3721, #2904, #3396 ) ;
#1314 = DIRECTION ( 'NONE',  ( 0.0000000000000000000, -1.000000000000000000, 0.0000000000000000000 ) ) ;
#1315 = FILL_AREA_STYLE_COLOUR ( '', #4954 ) ;
#1316 = DIRECTION ( 'NONE',  ( -1.000000000000000000, 0.0000000000000000000, 0.0000000000000000000 ) ) ;
#1317 = ADVANCED_FACE ( 'NONE', ( #3717 ), #1303, .T. ) ;
#1318 = VERTEX_POINT ( 'NONE', #852 ) ;
#1319 = EDGE_CURVE ( 'NONE', #5138, #1520, #3522, .T. ) ;
#1320 = FACE_OUTER_BOUND ( 'NONE', #782, .T. ) ;
#1321 = CARTESIAN_POINT ( 'NONE',  ( -4.124999999999996400, 0.7699999999999998000, -0.3150000000000034400 ) ) ;
#1322 = DIRECTION ( 'NONE',  ( 0.0000000000000000000, 0.0000000000000000000, -1.000000000000000000 ) ) ;
#1323 = ORIENTED_EDGE ( 'NONE', *, *, #3779, .T. ) ;
#1324 = DIRECTION ( 'NONE',  ( 0.0000000000000000000, 2.168404344971009900E-016, -1.000000000000000000 ) ) ;
#1325 = EDGE_CURVE ( 'NONE', #1833, #3810, #4977, .T. ) ;
#1326 = CARTESIAN_POINT ( 'NONE',  ( -0.9550000000000014000, 0.7699999999999990200, 0.3149999999999951700 ) ) ;
#1327 = UNCERTAINTY_MEASURE_WITH_UNIT (LENGTH_MEASURE( 1.000000000000000100E-005 ), #187, 'distance_accuracy_value', 'NONE');
#1328 = EDGE_LOOP ( 'NONE', ( #4340, #2341, #2585, #3792, #3422, #2131 ) ) ;
#1329 = EDGE_CURVE ( 'NONE', #1665, #1149, #1168, .T. ) ;
#1330 = SURFACE_SIDE_STYLE ('',( #2391 ) ) ;
#1331 = DIRECTION ( 'NONE',  ( 1.000000000000000000, 0.0000000000000000000, 0.0000000000000000000 ) ) ;
#1332 = ORIENTED_EDGE ( 'NONE', *, *, #4931, .F. ) ;
#1333 = DIRECTION ( 'NONE',  ( -0.0000000000000000000, -1.000000000000000000, -0.0000000000000000000 ) ) ;
#1334 = ORIENTED_EDGE ( 'NONE', *, *, #4614, .F. ) ;
#1335 = PLANE ( 'NONE',  #2488 ) ;
#1336 = DIRECTION ( 'NONE',  ( 1.000000000000000000, 0.0000000000000000000, 0.0000000000000000000 ) ) ;
#1337 = ORIENTED_EDGE ( 'NONE', *, *, #2647, .T. ) ;
#1338 = LINE ( 'NONE', #1920, #3286 ) ;
#1339 = DIRECTION ( 'NONE',  ( -1.000000000000000000, 0.0000000000000000000, 0.0000000000000000000 ) ) ;
#1340 = ORIENTED_EDGE ( 'NONE', *, *, #5537, .F. ) ;
#1341 = CARTESIAN_POINT ( 'NONE',  ( 5.079999999999987600, 2.038999999999999700, 1.400000000000000100 ) ) ;
#1342 = VERTEX_POINT ( 'NONE', #5179 ) ;
#1343 = ORIENTED_EDGE ( 'NONE', *, *, #3236, .T. ) ;
#1344 =( GEOMETRIC_REPRESENTATION_CONTEXT ( 3 ) GLOBAL_UNCERTAINTY_ASSIGNED_CONTEXT ( ( #4232 ) ) GLOBAL_UNIT_ASSIGNED_CONTEXT ( ( #808, #2114, #3776 ) ) REPRESENTATION_CONTEXT ( 'NONE', 'WORKASPACE' ) );
#1345 = CARTESIAN_POINT ( 'NONE',  ( -2.939999999999984400, 0.5009999999999866800, 1.399999999999999700 ) ) ;
#1346 = ADVANCED_FACE ( 'NONE', ( #1301 ), #2997, .F. ) ;
#1347 = CARTESIAN_POINT ( 'NONE',  ( 3.495000000000003200, 1.585000000000003500, 0.5000000000000004400 ) ) ;
#1348 = LINE ( 'NONE', #4138, #1939 ) ;
#1349 = ORIENTED_EDGE ( 'NONE', *, *, #869, .T. ) ;
#1350 = EDGE_LOOP ( 'NONE', ( #1594, #2791, #5172, #4816 ) ) ;
#1351 = PRESENTATION_LAYER_ASSIGNMENT (  '', '', ( #2347 ) ) ;
#1352 = LINE ( 'NONE', #5435, #4630 ) ;
#1353 = EDGE_CURVE ( 'NONE', #2671, #244, #3110, .T. ) ;
#1354 = CARTESIAN_POINT ( 'NONE',  ( 4.124999999999994700, -4.599999999999992500, 0.3149999999999949500 ) ) ;
#1355 = DIRECTION ( 'NONE',  ( 0.0000000000000000000, 2.168404344971009900E-016, -1.000000000000000000 ) ) ;
#1356 = AXIS2_PLACEMENT_3D ( 'NONE', #1402, #2296, #2274 ) ;
#1357 = COLOUR_RGB ( '',1.000000000000000000, 0.8117647058823529400, 0.5019607843137254800 ) ;
#1358 = VECTOR ( 'NONE', #1466, 1000.000000000000000 ) ;
#1359 = FILL_AREA_STYLE_COLOUR ( '', #4223 ) ;
#1360 = ORIENTED_EDGE ( 'NONE', *, *, #5492, .T. ) ;
#1361 = LINE ( 'NONE', #4502, #278 ) ;
#1362 = VECTOR ( 'NONE', #2786, 999.9999999999998900 ) ;
#1363 = LINE ( 'NONE', #2749, #2762 ) ;
#1364 = CARTESIAN_POINT ( 'NONE',  ( -4.124999999999996400, 1.585000000000008800, 1.400000000000000100 ) ) ;
#1365 = PRESENTATION_STYLE_ASSIGNMENT (( #2737 ) ) ;
#1366 = DIRECTION ( 'NONE',  ( 0.0000000000000000000, -1.000000000000000000, -2.168404344971009900E-016 ) ) ;
#1367 = CARTESIAN_POINT ( 'NONE',  ( -3.495000000000005000, -4.999999999999999100, 0.3149999999999943400 ) ) ;
#1368 = STYLED_ITEM ( 'NONE', ( #1370 ), #7 ) ;
#1369 = DIRECTION ( 'NONE',  ( -1.000000000000000000, 0.0000000000000000000, 0.0000000000000000000 ) ) ;
#1370 = PRESENTATION_STYLE_ASSIGNMENT (( #2667 ) ) ;
#1371 = FACE_OUTER_BOUND ( 'NONE', #5196, .T. ) ;
#1372 = CYLINDRICAL_SURFACE ( 'NONE', #2503, 0.1850000000000048300 ) ;
#1373 = ORIENTED_EDGE ( 'NONE', *, *, #4082, .F. ) ;
#1374 = DIRECTION ( 'NONE',  ( 0.0000000000000000000, 0.0000000000000000000, 1.000000000000000000 ) ) ;
#1375 = CARTESIAN_POINT ( 'NONE',  ( 0.9550000000000036200, 0.9550000000000100600, 0.4999999999999982800 ) ) ;
#1376 = DIRECTION ( 'NONE',  ( -0.0000000000000000000, 1.000000000000000000, 1.517583580067741800E-016 ) ) ;
#1377 = ADVANCED_FACE ( 'NONE', ( #4368 ), #1723, .T. ) ;
#1378 = EDGE_CURVE ( 'NONE', #3158, #4077, #3842, .T. ) ;
#1379 = CARTESIAN_POINT ( 'NONE',  ( 4.125000000000001800, 0.7700000000000011300, -0.3150000000000034400 ) ) ;
#1380 =( NAMED_UNIT ( * ) PLANE_ANGLE_UNIT ( ) SI_UNIT ( $, .RADIAN. ) );
#1381 = AXIS2_PLACEMENT_3D ( 'NONE', #4601, #5509, #5530 ) ;
#1382 = DIRECTION ( 'NONE',  ( 0.0000000000000000000, 1.517583580067741800E-016, -1.000000000000000000 ) ) ;
#1383 =( GEOMETRIC_REPRESENTATION_CONTEXT ( 3 ) GLOBAL_UNCERTAINTY_ASSIGNED_CONTEXT ( ( #447 ) ) GLOBAL_UNIT_ASSIGNED_CONTEXT ( ( #1818, #5224, #3540 ) ) REPRESENTATION_CONTEXT ( 'NONE', 'WORKASPACE' ) );
#1384 = FILL_AREA_STYLE ('',( #961 ) ) ;
#1385 = ORIENTED_EDGE ( 'NONE', *, *, #3230, .F. ) ;
#1386 = VECTOR ( 'NONE', #3986, 1000.000000000000100 ) ;
#1387 = VECTOR ( 'NONE', #473, 1000.000000000000000 ) ;
#1388 = EDGE_CURVE ( 'NONE', #3014, #3571, #2163, .T. ) ;
#1389 = STYLED_ITEM ( 'NONE', ( #1365 ), #3818 ) ;
#1390 = CARTESIAN_POINT ( 'NONE',  ( 0.5000000000000000000, 2.606599254992157300E-016, 4.000000000000000000 ) ) ;
#1391 = ORIENTED_EDGE ( 'NONE', *, *, #242, .F. ) ;
#1392 = DIRECTION ( 'NONE',  ( 0.7071067811865481300, -0.7071067811865469100, 0.0000000000000000000 ) ) ;
#1393 = VECTOR ( 'NONE', #651, 1000.000000000000000 ) ;
#1394 = CARTESIAN_POINT ( 'NONE',  ( 0.5000000000000004400, 0.0000000000000000000, 1.400000000000000100 ) ) ;
#1395 = DIRECTION ( 'NONE',  ( 0.0000000000000000000, 0.0000000000000000000, 1.000000000000000000 ) ) ;
#1396 = EDGE_CURVE ( 'NONE', #4684, #4581, #820, .T. ) ;
#1397 = VERTEX_POINT ( 'NONE', #4414 ) ;
#1398 = LINE ( 'NONE', #2086, #1195 ) ;
#1399 = AXIS2_PLACEMENT_3D ( 'NONE', #4049, #4866, #1891 ) ;
#1400 = CARTESIAN_POINT ( 'NONE',  ( -0.3999999999999837000, 2.038999999999999700, 1.900000000000000100 ) ) ;
#1401 = ORIENTED_EDGE ( 'NONE', *, *, #1493, .T. ) ;
#1402 = CARTESIAN_POINT ( 'NONE',  ( 0.9550000000000036200, 0.9550000000000102900, 1.400000000000000100 ) ) ;
#1403 = ORIENTED_EDGE ( 'NONE', *, *, #1917, .T. ) ;
#1404 = DIRECTION ( 'NONE',  ( 1.000000000000000000, -1.671484357524093000E-030, 1.101411730778927600E-014 ) ) ;
#1405 = ORIENTED_EDGE ( 'NONE', *, *, #3552, .F. ) ;
#1406 = EDGE_CURVE ( 'NONE', #96, #3824, #2034, .T. ) ;
#1407 = ORIENTED_EDGE ( 'NONE', *, *, #2435, .T. ) ;
#1408 =( NAMED_UNIT ( * ) SI_UNIT ( $, .STERADIAN. ) SOLID_ANGLE_UNIT ( ) );
#1409 = VECTOR ( 'NONE', #915, 1000.000000000000100 ) ;
#1410 = VERTEX_POINT ( 'NONE', #4007 ) ;
#1411 = ORIENTED_EDGE ( 'NONE', *, *, #3771, .F. ) ;
#1412 = VECTOR ( 'NONE', #54, 1000.000000000000000 ) ;
#1413 = FILL_AREA_STYLE_COLOUR ( '', #499 ) ;
#1414 = MECHANICAL_DESIGN_GEOMETRIC_PRESENTATION_REPRESENTATION (  '', ( #1124 ), #2383 ) ;
#1415 = EDGE_LOOP ( 'NONE', ( #4199, #3279, #1610, #2923 ) ) ;
#1416 = STYLED_ITEM ( 'NONE', ( #429 ), #5183 ) ;
#1417 = ORIENTED_EDGE ( 'NONE', *, *, #1233, .T. ) ;
#1418 = LINE ( 'NONE', #5574, #267 ) ;
#1419 = CARTESIAN_POINT ( 'NONE',  ( -1.584999999999996600, -4.999999999999999100, 0.3149999999999943400 ) ) ;
#1420 = DIRECTION ( 'NONE',  ( -1.000000000000000000, 0.0000000000000000000, 0.0000000000000000000 ) ) ;
#1421 = STYLED_ITEM ( 'NONE', ( #5564 ), #3347 ) ;
#1422 = FACE_OUTER_BOUND ( 'NONE', #1172, .T. ) ;
#1423 = DIRECTION ( 'NONE',  ( -1.000000000000000000, 0.0000000000000000000, 0.0000000000000000000 ) ) ;
#1424 = VECTOR ( 'NONE', #4839, 1000.000000000000000 ) ;
#1425 = PRESENTATION_STYLE_ASSIGNMENT (( #4342 ) ) ;
#1426 = EDGE_CURVE ( 'NONE', #165, #5137, #3448, .T. ) ;
#1427 = CARTESIAN_POINT ( 'NONE',  ( 1.584999999999995300, -4.599999999999992500, 0.3149999999999944500 ) ) ;
#1428 = DIRECTION ( 'NONE',  ( -0.7071067811865379100, 0.7071067811865572300, 0.0000000000000000000 ) ) ;
#1429 = AXIS2_PLACEMENT_3D ( 'NONE', #2048, #754, #1581 ) ;
#1430 = CARTESIAN_POINT ( 'NONE',  ( 1.314425348687050300, 1.225574651312968600, 9.941393662828229300 ) ) ;
#1431 = VECTOR ( 'NONE', #882, 1000.000000000000000 ) ;
#1432 = CIRCLE ( 'NONE', #5258, 0.8150000000000033900 ) ;
#1433 = EDGE_CURVE ( 'NONE', #1149, #1897, #2706, .T. ) ;
#1434 = VERTEX_POINT ( 'NONE', #99 ) ;
#1435 = DIRECTION ( 'NONE',  ( 1.000000000000000000, 0.0000000000000000000, -0.0000000000000000000 ) ) ;
#1436 = ORIENTED_EDGE ( 'NONE', *, *, #780, .T. ) ;
#1437 = FILL_AREA_STYLE ('',( #546 ) ) ;
#1438 = AXIS2_PLACEMENT_3D ( 'NONE', #2689, #86, #3971 ) ;
#1439 = VECTOR ( 'NONE', #2601, 999.9999999999998900 ) ;
#1440 = DIRECTION ( 'NONE',  ( 0.0000000000000000000, 2.168404344971009900E-016, -1.000000000000000000 ) ) ;
#1441 = ORIENTED_EDGE ( 'NONE', *, *, #4281, .F. ) ;
#1442 = DIRECTION ( 'NONE',  ( -0.7071067811865379100, 0.7071067811865572300, 0.0000000000000000000 ) ) ;
#1443 = AXIS2_PLACEMENT_3D ( 'NONE', #486, #3108, #5202 ) ;
#1444 = FACE_OUTER_BOUND ( 'NONE', #2348, .T. ) ;
#1445 = CARTESIAN_POINT ( 'NONE',  ( 3.495000000000003200, 1.585000000000003500, 0.5000000000000004400 ) ) ;
#1446 = DIRECTION ( 'NONE',  ( -0.2505628070857315900, -0.9351131265310304000, 0.2505628070857276500 ) ) ;
#1447 = ORIENTED_EDGE ( 'NONE', *, *, #2900, .F. ) ;
#1448 = VECTOR ( 'NONE', #4897, 1000.000000000000000 ) ;
#1449 = VERTEX_POINT ( 'NONE', #560 ) ;
#1450 =( LENGTH_UNIT ( ) NAMED_UNIT ( * ) SI_UNIT ( .MILLI., .METRE. ) );
#1451 = DIRECTION ( 'NONE',  ( 0.0000000000000000000, -1.000000000000000000, -1.409885789968134100E-016 ) ) ;
#1452 = VERTEX_POINT ( 'NONE', #3118 ) ;
#1453 = PRESENTATION_STYLE_ASSIGNMENT (( #1157 ) ) ;
#1454 = EDGE_CURVE ( 'NONE', #4745, #5349, #2371, .T. ) ;
#1455 = FILL_AREA_STYLE ('',( #3673 ) ) ;
#1456 = DIRECTION ( 'NONE',  ( -0.7071067811865379100, 0.7071067811865572300, 0.0000000000000000000 ) ) ;
#1457 = ORIENTED_EDGE ( 'NONE', *, *, #1787, .F. ) ;
#1458 = FILL_AREA_STYLE_COLOUR ( '', #753 ) ;
#1459 = PLANE ( 'NONE',  #4655 ) ;
#1460 = SURFACE_SIDE_STYLE ('',( #3841 ) ) ;
#1461 = ORIENTED_EDGE ( 'NONE', *, *, #1032, .F. ) ;
#1462 = ORIENTED_EDGE ( 'NONE', *, *, #4082, .T. ) ;
#1463 = EDGE_CURVE ( 'NONE', #3341, #1933, #879, .T. ) ;
#1464 = DIRECTION ( 'NONE',  ( 0.0000000000000000000, -0.0000000000000000000, 1.000000000000000000 ) ) ;
#1465 = ORIENTED_EDGE ( 'NONE', *, *, #1030, .T. ) ;
#1466 = DIRECTION ( 'NONE',  ( 1.101411730778927600E-014, 1.000000000000000000, 0.0000000000000000000 ) ) ;
#1467 = LINE ( 'NONE', #1714, #330 ) ;
#1468 = EDGE_LOOP ( 'NONE', ( #918, #4912, #2431, #3226 ) ) ;
#1469 = CARTESIAN_POINT ( 'NONE',  ( -0.9549999999999979600, 1.585000000000016000, 8.599999999999996100 ) ) ;
#1470 = ORIENTED_EDGE ( 'NONE', *, *, #2204, .T. ) ;
#1471 = SURFACE_STYLE_USAGE ( .BOTH. , #1491 ) ;
#1472 = VERTEX_POINT ( 'NONE', #577 ) ;
#1473 = EDGE_CURVE ( 'NONE', #291, #1178, #1236, .T. ) ;
#1474 = CARTESIAN_POINT ( 'NONE',  ( 1.584999999999995300, -4.999999999999999100, 0.3149999999999943400 ) ) ;
#1475 = VECTOR ( 'NONE', #699, 1000.000000000000000 ) ;
#1476 = ORIENTED_EDGE ( 'NONE', *, *, #5463, .T. ) ;
#1477 = ADVANCED_FACE ( 'NONE', ( #2972 ), #3935, .F. ) ;
#1478 = DIRECTION ( 'NONE',  ( 1.000000000000000000, 0.0000000000000000000, -0.0000000000000000000 ) ) ;
#1479 = SURFACE_STYLE_FILL_AREA ( #2287 ) ;
#1480 = PRESENTATION_LAYER_ASSIGNMENT (  '', '', ( #2345 ) ) ;
#1481 =( GEOMETRIC_REPRESENTATION_CONTEXT ( 3 ) GLOBAL_UNCERTAINTY_ASSIGNED_CONTEXT ( ( #615 ) ) GLOBAL_UNIT_ASSIGNED_CONTEXT ( ( #4562, #1604, #2439 ) ) REPRESENTATION_CONTEXT ( 'NONE', 'WORKASPACE' ) );
#1482 = LINE ( 'NONE', #587, #470 ) ;
#1483 = DIRECTION ( 'NONE',  ( -1.000000000000000000, -0.0000000000000000000, -0.0000000000000000000 ) ) ;
#1484 = VECTOR ( 'NONE', #14, 1000.000000000000000 ) ;
#1485 = SURFACE_STYLE_USAGE ( .BOTH. , #2810 ) ;
#1486 =( GEOMETRIC_REPRESENTATION_CONTEXT ( 3 ) GLOBAL_UNCERTAINTY_ASSIGNED_CONTEXT ( ( #1327 ) ) GLOBAL_UNIT_ASSIGNED_CONTEXT ( ( #187, #5393, #4511 ) ) REPRESENTATION_CONTEXT ( 'NONE', 'WORKASPACE' ) );
#1487 = DIRECTION ( 'NONE',  ( 0.0000000000000000000, -1.000000000000000000, -1.409885789968134100E-016 ) ) ;
#1488 = COLOUR_RGB ( '',1.000000000000000000, 0.8117647058823529400, 0.5019607843137254800 ) ;
#1489 = FACE_OUTER_BOUND ( 'NONE', #1806, .T. ) ;
#1490 = CARTESIAN_POINT ( 'NONE',  ( -2.939999999999984400, 0.1000000000000028600, 1.400000000000000100 ) ) ;
#1491 = SURFACE_SIDE_STYLE ('',( #2551 ) ) ;
#1492 = UNCERTAINTY_MEASURE_WITH_UNIT (LENGTH_MEASURE( 1.000000000000000100E-005 ), #3881, 'distance_accuracy_value', 'NONE');
#1493 = EDGE_CURVE ( 'NONE', #1005, #5508, #142, .T. ) ;
#1494 = DIRECTION ( 'NONE',  ( 0.7071067811865469100, 0.7071067811865482400, 0.0000000000000000000 ) ) ;
#1495 = VECTOR ( 'NONE', #2193, 1000.000000000000000 ) ;
#1496 = SURFACE_SIDE_STYLE ('',( #3194 ) ) ;
#1497 = CARTESIAN_POINT ( 'NONE',  ( 0.9550000000000036200, 1.585000000000008800, 1.400000000000000100 ) ) ;
#1498 = EDGE_LOOP ( 'NONE', ( #5456, #421, #5278, #5351, #4623, #772 ) ) ;
#1499 = CARTESIAN_POINT ( 'NONE',  ( -4.124999999999996400, 0.9550000000000048500, 0.5000000000000004400 ) ) ;
#1500 = VECTOR ( 'NONE', #3812, 1000.000000000000000 ) ;
#1501 = DIRECTION ( 'NONE',  ( 1.101411730778927800E-014, 1.000000000000000000, 0.0000000000000000000 ) ) ;
#1502 = EDGE_CURVE ( 'NONE', #3598, #5501, #3246, .T. ) ;
#1503 = CARTESIAN_POINT ( 'NONE',  ( 1.585000000000002200, 1.585000000000003500, 0.5000000000000004400 ) ) ;
#1504 = LINE ( 'NONE', #2398, #4789 ) ;
#1505 =( LENGTH_UNIT ( ) NAMED_UNIT ( * ) SI_UNIT ( .MILLI., .METRE. ) );
#1506 =( LENGTH_UNIT ( ) NAMED_UNIT ( * ) SI_UNIT ( .MILLI., .METRE. ) );
#1507 = STYLED_ITEM ( 'NONE', ( #1425 ), #1733 ) ;
#1508 = VERTEX_POINT ( 'NONE', #1394 ) ;
#1509 = DIRECTION ( 'NONE',  ( -0.0000000000000000000, -0.0000000000000000000, 1.000000000000000000 ) ) ;
#1510 =( GEOMETRIC_REPRESENTATION_CONTEXT ( 3 ) GLOBAL_UNCERTAINTY_ASSIGNED_CONTEXT ( ( #1111 ) ) GLOBAL_UNIT_ASSIGNED_CONTEXT ( ( #3953, #198, #5341 ) ) REPRESENTATION_CONTEXT ( 'NONE', 'WORKASPACE' ) );
#1511 = CARTESIAN_POINT ( 'NONE',  ( -4.124999999999996400, 0.9550000000000102900, 4.000000000000000000 ) ) ;
#1512 = DIRECTION ( 'NONE',  ( 1.000000000000000000, 0.0000000000000000000, 0.0000000000000000000 ) ) ;
#1513 = STYLED_ITEM ( 'NONE', ( #494 ), #4737 ) ;
#1514 = SURFACE_STYLE_USAGE ( .BOTH. , #4474 ) ;
#1515 = VERTEX_POINT ( 'NONE', #3985 ) ;
#1516 = VECTOR ( 'NONE', #1336, 1000.000000000000000 ) ;
#1517 = CARTESIAN_POINT ( 'NONE',  ( 3.495000000000003200, 0.9550000000000048500, 0.5000000000000004400 ) ) ;
#1518 = PRESENTATION_LAYER_ASSIGNMENT (  '', '', ( #4421 ) ) ;
#1519 = DIRECTION ( 'NONE',  ( 0.0000000000000000000, -2.660618828185275700E-016, -1.000000000000000000 ) ) ;
#1520 = VERTEX_POINT ( 'NONE', #5193 ) ;
#1521 = LINE ( 'NONE', #2890, #2328 ) ;
#1522 = CARTESIAN_POINT ( 'NONE',  ( -5.080000000000015200, 2.540000000000000000, 1.400000000000000100 ) ) ;
#1523 = FILL_AREA_STYLE_COLOUR ( '', #407 ) ;
#1524 = CARTESIAN_POINT ( 'NONE',  ( -4.124999999999996400, 1.585000000000008800, 1.400000000000000100 ) ) ;
#1525 = AXIS2_PLACEMENT_3D ( 'NONE', #4288, #3942, #914 ) ;
#1526 = ORIENTED_EDGE ( 'NONE', *, *, #3150, .F. ) ;
#1527 = EDGE_CURVE ( 'NONE', #4879, #3193, #4443, .T. ) ;
#1528 = DIRECTION ( 'NONE',  ( -0.0000000000000000000, 0.9659258262890689800, -0.2588190451025183500 ) ) ;
#1529 = ORIENTED_EDGE ( 'NONE', *, *, #359, .T. ) ;
#1530 =( GEOMETRIC_REPRESENTATION_CONTEXT ( 3 ) GLOBAL_UNCERTAINTY_ASSIGNED_CONTEXT ( ( #1258 ) ) GLOBAL_UNIT_ASSIGNED_CONTEXT ( ( #263, #4539, #1972 ) ) REPRESENTATION_CONTEXT ( 'NONE', 'WORKASPACE' ) );
#1531 = CARTESIAN_POINT ( 'NONE',  ( 1.584999999999995300, -4.599999999999992500, 0.3149999999999944000 ) ) ;
#1532 =( NAMED_UNIT ( * ) SI_UNIT ( $, .STERADIAN. ) SOLID_ANGLE_UNIT ( ) );
#1533 = DIRECTION ( 'NONE',  ( 0.0000000000000000000, -0.0000000000000000000, 1.000000000000000000 ) ) ;
#1534 = VERTEX_POINT ( 'NONE', #4829 ) ;
#1535 = FILL_AREA_STYLE_COLOUR ( '', #3177 ) ;
#1536 = ORIENTED_EDGE ( 'NONE', *, *, #4790, .F. ) ;
#1537 = DIRECTION ( 'NONE',  ( 0.0000000000000000000, -2.660618828185275700E-016, -1.000000000000000000 ) ) ;
#1538 = LINE ( 'NONE', #3450, #1409 ) ;
#1539 = VERTEX_POINT ( 'NONE', #1854 ) ;
#1540 = EDGE_CURVE ( 'NONE', #4304, #3846, #692, .T. ) ;
#1541 = ORIENTED_EDGE ( 'NONE', *, *, #1433, .T. ) ;
#1542 = DIRECTION ( 'NONE',  ( -0.0000000000000000000, 1.530638361156006100E-015, 1.000000000000000000 ) ) ;
#1543 = VECTOR ( 'NONE', #4372, 1000.000000000000000 ) ;
#1544 = MECHANICAL_DESIGN_GEOMETRIC_PRESENTATION_REPRESENTATION (  '', ( #4119 ), #962 ) ;
#1545 = ORIENTED_EDGE ( 'NONE', *, *, #2943, .T. ) ;
#1546 =( NAMED_UNIT ( * ) SI_UNIT ( $, .STERADIAN. ) SOLID_ANGLE_UNIT ( ) );
#1547 = CARTESIAN_POINT ( 'NONE',  ( 1.584999999999995300, 0.7700000000000000200, 0.5000000000000000000 ) ) ;
#1548 = ORIENTED_EDGE ( 'NONE', *, *, #4356, .F. ) ;
#1549 = AXIS2_PLACEMENT_3D ( 'NONE', #3073, #5279, #5214 ) ;
#1550 = SURFACE_SIDE_STYLE ('',( #706 ) ) ;
#1551 = VECTOR ( 'NONE', #2774, 1000.000000000000100 ) ;
#1552 = SURFACE_STYLE_USAGE ( .BOTH. , #295 ) ;
#1553 = CYLINDRICAL_SURFACE ( 'NONE', #4984, 0.8150000000000033900 ) ;
#1554 = DIRECTION ( 'NONE',  ( 1.000000000000000000, -0.0000000000000000000, -0.0000000000000000000 ) ) ;
#1555 = DIRECTION ( 'NONE',  ( 0.0000000000000000000, -1.000000000000000000, -1.409885789968134100E-016 ) ) ;
#1556 = VERTEX_POINT ( 'NONE', #4376 ) ;
#1557 = LINE ( 'NONE', #5404, #414 ) ;
#1558 =( NAMED_UNIT ( * ) PLANE_ANGLE_UNIT ( ) SI_UNIT ( $, .RADIAN. ) );
#1559 = FACE_OUTER_BOUND ( 'NONE', #1865, .T. ) ;
#1560 = AXIS2_PLACEMENT_3D ( 'NONE', #4134, #279, #1593 ) ;
#1561 = SURFACE_STYLE_FILL_AREA ( #3210 ) ;
#1562 = LINE ( 'NONE', #5474, #4975 ) ;
#1563 = VECTOR ( 'NONE', #5281, 1000.000000000000000 ) ;
#1564 = CARTESIAN_POINT ( 'NONE',  ( -3.494999999999998300, -4.999999999999998200, -0.2078203230275552600 ) ) ;
#1565 = EDGE_CURVE ( 'NONE', #5221, #5000, #1093, .T. ) ;
#1566 = APPLICATION_CONTEXT ( 'automotive_design' ) ;
#1567 = AXIS2_PLACEMENT_3D ( 'NONE', #3352, #4637, #1293 ) ;
#1568 = CARTESIAN_POINT ( 'NONE',  ( -4.580000000000013400, 0.0000000000000000000, 1.400000000000000100 ) ) ;
#1569 = ORIENTED_EDGE ( 'NONE', *, *, #1325, .T. ) ;
#1570 = VERTEX_POINT ( 'NONE', #3555 ) ;
#1571 = FACE_OUTER_BOUND ( 'NONE', #1281, .T. ) ;
#1572 = CARTESIAN_POINT ( 'NONE',  ( -4.124999999999996400, 1.585000000000008800, 4.000000000000000000 ) ) ;
#1573 = CARTESIAN_POINT ( 'NONE',  ( 0.4000000000000110100, 0.09999999999999202600, 2.450000000000000200 ) ) ;
#1574 = EDGE_CURVE ( 'NONE', #3548, #756, #361, .T. ) ;
#1575 = ADVANCED_FACE ( 'NONE', ( #1371 ), #3224, .F. ) ;
#1576 = EDGE_LOOP ( 'NONE', ( #5055, #4808, #171, #2039 ) ) ;
#1577 =( NAMED_UNIT ( * ) SI_UNIT ( $, .STERADIAN. ) SOLID_ANGLE_UNIT ( ) );
#1578 = DIRECTION ( 'NONE',  ( 1.000000000000000000, -0.0000000000000000000, -0.0000000000000000000 ) ) ;
#1579 = DIRECTION ( 'NONE',  ( -0.0000000000000000000, -0.0000000000000000000, 1.000000000000000000 ) ) ;
#1580 = VERTEX_POINT ( 'NONE', #2769 ) ;
#1581 = DIRECTION ( 'NONE',  ( 1.000000000000000000, 0.0000000000000000000, 0.0000000000000000000 ) ) ;
#1582 =( LENGTH_UNIT ( ) NAMED_UNIT ( * ) SI_UNIT ( .MILLI., .METRE. ) );
#1583 = ORIENTED_EDGE ( 'NONE', *, *, #3918, .F. ) ;
#1584 = DIRECTION ( 'NONE',  ( -0.0000000000000000000, 0.0000000000000000000, -1.000000000000000000 ) ) ;
#1585 = EDGE_CURVE ( 'NONE', #3752, #4940, #2105, .T. ) ;
#1586 = CARTESIAN_POINT ( 'NONE',  ( 3.495000000000003200, 1.585000000000016000, 8.599999999999996100 ) ) ;
#1587 = CARTESIAN_POINT ( 'NONE',  ( 3.495000000000003200, 2.038999999999999700, 1.900000000000000100 ) ) ;
#1588 = CARTESIAN_POINT ( 'NONE',  ( 1.585000000000002200, 1.585000000000008800, 1.400000000000000100 ) ) ;
#1589 = EDGE_LOOP ( 'NONE', ( #4980, #298, #1202, #1627 ) ) ;
#1590 = VECTOR ( 'NONE', #2372, 1000.000000000000000 ) ;
#1591 =( GEOMETRIC_REPRESENTATION_CONTEXT ( 3 ) GLOBAL_UNCERTAINTY_ASSIGNED_CONTEXT ( ( #4820 ) ) GLOBAL_UNIT_ASSIGNED_CONTEXT ( ( #3345, #5539, #4186 ) ) REPRESENTATION_CONTEXT ( 'NONE', 'WORKASPACE' ) );
#1592 = CARTESIAN_POINT ( 'NONE',  ( 0.9550000000000036200, 0.7700000000000000200, 0.5000000000000000000 ) ) ;
#1593 = DIRECTION ( 'NONE',  ( 0.0000000000000000000, -1.000000000000000000, 0.0000000000000000000 ) ) ;
#1594 = ORIENTED_EDGE ( 'NONE', *, *, #2317, .F. ) ;
#1595 = DIRECTION ( 'NONE',  ( 0.0000000000000000000, -0.2588190451025199100, 0.9659258262890685300 ) ) ;
#1596 = AXIS2_PLACEMENT_3D ( 'NONE', #3283, #297, #3718 ) ;
#1597 = EDGE_LOOP ( 'NONE', ( #2084, #3945, #1403, #3808 ) ) ;
#1598 = CARTESIAN_POINT ( 'NONE',  ( -1.584999999999996600, 1.585000000000003500, 8.599999999999996100 ) ) ;
#1599 = ADVANCED_FACE ( 'NONE', ( #954 ), #2308, .T. ) ;
#1600 = SURFACE_SIDE_STYLE ('',( #5323 ) ) ;
#1601 = ORIENTED_EDGE ( 'NONE', *, *, #5155, .T. ) ;
#1602 = COLOUR_RGB ( '',1.000000000000000000, 0.8117647058823529400, 0.5019607843137254800 ) ;
#1603 = EDGE_CURVE ( 'NONE', #3722, #1216, #283, .T. ) ;
#1604 =( NAMED_UNIT ( * ) PLANE_ANGLE_UNIT ( ) SI_UNIT ( $, .RADIAN. ) );
#1605 = AXIS2_PLACEMENT_3D ( 'NONE', #5584, #3000, #907 ) ;
#1606 = PLANE ( 'NONE',  #4616 ) ;
#1607 = ORIENTED_EDGE ( 'NONE', *, *, #1388, .F. ) ;
#1608 = PLANE ( 'NONE',  #3103 ) ;
#1609 = VECTOR ( 'NONE', #3281, 1000.000000000000000 ) ;
#1610 = ORIENTED_EDGE ( 'NONE', *, *, #5415, .T. ) ;
#1611 = FACE_OUTER_BOUND ( 'NONE', #3173, .T. ) ;
#1612 = VERTEX_POINT ( 'NONE', #5320 ) ;
#1613 = DIRECTION ( 'NONE',  ( -0.2505628070857293700, -0.2505628070857293700, -0.9351131265310305100 ) ) ;
#1614 = ORIENTED_EDGE ( 'NONE', *, *, #2067, .F. ) ;
#1615 = CARTESIAN_POINT ( 'NONE',  ( -4.124999999999996400, 0.7700000000000006800, -0.3150000000000034400 ) ) ;
#1616 = EDGE_CURVE ( 'NONE', #1452, #3360, #1363, .T. ) ;
#1617 = COLOUR_RGB ( '',1.000000000000000000, 0.8117647058823529400, 0.5019607843137254800 ) ;
#1618 = CARTESIAN_POINT ( 'NONE',  ( 2.040000000000013400, 0.0000000000000000000, 1.400000000000000100 ) ) ;
#1619 = UNCERTAINTY_MEASURE_WITH_UNIT (LENGTH_MEASURE( 1.000000000000000100E-005 ), #2871, 'distance_accuracy_value', 'NONE');
#1620 = VECTOR ( 'NONE', #154, 1000.000000000000000 ) ;
#1621 = CARTESIAN_POINT ( 'NONE',  ( 1.585000000000002200, 1.585000000000016000, 8.599999999999996100 ) ) ;
#1622 = DIRECTION ( 'NONE',  ( 0.0000000000000000000, 0.0000000000000000000, 1.000000000000000000 ) ) ;
#1623 = AXIS2_PLACEMENT_3D ( 'NONE', #1743, #3899, #2610 ) ;
#1624 = VECTOR ( 'NONE', #1487, 1000.000000000000000 ) ;
#1625 = FILL_AREA_STYLE_COLOUR ( '', #2011 ) ;
#1626 = PLANE ( 'NONE',  #25 ) ;
#1627 = ORIENTED_EDGE ( 'NONE', *, *, #457, .F. ) ;
#1628 = LINE ( 'NONE', #329, #1825 ) ;
#1629 = LINE ( 'NONE', #236, #1362 ) ;
#1630 = DIRECTION ( 'NONE',  ( -1.000000000000000000, -0.0000000000000000000, -0.0000000000000000000 ) ) ;
#1631 = ADVANCED_FACE ( 'NONE', ( #4105 ), #2367, .T. ) ;
#1632 = VECTOR ( 'NONE', #584, 999.9999999999998900 ) ;
#1633 = DIRECTION ( 'NONE',  ( 0.7071067811865469100, -0.7071067811865482400, 0.0000000000000000000 ) ) ;
#1634 = ORIENTED_EDGE ( 'NONE', *, *, #4311, .T. ) ;
#1635 = AXIS2_PLACEMENT_3D ( 'NONE', #5525, #4634, #4685 ) ;
#1636 = ORIENTED_EDGE ( 'NONE', *, *, #1668, .F. ) ;
#1637 = VECTOR ( 'NONE', #2880, 1000.000000000000000 ) ;
#1638 = SURFACE_SIDE_STYLE ('',( #4018 ) ) ;
#1639 = LINE ( 'NONE', #5166, #2237 ) ;
#1640 = PRODUCT_RELATED_PRODUCT_CATEGORY ( 'part', '', ( #2379 ) ) ;
#1641 = ORIENTED_EDGE ( 'NONE', *, *, #3444, .T. ) ;
#1642 = EDGE_CURVE ( 'NONE', #115, #2530, #2700, .T. ) ;
#1643 = PRESENTATION_STYLE_ASSIGNMENT (( #5076 ) ) ;
#1644 = DIRECTION ( 'NONE',  ( -0.0000000000000000000, 1.000000000000000000, 1.517583580067741800E-016 ) ) ;
#1645 =( LENGTH_UNIT ( ) NAMED_UNIT ( * ) SI_UNIT ( .MILLI., .METRE. ) );
#1646 = PLANE ( 'NONE',  #2057 ) ;
#1647 = PLANE ( 'NONE',  #655 ) ;
#1648 = STYLED_ITEM ( 'NONE', ( #4506 ), #92 ) ;
#1649 = ORIENTED_EDGE ( 'NONE', *, *, #4331, .T. ) ;
#1650 = CARTESIAN_POINT ( 'NONE',  ( -0.9549999999999979600, -4.999999999999998200, -0.2078203230275552600 ) ) ;
#1651 = DIRECTION ( 'NONE',  ( 0.0000000000000000000, 1.000000000000000000, 0.0000000000000000000 ) ) ;
#1652 = ADVANCED_FACE ( 'NONE', ( #3645 ), #5378, .T. ) ;
#1653 = ORIENTED_EDGE ( 'NONE', *, *, #5526, .F. ) ;
#1654 = FACE_OUTER_BOUND ( 'NONE', #637, .T. ) ;
#1655 = LINE ( 'NONE', #675, #5192 ) ;
#1656 = CARTESIAN_POINT ( 'NONE',  ( -4.124999999999996400, 0.9550000000000048500, 0.5000000000000004400 ) ) ;
#1657 = CARTESIAN_POINT ( 'NONE',  ( 4.017820323027535800, 4.726424473330774100E-014, 9.000000000000001800 ) ) ;
#1658 = ORIENTED_EDGE ( 'NONE', *, *, #4369, .F. ) ;
#1659 = EDGE_CURVE ( 'NONE', #4246, #1062, #2502, .T. ) ;
#1660 = CARTESIAN_POINT ( 'NONE',  ( -0.9550000000000048500, 0.9550000000000172800, 8.599999999999996100 ) ) ;
#1661 = CARTESIAN_POINT ( 'NONE',  ( -5.080000000000015200, 0.5000000000000004400, 1.400000000000000100 ) ) ;
#1662 = PLANE ( 'NONE',  #2103 ) ;
#1663 = ORIENTED_EDGE ( 'NONE', *, *, #4221, .F. ) ;
#1664 = AXIS2_PLACEMENT_3D ( 'NONE', #2423, #4990, #5432 ) ;
#1665 = VERTEX_POINT ( 'NONE', #2384 ) ;
#1666 = UNCERTAINTY_MEASURE_WITH_UNIT (LENGTH_MEASURE( 1.000000000000000100E-005 ), #1582, 'distance_accuracy_value', 'NONE');
#1667 = ORIENTED_EDGE ( 'NONE', *, *, #268, .F. ) ;
#1668 = EDGE_CURVE ( 'NONE', #3810, #394, #2099, .T. ) ;
#1669 = EDGE_LOOP ( 'NONE', ( #843, #106, #5358, #4610, #2305, #2884 ) ) ;
#1670 = FILL_AREA_STYLE_COLOUR ( '', #1280 ) ;
#1671 =( GEOMETRIC_REPRESENTATION_CONTEXT ( 3 ) GLOBAL_UNCERTAINTY_ASSIGNED_CONTEXT ( ( #1838 ) ) GLOBAL_UNIT_ASSIGNED_CONTEXT ( ( #2797, #168, #4600 ) ) REPRESENTATION_CONTEXT ( 'NONE', 'WORKASPACE' ) );
#1672 = LINE ( 'NONE', #1531, #2342 ) ;
#1673 = LINE ( 'NONE', #2673, #4949 ) ;
#1674 = DIRECTION ( 'NONE',  ( 1.000000000000000000, 0.0000000000000000000, -0.0000000000000000000 ) ) ;
#1675 = ORIENTED_EDGE ( 'NONE', *, *, #1616, .T. ) ;
#1676 = VERTEX_POINT ( 'NONE', #1889 ) ;
#1677 = DIRECTION ( 'NONE',  ( 0.0000000000000000000, -1.000000000000000000, -1.517583580067741800E-016 ) ) ;
#1678 = EDGE_CURVE ( 'NONE', #3590, #4604, #543, .T. ) ;
#1679 = AXIS2_PLACEMENT_3D ( 'NONE', #1592, #1967, #1537 ) ;
#1680 = FILL_AREA_STYLE ('',( #790 ) ) ;
#1681 = VERTEX_POINT ( 'NONE', #4955 ) ;
#1682 = DIRECTION ( 'NONE',  ( -1.101411730778927800E-014, -1.000000000000000000, -1.409885789968134100E-016 ) ) ;
#1683 = ORIENTED_EDGE ( 'NONE', *, *, #5451, .T. ) ;
#1684 = PLANE ( 'NONE',  #2990 ) ;
#1685 = ADVANCED_FACE ( 'NONE', ( #686 ), #4552, .F. ) ;
#1686 = COLOUR_RGB ( '',1.000000000000000000, 0.8117647058823529400, 0.5019607843137254800 ) ;
#1687 = EDGE_CURVE ( 'NONE', #2065, #5221, #280, .T. ) ;
#1688 = EDGE_LOOP ( 'NONE', ( #3428, #2169, #4407, #3072 ) ) ;
#1689 = CARTESIAN_POINT ( 'NONE',  ( -0.9549999999999979600, -4.999999999999998200, -0.3150000000000042800 ) ) ;
#1690 = UNCERTAINTY_MEASURE_WITH_UNIT (LENGTH_MEASURE( 1.000000000000000100E-005 ), #1907, 'distance_accuracy_value', 'NONE');
#1691 = VECTOR ( 'NONE', #5054, 1000.000000000000000 ) ;
#1692 = EDGE_CURVE ( 'NONE', #1520, #2284, #5380, .T. ) ;
#1693 = SURFACE_STYLE_USAGE ( .BOTH. , #1235 ) ;
#1694 = PRESENTATION_STYLE_ASSIGNMENT (( #4547 ) ) ;
#1695 = VECTOR ( 'NONE', #513, 1000.000000000000000 ) ;
#1696 = CARTESIAN_POINT ( 'NONE',  ( 1.585000000000002200, -4.999999999999998200, -0.3150000000000042800 ) ) ;
#1697 = VECTOR ( 'NONE', #2693, 1000.000000000000000 ) ;
#1698 = AXIS2_PLACEMENT_3D ( 'NONE', #1882, #4486, #5348 ) ;
#1699 = ORIENTED_EDGE ( 'NONE', *, *, #5536, .F. ) ;
#1700 = FILL_AREA_STYLE ('',( #5549 ) ) ;
#1701 = VERTEX_POINT ( 'NONE', #4532 ) ;
#1702 = VECTOR ( 'NONE', #3799, 1000.000000000000000 ) ;
#1703 = UNCERTAINTY_MEASURE_WITH_UNIT (LENGTH_MEASURE( 1.000000000000000100E-005 ), #2255, 'distance_accuracy_value', 'NONE');
#1704 = FACE_OUTER_BOUND ( 'NONE', #5390, .T. ) ;
#1705 = CARTESIAN_POINT ( 'NONE',  ( -0.4999999999999870100, 2.540000000000000000, 1.400000000000000100 ) ) ;
#1706 = ORIENTED_EDGE ( 'NONE', *, *, #4067, .F. ) ;
#1707 = SURFACE_STYLE_USAGE ( .BOTH. , #2122 ) ;
#1708 = ADVANCED_FACE ( 'NONE', ( #5523 ), #5418, .F. ) ;
#1709 = EDGE_CURVE ( 'NONE', #703, #1216, #4836, .T. ) ;
#1710 = DIRECTION ( 'NONE',  ( 0.0000000000000000000, 1.000000000000000000, 1.517583580067741800E-016 ) ) ;
#1711 = CARTESIAN_POINT ( 'NONE',  ( -5.080000000000015200, 2.540000000000000000, 4.000000000000000000 ) ) ;
#1712 = ORIENTED_EDGE ( 'NONE', *, *, #1763, .F. ) ;
#1713 = LINE ( 'NONE', #3089, #3989 ) ;
#1714 = CARTESIAN_POINT ( 'NONE',  ( -0.3999999999999841500, 2.540000000000000000, 1.400000000000000100 ) ) ;
#1715 = ORIENTED_EDGE ( 'NONE', *, *, #5557, .F. ) ;
#1716 = FACE_OUTER_BOUND ( 'NONE', #266, .T. ) ;
#1717 = VECTOR ( 'NONE', #5535, 1000.000000000000000 ) ;
#1718 = EDGE_CURVE ( 'NONE', #2805, #1681, #355, .T. ) ;
#1719 = FILL_AREA_STYLE_COLOUR ( '', #1191 ) ;
#1720 = CARTESIAN_POINT ( 'NONE',  ( -2.139999999999989000, 2.038999999999999700, 1.400000000000000100 ) ) ;
#1721 = ORIENTED_EDGE ( 'NONE', *, *, #1763, .T. ) ;
#1722 =( LENGTH_UNIT ( ) NAMED_UNIT ( * ) SI_UNIT ( .MILLI., .METRE. ) );
#1723 = PLANE ( 'NONE',  #4491 ) ;
#1724 = AXIS2_PLACEMENT_3D ( 'NONE', #607, #3143, #2714 ) ;
#1725 = ORIENTED_EDGE ( 'NONE', *, *, #3295, .F. ) ;
#1726 = EDGE_LOOP ( 'NONE', ( #5302, #1776, #2282, #4796 ) ) ;
#1727 =( NAMED_UNIT ( * ) PLANE_ANGLE_UNIT ( ) SI_UNIT ( $, .RADIAN. ) );
#1728 = VERTEX_POINT ( 'NONE', #472 ) ;
#1729 = SURFACE_STYLE_USAGE ( .BOTH. , #2584 ) ;
#1730 = ORIENTED_EDGE ( 'NONE', *, *, #2545, .T. ) ;
#1731 = CARTESIAN_POINT ( 'NONE',  ( 4.124999999999994700, -4.599999999999992500, 0.3149999999999944500 ) ) ;
#1732 = STYLED_ITEM ( 'NONE', ( #749 ), #2453 ) ;
#1733 = ADVANCED_FACE ( 'NONE', ( #4642 ), #3892, .T. ) ;
#1734 = UNCERTAINTY_MEASURE_WITH_UNIT (LENGTH_MEASURE( 1.000000000000000100E-005 ), #5254, 'distance_accuracy_value', 'NONE');
#1735 = PLANE ( 'NONE',  #1241 ) ;
#1736 = ORIENTED_EDGE ( 'NONE', *, *, #821, .F. ) ;
#1737 = FACE_OUTER_BOUND ( 'NONE', #5491, .T. ) ;
#1738 = EDGE_CURVE ( 'NONE', #5066, #397, #4161, .T. ) ;
#1739 = VERTEX_POINT ( 'NONE', #2638 ) ;
#1740 = DIRECTION ( 'NONE',  ( 0.7071067811865482400, -0.7071067811865469100, 0.0000000000000000000 ) ) ;
#1741 = VECTOR ( 'NONE', #2538, 1000.000000000000000 ) ;
#1742 = ORIENTED_EDGE ( 'NONE', *, *, #5155, .F. ) ;
#1743 = CARTESIAN_POINT ( 'NONE',  ( 0.9550000000000036200, -4.999999999999998200, -0.3150000000000042800 ) ) ;
#1744 = STYLED_ITEM ( 'NONE', ( #5497 ), #3547 ) ;
#1745 = ORIENTED_EDGE ( 'NONE', *, *, #1063, .F. ) ;
#1746 = PRESENTATION_STYLE_ASSIGNMENT (( #4276 ) ) ;
#1747 = DIRECTION ( 'NONE',  ( 0.0000000000000000000, 1.682396719162780200E-015, -1.000000000000000000 ) ) ;
#1748 = VECTOR ( 'NONE', #4521, 1000.000000000000000 ) ;
#1749 = ORIENTED_EDGE ( 'NONE', *, *, #3882, .F. ) ;
#1750 = LINE ( 'NONE', #4514, #2357 ) ;
#1751 =( NAMED_UNIT ( * ) SI_UNIT ( $, .STERADIAN. ) SOLID_ANGLE_UNIT ( ) );
#1752 = EDGE_CURVE ( 'NONE', #2987, #5221, #1944, .T. ) ;
#1753 = PRESENTATION_STYLE_ASSIGNMENT (( #3866 ) ) ;
#1754 = COLOUR_RGB ( '',1.000000000000000000, 0.8117647058823529400, 0.5019607843137254800 ) ;
#1755 = DIRECTION ( 'NONE',  ( 0.0000000000000000000, -0.0000000000000000000, 1.000000000000000000 ) ) ;
#1756 = ORIENTED_EDGE ( 'NONE', *, *, #164, .F. ) ;
#1757 = VECTOR ( 'NONE', #1965, 1000.000000000000000 ) ;
#1758 = FACE_OUTER_BOUND ( 'NONE', #744, .T. ) ;
#1759 = ORIENTED_EDGE ( 'NONE', *, *, #612, .T. ) ;
#1760 = CARTESIAN_POINT ( 'NONE',  ( -3.495000000000005000, -4.999999999999999100, 0.3149999999999943400 ) ) ;
#1761 = ADVANCED_FACE ( 'NONE', ( #1077 ), #3065, .F. ) ;
#1762 = VERTEX_POINT ( 'NONE', #2653 ) ;
#1763 = EDGE_CURVE ( 'NONE', #2284, #5219, #3511, .T. ) ;
#1764 = LINE ( 'NONE', #1364, #3782 ) ;
#1765 = ORIENTED_EDGE ( 'NONE', *, *, #5345, .T. ) ;
#1766 = MECHANICAL_DESIGN_GEOMETRIC_PRESENTATION_REPRESENTATION (  '', ( #405 ), #973 ) ;
#1767 = DIRECTION ( 'NONE',  ( -1.101411730778927600E-014, -1.000000000000000000, 0.0000000000000000000 ) ) ;
#1768 = PLANE ( 'NONE',  #2921 ) ;
#1769 = AXIS2_PLACEMENT_3D ( 'NONE', #3765, #4128, #3691 ) ;
#1770 = DIRECTION ( 'NONE',  ( -1.101411730778927600E-014, -1.682396719162780200E-015, 1.000000000000000000 ) ) ;
#1771 = SURFACE_STYLE_USAGE ( .BOTH. , #4731 ) ;
#1772 =( LENGTH_UNIT ( ) NAMED_UNIT ( * ) SI_UNIT ( .MILLI., .METRE. ) );
#1773 = CIRCLE ( 'NONE', #1797, 0.8150000000000033900 ) ;
#1774 = PLANE ( 'NONE',  #3361 ) ;
#1775 = SURFACE_STYLE_USAGE ( .BOTH. , #3922 ) ;
#1776 = ORIENTED_EDGE ( 'NONE', *, *, #2481, .T. ) ;
#1777 = LINE ( 'NONE', #1430, #3739 ) ;
#1778 = EDGE_CURVE ( 'NONE', #5000, #5465, #2628, .T. ) ;
#1779 = LINE ( 'NONE', #5570, #5058 ) ;
#1780 = UNCERTAINTY_MEASURE_WITH_UNIT (LENGTH_MEASURE( 1.000000000000000100E-005 ), #4214, 'distance_accuracy_value', 'NONE');
#1781 = CARTESIAN_POINT ( 'NONE',  ( 5.079999999999987600, 2.038999999999999700, 1.900000000000000100 ) ) ;
#1782 = ORIENTED_EDGE ( 'NONE', *, *, #2864, .F. ) ;
#1783 = DIRECTION ( 'NONE',  ( 1.000000000000000000, 0.0000000000000000000, 0.0000000000000000000 ) ) ;
#1784 = CARTESIAN_POINT ( 'NONE',  ( -0.9549999999999979600, 1.585000000000008800, 1.900000000000000100 ) ) ;
#1785 = ADVANCED_FACE ( 'NONE', ( #3442 ), #29, .T. ) ;
#1786 = ORIENTED_EDGE ( 'NONE', *, *, #4724, .T. ) ;
#1787 = EDGE_CURVE ( 'NONE', #1515, #2721, #2159, .T. ) ;
#1788 =( NAMED_UNIT ( * ) SI_UNIT ( $, .STERADIAN. ) SOLID_ANGLE_UNIT ( ) );
#1789 = ORIENTED_EDGE ( 'NONE', *, *, #183, .T. ) ;
#1790 = ORIENTED_EDGE ( 'NONE', *, *, #4175, .T. ) ;
#1791 = EDGE_CURVE ( 'NONE', #628, #4745, #2030, .T. ) ;
#1792 = PRESENTATION_LAYER_ASSIGNMENT (  '', '', ( #1507 ) ) ;
#1793 = FILL_AREA_STYLE ('',( #1413 ) ) ;
#1794 = ORIENTED_EDGE ( 'NONE', *, *, #4832, .T. ) ;
#1795 = PLANE ( 'NONE',  #2953 ) ;
#1796 = EDGE_LOOP ( 'NONE', ( #861, #5, #2239, #4629, #1765, #4953, #3091, #1190 ) ) ;
#1797 = AXIS2_PLACEMENT_3D ( 'NONE', #998, #3067, #4429 ) ;
#1798 = VECTOR ( 'NONE', #26, 1000.000000000000000 ) ;
#1799 = CARTESIAN_POINT ( 'NONE',  ( 3.495000000000003200, 0.7700000000000000200, 0.5000000000000000000 ) ) ;
#1800 = ORIENTED_EDGE ( 'NONE', *, *, #3630, .T. ) ;
#1801 = ORIENTED_EDGE ( 'NONE', *, *, #3456, .T. ) ;
#1802 = AXIS2_PLACEMENT_3D ( 'NONE', #1656, #5502, #4666 ) ;
#1803 = PLANE ( 'NONE',  #5244 ) ;
#1804 = VERTEX_POINT ( 'NONE', #526 ) ;
#1805 = DIRECTION ( 'NONE',  ( 0.0000000000000000000, -1.000000000000000000, -1.409885789968134300E-016 ) ) ;
#1806 = EDGE_LOOP ( 'NONE', ( #3784, #2485, #2707, #2408 ) ) ;
#1807 =( GEOMETRIC_REPRESENTATION_CONTEXT ( 3 ) GLOBAL_UNCERTAINTY_ASSIGNED_CONTEXT ( ( #3615 ) ) GLOBAL_UNIT_ASSIGNED_CONTEXT ( ( #3467, #3908, #1751 ) ) REPRESENTATION_CONTEXT ( 'NONE', 'WORKASPACE' ) );
#1808 = LINE ( 'NONE', #1427, #678 ) ;
#1809 = EDGE_CURVE ( 'NONE', #2671, #1452, #939, .T. ) ;
#1810 =( GEOMETRIC_REPRESENTATION_CONTEXT ( 3 ) GLOBAL_UNCERTAINTY_ASSIGNED_CONTEXT ( ( #3662 ) ) GLOBAL_UNIT_ASSIGNED_CONTEXT ( ( #157, #117, #1905 ) ) REPRESENTATION_CONTEXT ( 'NONE', 'WORKASPACE' ) );
#1811 = LINE ( 'NONE', #87, #1551 ) ;
#1812 = VECTOR ( 'NONE', #683, 1000.000000000000000 ) ;
#1813 = CARTESIAN_POINT ( 'NONE',  ( -2.939999999999984400, 2.439999999999997300, 1.400000000000000100 ) ) ;
#1814 = ADVANCED_FACE ( 'NONE', ( #2089 ), #60, .F. ) ;
#1815 = SURFACE_STYLE_FILL_AREA ( #5212 ) ;
#1816 = DIRECTION ( 'NONE',  ( -0.7071067811865474600, -0.7071067811865474600, 0.0000000000000000000 ) ) ;
#1817 = ORIENTED_EDGE ( 'NONE', *, *, #2941, .T. ) ;
#1818 =( LENGTH_UNIT ( ) NAMED_UNIT ( * ) SI_UNIT ( .MILLI., .METRE. ) );
#1819 = FACE_OUTER_BOUND ( 'NONE', #2017, .T. ) ;
#1820 = CARTESIAN_POINT ( 'NONE',  ( 2.940000000000011000, 0.09999999999999202600, 1.400000000000000100 ) ) ;
#1821 = DIRECTION ( 'NONE',  ( 1.101411730778927600E-014, 0.0000000000000000000, -1.000000000000000000 ) ) ;
#1822 = EDGE_CURVE ( 'NONE', #5137, #4035, #2360, .T. ) ;
#1823 = VERTEX_POINT ( 'NONE', #4819 ) ;
#1824 = CARTESIAN_POINT ( 'NONE',  ( -3.602179676972454600, -4.999999999999999100, 0.3149999999999931700 ) ) ;
#1825 = VECTOR ( 'NONE', #3781, 1000.000000000000000 ) ;
#1826 = VECTOR ( 'NONE', #3618, 999.9999999999998900 ) ;
#1827 = PRESENTATION_LAYER_ASSIGNMENT (  '', '', ( #3843 ) ) ;
#1828 = VECTOR ( 'NONE', #5342, 1000.000000000000000 ) ;
#1829 = LINE ( 'NONE', #4085, #5108 ) ;
#1830 = CARTESIAN_POINT ( 'NONE',  ( 0.4000000000000110100, 2.038999999999999700, 1.400000000000000100 ) ) ;
#1831 = PRESENTATION_LAYER_ASSIGNMENT (  '', '', ( #648 ) ) ;
#1832 = ORIENTED_EDGE ( 'NONE', *, *, #4591, .F. ) ;
#1833 = VERTEX_POINT ( 'NONE', #3632 ) ;
#1834 =( NAMED_UNIT ( * ) SI_UNIT ( $, .STERADIAN. ) SOLID_ANGLE_UNIT ( ) );
#1835 =( LENGTH_UNIT ( ) NAMED_UNIT ( * ) SI_UNIT ( .MILLI., .METRE. ) );
#1836 = LINE ( 'NONE', #1696, #562 ) ;
#1837 = CARTESIAN_POINT ( 'NONE',  ( -1.062179676972448500, 1.477820323027566600, 9.000000000000001800 ) ) ;
#1838 = UNCERTAINTY_MEASURE_WITH_UNIT (LENGTH_MEASURE( 1.000000000000000100E-005 ), #2797, 'distance_accuracy_value', 'NONE');
#1839 = PRESENTATION_LAYER_ASSIGNMENT (  '', '', ( #4537 ) ) ;
#1840 = DIRECTION ( 'NONE',  ( -0.0000000000000000000, 0.0000000000000000000, -1.000000000000000000 ) ) ;
#1841 = DIRECTION ( 'NONE',  ( -0.0000000000000000000, 1.530638361156006100E-015, 1.000000000000000000 ) ) ;
#1842 = DIRECTION ( 'NONE',  ( -0.2505628070857264800, -0.9351131265310308500, -0.2505628070857310900 ) ) ;
#1843 = ADVANCED_FACE ( 'NONE', ( #5031 ), #3979, .F. ) ;
#1844 = ORIENTED_EDGE ( 'NONE', *, *, #5227, .F. ) ;
#1845 = LINE ( 'NONE', #3489, #1981 ) ;
#1846 = EDGE_CURVE ( 'NONE', #2816, #1570, #5516, .T. ) ;
#1847 = CARTESIAN_POINT ( 'NONE',  ( -3.495000000000005000, 0.7700000000000002400, 0.3149999999999951700 ) ) ;
#1848 = AXIS2_PLACEMENT_3D ( 'NONE', #2194, #1366, #1324 ) ;
#1849 = DIRECTION ( 'NONE',  ( -0.0000000000000000000, -0.0000000000000000000, 1.000000000000000000 ) ) ;
#1850 = ORIENTED_EDGE ( 'NONE', *, *, #2374, .T. ) ;
#1851 = LINE ( 'NONE', #38, #1040 ) ;
#1852 = CARTESIAN_POINT ( 'NONE',  ( 2.140000000000016100, 2.540000000000000000, 1.400000000000000100 ) ) ;
#1853 = FACE_OUTER_BOUND ( 'NONE', #2356, .T. ) ;
#1854 = CARTESIAN_POINT ( 'NONE',  ( -1.584999999999996600, 1.585000000000008800, 1.900000000000000100 ) ) ;
#1855 =( NAMED_UNIT ( * ) SI_UNIT ( $, .STERADIAN. ) SOLID_ANGLE_UNIT ( ) );
#1856 = EDGE_CURVE ( 'NONE', #4135, #3346, #3231, .T. ) ;
#1857 = ORIENTED_EDGE ( 'NONE', *, *, #1325, .F. ) ;
#1858 = VECTOR ( 'NONE', #3758, 1000.000000000000000 ) ;
#1859 = ORIENTED_EDGE ( 'NONE', *, *, #2931, .T. ) ;
#1860 = DIRECTION ( 'NONE',  ( 0.0000000000000000000, -0.0000000000000000000, 1.000000000000000000 ) ) ;
#1861 = CARTESIAN_POINT ( 'NONE',  ( 5.079999999999987600, 2.540000000000000000, 1.400000000000000100 ) ) ;
#1862 = EDGE_LOOP ( 'NONE', ( #186, #5419, #910, #1461 ) ) ;
#1863 = ORIENTED_EDGE ( 'NONE', *, *, #1603, .T. ) ;
#1864 = PLANE ( 'NONE',  #5548 ) ;
#1865 = EDGE_LOOP ( 'NONE', ( #2542, #2215, #2643, #4615 ) ) ;
#1866 = VECTOR ( 'NONE', #2440, 1000.000000000000000 ) ;
#1867 = CARTESIAN_POINT ( 'NONE',  ( 3.040000000000014200, 2.540000000000000000, 1.400000000000000100 ) ) ;
#1868 = EDGE_CURVE ( 'NONE', #2327, #5246, #4354, .T. ) ;
#1869 =( NAMED_UNIT ( * ) PLANE_ANGLE_UNIT ( ) SI_UNIT ( $, .RADIAN. ) );
#1870 = ORIENTED_EDGE ( 'NONE', *, *, #239, .F. ) ;
#1871 = VECTOR ( 'NONE', #3092, 1000.000000000000000 ) ;
#1872 =( NAMED_UNIT ( * ) SI_UNIT ( $, .STERADIAN. ) SOLID_ANGLE_UNIT ( ) );
#1873 = ORIENTED_EDGE ( 'NONE', *, *, #3741, .T. ) ;
#1874 = ORIENTED_EDGE ( 'NONE', *, *, #3697, .T. ) ;
#1875 =( GEOMETRIC_REPRESENTATION_CONTEXT ( 3 ) GLOBAL_UNCERTAINTY_ASSIGNED_CONTEXT ( ( #2458 ) ) GLOBAL_UNIT_ASSIGNED_CONTEXT ( ( #2592, #4269, #4716 ) ) REPRESENTATION_CONTEXT ( 'NONE', 'WORKASPACE' ) );
#1876 = ORIENTED_EDGE ( 'NONE', *, *, #821, .T. ) ;
#1877 = PLANE ( 'NONE',  #1356 ) ;
#1878 = PLANE ( 'NONE',  #4814 ) ;
#1879 = COLOUR_RGB ( '',1.000000000000000000, 0.8117647058823529400, 0.5019607843137254800 ) ;
#1880 = CARTESIAN_POINT ( 'NONE',  ( -0.9550000000000048500, -4.599999999999992500, 0.3149999999999944500 ) ) ;
#1881 = LINE ( 'NONE', #170, #4762 ) ;
#1882 = CARTESIAN_POINT ( 'NONE',  ( 1.584999999999995300, -4.599999999999992500, 0.3149999999999949500 ) ) ;
#1883 = SURFACE_STYLE_USAGE ( .BOTH. , #2359 ) ;
#1884 = LINE ( 'NONE', #2985, #4766 ) ;
#1885 = LINE ( 'NONE', #3695, #748 ) ;
#1886 = EDGE_CURVE ( 'NONE', #1539, #884, #4031, .T. ) ;
#1887 = DIRECTION ( 'NONE',  ( -1.000000000000000000, -0.0000000000000000000, 0.0000000000000000000 ) ) ;
#1888 = LINE ( 'NONE', #2508, #2969 ) ;
#1889 = CARTESIAN_POINT ( 'NONE',  ( 1.584999999999995300, 0.9550000000000102900, 1.899999999999999900 ) ) ;
#1890 = STYLED_ITEM ( 'NONE', ( #5484 ), #4366 ) ;
#1891 = DIRECTION ( 'NONE',  ( 1.101411730778927600E-014, 1.000000000000000000, -0.0000000000000000000 ) ) ;
#1892 = ORIENTED_EDGE ( 'NONE', *, *, #4548, .T. ) ;
#1893 = ORIENTED_EDGE ( 'NONE', *, *, #1616, .F. ) ;
#1894 = EDGE_CURVE ( 'NONE', #5437, #4246, #197, .T. ) ;
#1895 = FACE_BOUND ( 'NONE', #2609, .T. ) ;
#1896 = DIRECTION ( 'NONE',  ( 0.0000000000000000000, 2.168404344971009900E-016, -1.000000000000000000 ) ) ;
#1897 = VERTEX_POINT ( 'NONE', #4875 ) ;
#1898 = CARTESIAN_POINT ( 'NONE',  ( 1.585000000000002200, 1.585000000000003500, 0.4999999999999982800 ) ) ;
#1899 = DIRECTION ( 'NONE',  ( 1.000000000000000000, 0.0000000000000000000, 0.0000000000000000000 ) ) ;
#1900 = MECHANICAL_DESIGN_GEOMETRIC_PRESENTATION_REPRESENTATION (  '', ( #5275 ), #2121 ) ;
#1901 = LINE ( 'NONE', #4635, #2913 ) ;
#1902 = UNCERTAINTY_MEASURE_WITH_UNIT (LENGTH_MEASURE( 1.000000000000000100E-005 ), #2190, 'distance_accuracy_value', 'NONE');
#1903 = CARTESIAN_POINT ( 'NONE',  ( 3.495000000000003200, 0.9550000000000102900, 4.000000000000000000 ) ) ;
#1904 = SURFACE_STYLE_USAGE ( .BOTH. , #4471 ) ;
#1905 =( NAMED_UNIT ( * ) SI_UNIT ( $, .STERADIAN. ) SOLID_ANGLE_UNIT ( ) );
#1906 = LINE ( 'NONE', #2679, #3125 ) ;
#1907 =( LENGTH_UNIT ( ) NAMED_UNIT ( * ) SI_UNIT ( .MILLI., .METRE. ) );
#1908 = AXIS2_PLACEMENT_3D ( 'NONE', #3751, #4602, #760 ) ;
#1909 = EDGE_LOOP ( 'NONE', ( #581, #2911, #696, #2619 ) ) ;
#1910 = LINE ( 'NONE', #4181, #20 ) ;
#1911 = SURFACE_SIDE_STYLE ('',( #693 ) ) ;
#1912 = CARTESIAN_POINT ( 'NONE',  ( 2.040000000000013400, 2.540000000000000000, 1.400000000000000100 ) ) ;
#1913 = CARTESIAN_POINT ( 'NONE',  ( 0.4000000000000114600, 2.038999999999999700, 1.900000000000000100 ) ) ;
#1914 = PRESENTATION_LAYER_ASSIGNMENT (  '', '', ( #4894 ) ) ;
#1915 = ORIENTED_EDGE ( 'NONE', *, *, #4209, .T. ) ;
#1916 = FACE_OUTER_BOUND ( 'NONE', #5495, .T. ) ;
#1917 = EDGE_CURVE ( 'NONE', #230, #4965, #1482, .T. ) ;
#1918 = CARTESIAN_POINT ( 'NONE',  ( 2.140000000000016100, 2.038999999999999700, 1.900000000000000100 ) ) ;
#1919 = AXIS2_PLACEMENT_3D ( 'NONE', #3854, #3780, #2935 ) ;
#1920 = CARTESIAN_POINT ( 'NONE',  ( 7.620000000000000100, 1.062179676972466500, 9.000000000000001800 ) ) ;
#1921 = ORIENTED_EDGE ( 'NONE', *, *, #869, .F. ) ;
#1922 = CARTESIAN_POINT ( 'NONE',  ( -5.080000000000015200, 2.540000000000000000, 1.400000000000000100 ) ) ;
#1923 = DIRECTION ( 'NONE',  ( 0.0000000000000000000, 0.0000000000000000000, 1.000000000000000000 ) ) ;
#1924 = ORIENTED_EDGE ( 'NONE', *, *, #569, .F. ) ;
#1925 = ORIENTED_EDGE ( 'NONE', *, *, #4428, .T. ) ;
#1926 = STYLED_ITEM ( 'NONE', ( #5040 ), #30 ) ;
#1927 = EDGE_LOOP ( 'NONE', ( #149, #5563, #2515, #1045 ) ) ;
#1928 = DIRECTION ( 'NONE',  ( 1.000000000000000000, -1.101411730778927600E-014, 1.685863046557458200E-029 ) ) ;
#1929 = ORIENTED_EDGE ( 'NONE', *, *, #2681, .T. ) ;
#1930 = CARTESIAN_POINT ( 'NONE',  ( -1.584999999999996600, 1.585000000000003500, 0.5000000000000004400 ) ) ;
#1931 = CARTESIAN_POINT ( 'NONE',  ( -5.080000000000015200, 0.5000000000000004400, 4.000000000000000000 ) ) ;
#1932 = COLOUR_RGB ( '',1.000000000000000000, 0.8117647058823529400, 0.5019607843137254800 ) ;
#1933 = VERTEX_POINT ( 'NONE', #2298 ) ;
#1934 = DIRECTION ( 'NONE',  ( 1.000000000000000000, -1.101411730778927600E-014, 1.685863046557458200E-029 ) ) ;
#1935 = VERTEX_POINT ( 'NONE', #3585 ) ;
#1936 = DIRECTION ( 'NONE',  ( -0.0000000000000000000, -0.0000000000000000000, 1.000000000000000000 ) ) ;
#1937 = EDGE_CURVE ( 'NONE', #3884, #165, #3900, .T. ) ;
#1938 = FILL_AREA_STYLE ('',( #1535 ) ) ;
#1939 = VECTOR ( 'NONE', #5361, 1000.000000000000000 ) ;
#1940 = ORIENTED_EDGE ( 'NONE', *, *, #1949, .F. ) ;
#1941 = ORIENTED_EDGE ( 'NONE', *, *, #1778, .T. ) ;
#1942 = CARTESIAN_POINT ( 'NONE',  ( -1.270000000000000700, 0.7700000000000000200, 0.5000000000000000000 ) ) ;
#1943 = AXIS2_PLACEMENT_3D ( 'NONE', #1310, #3867, #5587 ) ;
#1944 = LINE ( 'NONE', #3910, #4224 ) ;
#1945 = CARTESIAN_POINT ( 'NONE',  ( 2.140000000000016100, 0.5009999999999865700, 1.899999999999999900 ) ) ;
#1946 = FACE_OUTER_BOUND ( 'NONE', #4674, .T. ) ;
#1947 = CARTESIAN_POINT ( 'NONE',  ( 5.079999999999987600, 2.540000000000000000, 1.400000000000000100 ) ) ;
#1948 = CARTESIAN_POINT ( 'NONE',  ( 1.585000000000002200, 0.7700000000000000200, 0.5000000000000000000 ) ) ;
#1949 = EDGE_CURVE ( 'NONE', #3398, #1029, #5228, .T. ) ;
#1950 = CARTESIAN_POINT ( 'NONE',  ( -5.080000000000015200, 2.540000000000000000, 4.000000000000000000 ) ) ;
#1951 = ORIENTED_EDGE ( 'NONE', *, *, #3861, .F. ) ;
#1952 = AXIS2_PLACEMENT_3D ( 'NONE', #1977, #4973, #3321 ) ;
#1953 = DIRECTION ( 'NONE',  ( 0.0000000000000000000, 1.530638361156006100E-015, 1.000000000000000000 ) ) ;
#1954 = CARTESIAN_POINT ( 'NONE',  ( -3.495000000000005000, 0.7700000000000000200, 0.5000000000000000000 ) ) ;
#1955 = LINE ( 'NONE', #2351, #872 ) ;
#1956 = LINE ( 'NONE', #2480, #618 ) ;
#1957 = VECTOR ( 'NONE', #404, 1000.000000000000000 ) ;
#1958 = CARTESIAN_POINT ( 'NONE',  ( -4.124999999999996400, 1.585000000000003500, 0.4999999999999982800 ) ) ;
#1959 = ORIENTED_EDGE ( 'NONE', *, *, #2747, .T. ) ;
#1960 = CARTESIAN_POINT ( 'NONE',  ( -0.4999999999999870100, 0.0000000000000000000, 2.450000000000000200 ) ) ;
#1961 = LINE ( 'NONE', #568, #3586 ) ;
#1962 = EDGE_CURVE ( 'NONE', #838, #5104, #4633, .T. ) ;
#1963 = VECTOR ( 'NONE', #2982, 1000.000000000000100 ) ;
#1964 = CARTESIAN_POINT ( 'NONE',  ( -5.080000000000015200, 0.5009999999999865700, 1.899999999999999900 ) ) ;
#1965 = DIRECTION ( 'NONE',  ( -0.0000000000000000000, -1.000000000000000000, -0.0000000000000000000 ) ) ;
#1966 = VECTOR ( 'NONE', #2393, 1000.000000000000000 ) ;
#1967 = DIRECTION ( 'NONE',  ( 1.000000000000000000, 0.0000000000000000000, -0.0000000000000000000 ) ) ;
#1968 = CARTESIAN_POINT ( 'NONE',  ( -0.9550000000000048500, -4.599999999999992500, 0.3149999999999944000 ) ) ;
#1969 = ORIENTED_EDGE ( 'NONE', *, *, #3736, .F. ) ;
#1970 = ORIENTED_EDGE ( 'NONE', *, *, #1081, .F. ) ;
#1971 = CARTESIAN_POINT ( 'NONE',  ( -0.9549999999999979600, 1.585000000000003500, 0.5000000000000004400 ) ) ;
#1972 =( NAMED_UNIT ( * ) SI_UNIT ( $, .STERADIAN. ) SOLID_ANGLE_UNIT ( ) );
#1973 = EDGE_CURVE ( 'NONE', #796, #924, #3579, .T. ) ;
#1974 = CARTESIAN_POINT ( 'NONE',  ( -2.939999999999984400, 2.540000000000000000, 1.400000000000000100 ) ) ;
#1975 = DIRECTION ( 'NONE',  ( 0.0000000000000000000, -5.860552283705276200E-015, -1.000000000000000000 ) ) ;
#1976 = PRESENTATION_STYLE_ASSIGNMENT (( #590 ) ) ;
#1977 = CARTESIAN_POINT ( 'NONE',  ( 1.584999999999998600, 0.7699999999999990200, 0.3149999999999951700 ) ) ;
#1978 =( LENGTH_UNIT ( ) NAMED_UNIT ( * ) SI_UNIT ( .MILLI., .METRE. ) );
#1979 = EDGE_LOOP ( 'NONE', ( #3480, #2752, #4559, #4658 ) ) ;
#1980 = DIRECTION ( 'NONE',  ( 0.7071067811865469100, 0.7071067811865482400, 0.0000000000000000000 ) ) ;
#1981 = VECTOR ( 'NONE', #1314, 1000.000000000000000 ) ;
#1982 = PRESENTATION_LAYER_ASSIGNMENT (  '', '', ( #3537 ) ) ;
#1983 =( NAMED_UNIT ( * ) PLANE_ANGLE_UNIT ( ) SI_UNIT ( $, .RADIAN. ) );
#1984 = DIRECTION ( 'NONE',  ( 0.0000000000000000000, 0.0000000000000000000, 1.000000000000000000 ) ) ;
#1985 = AXIS2_PLACEMENT_3D ( 'NONE', #5412, #5452, #269 ) ;
#1986 = DIRECTION ( 'NONE',  ( 0.0000000000000000000, 0.0000000000000000000, -1.000000000000000000 ) ) ;
#1987 = EDGE_LOOP ( 'NONE', ( #5078, #1614, #1874, #1725 ) ) ;
#1988 = PRESENTATION_STYLE_ASSIGNMENT (( #3734 ) ) ;
#1989 = AXIS2_PLACEMENT_3D ( 'NONE', #668, #2819, #3198 ) ;
#1990 = CARTESIAN_POINT ( 'NONE',  ( -0.3999999999999837000, 2.038999999999999700, 1.900000000000000100 ) ) ;
#1991 = ADVANCED_FACE ( 'NONE', ( #2495 ), #128, .F. ) ;
#1992 = ORIENTED_EDGE ( 'NONE', *, *, #948, .T. ) ;
#1993 = DIRECTION ( 'NONE',  ( 0.0000000000000000000, 1.000000000000000000, -1.530638361156006100E-015 ) ) ;
#1994 = CARTESIAN_POINT ( 'NONE',  ( -0.3999999999999841500, 0.1000000000000028600, 1.400000000000000100 ) ) ;
#1995 = ORIENTED_EDGE ( 'NONE', *, *, #4404, .T. ) ;
#1996 = EDGE_CURVE ( 'NONE', #4402, #4324, #134, .T. ) ;
#1997 = DIRECTION ( 'NONE',  ( 0.0000000000000000000, -0.0000000000000000000, 1.000000000000000000 ) ) ;
#1998 = ORIENTED_EDGE ( 'NONE', *, *, #5294, .F. ) ;
#1999 = MECHANICAL_DESIGN_GEOMETRIC_PRESENTATION_REPRESENTATION (  '', ( #743 ), #4282 ) ;
#2000 = DIRECTION ( 'NONE',  ( -0.0000000000000000000, -0.0000000000000000000, 1.000000000000000000 ) ) ;
#2001 = CARTESIAN_POINT ( 'NONE',  ( -5.080000000000015200, 2.038999999999999700, 1.900000000000000100 ) ) ;
#2002 = DIRECTION ( 'NONE',  ( 1.000000000000000000, 0.0000000000000000000, -0.0000000000000000000 ) ) ;
#2003 = ORIENTED_EDGE ( 'NONE', *, *, #1540, .F. ) ;
#2004 = ORIENTED_EDGE ( 'NONE', *, *, #1197, .T. ) ;
#2005 = PRESENTATION_STYLE_ASSIGNMENT (( #5373 ) ) ;
#2006 = CARTESIAN_POINT ( 'NONE',  ( -2.040000000000000000, 2.606599254992157300E-016, 1.400000000000000100 ) ) ;
#2007 = LINE ( 'NONE', #3996, #5285 ) ;
#2008 = EDGE_CURVE ( 'NONE', #3964, #5581, #4498, .T. ) ;
#2009 = ORIENTED_EDGE ( 'NONE', *, *, #3686, .T. ) ;
#2010 = PRESENTATION_STYLE_ASSIGNMENT (( #5175 ) ) ;
#2011 = COLOUR_RGB ( '',1.000000000000000000, 0.8117647058823529400, 0.5019607843137254800 ) ;
#2012 = CARTESIAN_POINT ( 'NONE',  ( -5.080000000000015200, 0.5000000000000004400, 4.000000000000000000 ) ) ;
#2013 = SURFACE_STYLE_FILL_AREA ( #2926 ) ;
#2014 = VERTEX_POINT ( 'NONE', #4426 ) ;
#2015 =( NAMED_UNIT ( * ) SI_UNIT ( $, .STERADIAN. ) SOLID_ANGLE_UNIT ( ) );
#2016 = DIRECTION ( 'NONE',  ( 1.000000000000000000, 0.0000000000000000000, -0.0000000000000000000 ) ) ;
#2017 = EDGE_LOOP ( 'NONE', ( #2063, #512, #4400, #3624 ) ) ;
#2018 = AXIS2_PLACEMENT_3D ( 'NONE', #2222, #2677, #2182 ) ;
#2019 = FACE_OUTER_BOUND ( 'NONE', #1128, .T. ) ;
#2020 = DIRECTION ( 'NONE',  ( 0.0000000000000000000, -1.000000000000000000, 0.0000000000000000000 ) ) ;
#2021 = CARTESIAN_POINT ( 'NONE',  ( -2.139999999999989000, 2.038999999999999700, 1.400000000000000100 ) ) ;
#2022 = ORIENTED_EDGE ( 'NONE', *, *, #3121, .F. ) ;
#2023 = DIRECTION ( 'NONE',  ( 0.0000000000000000000, -0.2588190451025166900, -0.9659258262890694200 ) ) ;
#2024 = CARTESIAN_POINT ( 'NONE',  ( -0.3999999999999837000, 2.038999999999999700, 1.900000000000000100 ) ) ;
#2025 = VECTOR ( 'NONE', #3699, 1000.000000000000000 ) ;
#2026 = ADVANCED_FACE ( 'NONE', ( #2893 ), #3181, .F. ) ;
#2027 = PLANE ( 'NONE',  #812 ) ;
#2028 = PLANE ( 'NONE',  #5101 ) ;
#2029 = LINE ( 'NONE', #2798, #1294 ) ;
#2030 = LINE ( 'NONE', #4768, #807 ) ;
#2031 = CARTESIAN_POINT ( 'NONE',  ( -5.080000000000015200, 2.038999999999999700, 1.900000000000000100 ) ) ;
#2032 = VECTOR ( 'NONE', #938, 1000.000000000000100 ) ;
#2033 = CYLINDRICAL_SURFACE ( 'NONE', #3273, 0.1850000000000048300 ) ;
#2034 = LINE ( 'NONE', #2684, #4576 ) ;
#2035 = EDGE_CURVE ( 'NONE', #394, #4135, #3772, .T. ) ;
#2036 = PRODUCT_CONTEXT ( 'NONE', #1566, 'mechanical' ) ;
#2037 = PRESENTATION_LAYER_ASSIGNMENT (  '', '', ( #1744 ) ) ;
#2038 = ORIENTED_EDGE ( 'NONE', *, *, #711, .T. ) ;
#2039 = ORIENTED_EDGE ( 'NONE', *, *, #153, .T. ) ;
#2040 = DIRECTION ( 'NONE',  ( 0.0000000000000000000, 1.000000000000000000, 0.0000000000000000000 ) ) ;
#2041 = EDGE_CURVE ( 'NONE', #825, #3341, #4434, .T. ) ;
#2042 = SHAPE_DEFINITION_REPRESENTATION ( #5572, #5355 ) ;
#2043 = ORIENTED_EDGE ( 'NONE', *, *, #2968, .F. ) ;
#2044 = EDGE_CURVE ( 'NONE', #4803, #4877, #347, .T. ) ;
#2045 = SURFACE_STYLE_USAGE ( .BOTH. , #2517 ) ;
#2046 = DIRECTION ( 'NONE',  ( -0.7071067811865475700, 0.7071067811865475700, 0.0000000000000000000 ) ) ;
#2047 = CARTESIAN_POINT ( 'NONE',  ( -1.584999999999996600, 0.7700000000000011300, -0.3150000000000034400 ) ) ;
#2048 = CARTESIAN_POINT ( 'NONE',  ( 0.0000000000000000000, -5.000000000000000900, 1.270000000000004700 ) ) ;
#2049 = ADVANCED_FACE ( 'NONE', ( #1295 ), #1553, .T. ) ;
#2050 = ORIENTED_EDGE ( 'NONE', *, *, #5105, .T. ) ;
#2051 = EDGE_CURVE ( 'NONE', #3566, #4402, #2566, .T. ) ;
#2052 = DIRECTION ( 'NONE',  ( 0.0000000000000000000, 1.000000000000000000, 1.409885789968134100E-016 ) ) ;
#2053 = DIRECTION ( 'NONE',  ( 0.0000000000000000000, -0.0000000000000000000, -1.000000000000000000 ) ) ;
#2054 = DIRECTION ( 'NONE',  ( -0.0000000000000000000, 0.0000000000000000000, -1.000000000000000000 ) ) ;
#2055 = ORIENTED_EDGE ( 'NONE', *, *, #2067, .T. ) ;
#2056 = FACE_OUTER_BOUND ( 'NONE', #2275, .T. ) ;
#2057 = AXIS2_PLACEMENT_3D ( 'NONE', #4217, #1199, #4237 ) ;
#2058 = CIRCLE ( 'NONE', #1679, 0.8150000000000033900 ) ;
#2059 = PLANE ( 'NONE',  #2386 ) ;
#2060 = EDGE_LOOP ( 'NONE', ( #48, #4826, #5140, #3595 ) ) ;
#2061 = DIRECTION ( 'NONE',  ( 0.0000000000000000000, 1.000000000000000000, -1.530638361156006100E-015 ) ) ;
#2062 = AXIS2_PLACEMENT_3D ( 'NONE', #1547, #3669, #684 ) ;
#2063 = ORIENTED_EDGE ( 'NONE', *, *, #3913, .T. ) ;
#2064 = DIRECTION ( 'NONE',  ( 0.0000000000000000000, 0.0000000000000000000, 1.000000000000000000 ) ) ;
#2065 = VERTEX_POINT ( 'NONE', #2793 ) ;
#2066 = CARTESIAN_POINT ( 'NONE',  ( 3.040000000000014200, 2.540000000000000000, 4.000000000000000000 ) ) ;
#2067 = EDGE_CURVE ( 'NONE', #1897, #2540, #4962, .T. ) ;
#2068 = EDGE_LOOP ( 'NONE', ( #4687, #2964, #4218, #1658 ) ) ;
#2069 = STYLED_ITEM ( 'NONE', ( #373 ), #4484 ) ;
#2070 = SURFACE_STYLE_USAGE ( .BOTH. , #813 ) ;
#2071 = ORIENTED_EDGE ( 'NONE', *, *, #2867, .T. ) ;
#2072 = LINE ( 'NONE', #4071, #1208 ) ;
#2073 = DIRECTION ( 'NONE',  ( 0.0000000000000000000, 1.000000000000000000, 1.409885789968134100E-016 ) ) ;
#2074 = ADVANCED_FACE ( 'NONE', ( #4425 ), #1134, .T. ) ;
#2075 = ORIENTED_EDGE ( 'NONE', *, *, #5537, .T. ) ;
#2076 = ORIENTED_EDGE ( 'NONE', *, *, #3736, .T. ) ;
#2077 = DIRECTION ( 'NONE',  ( -1.000000000000000000, 0.0000000000000000000, 0.0000000000000000000 ) ) ;
#2078 = ORIENTED_EDGE ( 'NONE', *, *, #2812, .T. ) ;
#2079 = VECTOR ( 'NONE', #3965, 1000.000000000000000 ) ;
#2080 = UNCERTAINTY_MEASURE_WITH_UNIT (LENGTH_MEASURE( 1.000000000000000100E-005 ), #3016, 'distance_accuracy_value', 'NONE');
#2081 = EDGE_CURVE ( 'NONE', #4304, #5138, #4287, .T. ) ;
#2082 = ORIENTED_EDGE ( 'NONE', *, *, #4870, .F. ) ;
#2083 = DIRECTION ( 'NONE',  ( 0.0000000000000000000, 1.517583580067741800E-016, -1.000000000000000000 ) ) ;
#2084 = ORIENTED_EDGE ( 'NONE', *, *, #3126, .F. ) ;
#2085 = CIRCLE ( 'NONE', #3332, 0.1850000000000048300 ) ;
#2086 = CARTESIAN_POINT ( 'NONE',  ( -3.495000000000005000, -4.599999999999992500, 0.3149999999999944500 ) ) ;
#2087 = SURFACE_STYLE_FILL_AREA ( #4918 ) ;
#2088 =( GEOMETRIC_REPRESENTATION_CONTEXT ( 3 ) GLOBAL_UNCERTAINTY_ASSIGNED_CONTEXT ( ( #5308 ) ) GLOBAL_UNIT_ASSIGNED_CONTEXT ( ( #3172, #4515, #594 ) ) REPRESENTATION_CONTEXT ( 'NONE', 'WORKASPACE' ) );
#2089 = FACE_OUTER_BOUND ( 'NONE', #3834, .T. ) ;
#2090 = DIRECTION ( 'NONE',  ( 1.000000000000000000, 0.0000000000000000000, 0.0000000000000000000 ) ) ;
#2091 = FACE_OUTER_BOUND ( 'NONE', #1589, .T. ) ;
#2092 = DIRECTION ( 'NONE',  ( 1.101411730778927600E-014, 1.000000000000000000, 0.0000000000000000000 ) ) ;
#2093 = PRESENTATION_LAYER_ASSIGNMENT (  '', '', ( #1088 ) ) ;
#2094 = DIRECTION ( 'NONE',  ( 0.9659258262890689800, 0.0000000000000000000, -0.2588190451025183500 ) ) ;
#2095 = DIRECTION ( 'NONE',  ( 1.000000000000000000, -0.0000000000000000000, -0.0000000000000000000 ) ) ;
#2096 = AXIS2_PLACEMENT_3D ( 'NONE', #4675, #5477, #5010 ) ;
#2097 = LINE ( 'NONE', #5311, #3966 ) ;
#2098 = COLOUR_RGB ( '',1.000000000000000000, 0.8117647058823529400, 0.5019607843137254800 ) ;
#2099 = LINE ( 'NONE', #1922, #1757 ) ;
#2100 = CARTESIAN_POINT ( 'NONE',  ( -2.040000000000000000, 2.606599254992157300E-016, 1.400000000000000100 ) ) ;
#2101 = LINE ( 'NONE', #348, #2702 ) ;
#2102 = DIRECTION ( 'NONE',  ( 1.101411730778927600E-014, 1.000000000000000000, 0.0000000000000000000 ) ) ;
#2103 = AXIS2_PLACEMENT_3D ( 'NONE', #816, #2130, #438 ) ;
#2104 = ORIENTED_EDGE ( 'NONE', *, *, #195, .F. ) ;
#2105 = LINE ( 'NONE', #673, #1826 ) ;
#2106 = CARTESIAN_POINT ( 'NONE',  ( 3.602179676972452300, -4.999999999999998200, -0.2078203230275552600 ) ) ;
#2107 = FACE_OUTER_BOUND ( 'NONE', #5347, .T. ) ;
#2108 = ORIENTED_EDGE ( 'NONE', *, *, #1319, .T. ) ;
#2109 = CARTESIAN_POINT ( 'NONE',  ( -3.495000000000005000, 0.9550000000000100600, 0.4999999999999982800 ) ) ;
#2110 = ADVANCED_FACE ( 'NONE', ( #2290 ), #4987, .F. ) ;
#2111 = ORIENTED_EDGE ( 'NONE', *, *, #1809, .T. ) ;
#2112 = EDGE_CURVE ( 'NONE', #2739, #4604, #679, .T. ) ;
#2113 = PRESENTATION_LAYER_ASSIGNMENT (  '', '', ( #2436 ) ) ;
#2114 =( NAMED_UNIT ( * ) PLANE_ANGLE_UNIT ( ) SI_UNIT ( $, .RADIAN. ) );
#2115 = DIRECTION ( 'NONE',  ( 1.101411730778927600E-014, 1.000000000000000000, -0.0000000000000000000 ) ) ;
#2116 = CARTESIAN_POINT ( 'NONE',  ( -5.080000000000015200, 0.5009999999999865700, 1.899999999999999900 ) ) ;
#2117 = LINE ( 'NONE', #167, #152 ) ;
#2118 = PLANE ( 'NONE',  #3890 ) ;
#2119 = ORIENTED_EDGE ( 'NONE', *, *, #1051, .F. ) ;
#2120 = DIRECTION ( 'NONE',  ( -0.0000000000000000000, -0.0000000000000000000, 1.000000000000000000 ) ) ;
#2121 =( GEOMETRIC_REPRESENTATION_CONTEXT ( 3 ) GLOBAL_UNCERTAINTY_ASSIGNED_CONTEXT ( ( #4890 ) ) GLOBAL_UNIT_ASSIGNED_CONTEXT ( ( #3641, #4095, #4901 ) ) REPRESENTATION_CONTEXT ( 'NONE', 'WORKASPACE' ) );
#2122 = SURFACE_SIDE_STYLE ('',( #97 ) ) ;
#2123 = EDGE_LOOP ( 'NONE', ( #3811, #3252, #1147, #372 ) ) ;
#2124 = COLOUR_RGB ( '',1.000000000000000000, 0.8117647058823529400, 0.5019607843137254800 ) ;
#2125 = CARTESIAN_POINT ( 'NONE',  ( -4.124999999999996400, 0.7700000000000000200, 0.5000000000000000000 ) ) ;
#2126 = CARTESIAN_POINT ( 'NONE',  ( 4.124999999999994700, -4.599999999999992500, 0.3149999999999944000 ) ) ;
#2127 = VERTEX_POINT ( 'NONE', #3689 ) ;
#2128 = VECTOR ( 'NONE', #3387, 1000.000000000000000 ) ;
#2129 = CARTESIAN_POINT ( 'NONE',  ( -2.139999999999989000, 2.540000000000000000, 1.400000000000000100 ) ) ;
#2130 = DIRECTION ( 'NONE',  ( -0.0000000000000000000, 0.9659258262890689800, -0.2588190451025183500 ) ) ;
#2131 = ORIENTED_EDGE ( 'NONE', *, *, #4756, .F. ) ;
#2132 = ADVANCED_FACE ( 'NONE', ( #3960 ), #3259, .T. ) ;
#2133 = ORIENTED_EDGE ( 'NONE', *, *, #5333, .F. ) ;
#2134 = MANIFOLD_SOLID_BREP ( 'LPattern3[3]', #302 ) ;
#2135 = CARTESIAN_POINT ( 'NONE',  ( -5.080000000000015200, 0.5009999999999866800, 1.400000000000000100 ) ) ;
#2136 = PLANE ( 'NONE',  #4858 ) ;
#2137 = VERTEX_POINT ( 'NONE', #3389 ) ;
#2138 = EDGE_CURVE ( 'NONE', #1224, #4240, #5042, .T. ) ;
#2139 = CARTESIAN_POINT ( 'NONE',  ( -0.9549999999999979600, 0.7700000000000006800, -0.3150000000000034400 ) ) ;
#2140 = ORIENTED_EDGE ( 'NONE', *, *, #4013, .T. ) ;
#2141 = CARTESIAN_POINT ( 'NONE',  ( 3.495000000000003200, -4.999999999999999100, 0.3149999999999943400 ) ) ;
#2142 = AXIS2_PLACEMENT_3D ( 'NONE', #4424, #3562, #1420 ) ;
#2143 = COLOUR_RGB ( '',1.000000000000000000, 0.8117647058823529400, 0.5019607843137254800 ) ;
#2144 = LINE ( 'NONE', #4289, #1798 ) ;
#2145 = CARTESIAN_POINT ( 'NONE',  ( -1.584999999999996600, 0.9550000000000102900, 1.400000000000000100 ) ) ;
#2146 = ORIENTED_EDGE ( 'NONE', *, *, #1868, .T. ) ;
#2147 = LINE ( 'NONE', #3876, #1276 ) ;
#2148 = EDGE_CURVE ( 'NONE', #3731, #3824, #2767, .T. ) ;
#2149 = FILL_AREA_STYLE_COLOUR ( '', #4516 ) ;
#2150 = SURFACE_STYLE_FILL_AREA ( #890 ) ;
#2151 = ORIENTED_EDGE ( 'NONE', *, *, #4647, .T. ) ;
#2152 = ORIENTED_EDGE ( 'NONE', *, *, #107, .F. ) ;
#2153 =( NAMED_UNIT ( * ) PLANE_ANGLE_UNIT ( ) SI_UNIT ( $, .RADIAN. ) );
#2154 = PRESENTATION_STYLE_ASSIGNMENT (( #496 ) ) ;
#2155 = DIRECTION ( 'NONE',  ( 0.0000000000000000000, 0.0000000000000000000, 1.000000000000000000 ) ) ;
#2156 = CARTESIAN_POINT ( 'NONE',  ( -2.939999999999984400, 2.540000000000000000, 1.400000000000000100 ) ) ;
#2157 = VECTOR ( 'NONE', #524, 1000.000000000000000 ) ;
#2158 = VECTOR ( 'NONE', #1104, 1000.000000000000000 ) ;
#2159 = LINE ( 'NONE', #1824, #4899 ) ;
#2160 = ADVANCED_FACE ( 'NONE', ( #2710 ), #2514, .T. ) ;
#2161 = VECTOR ( 'NONE', #4728, 1000.000000000000000 ) ;
#2162 = LINE ( 'NONE', #3750, #3716 ) ;
#2163 = LINE ( 'NONE', #870, #1963 ) ;
#2164 = CARTESIAN_POINT ( 'NONE',  ( -0.9550000000000048500, -4.599999999999992500, 0.3149999999999944000 ) ) ;
#2165 = AXIS2_PLACEMENT_3D ( 'NONE', #1689, #2083, #822 ) ;
#2166 = CARTESIAN_POINT ( 'NONE',  ( 3.602179676972452300, -4.999999999999999100, 0.2078203230275440000 ) ) ;
#2167 = PRESENTATION_LAYER_ASSIGNMENT (  '', '', ( #621 ) ) ;
#2168 = VERTEX_POINT ( 'NONE', #2528 ) ;
#2169 = ORIENTED_EDGE ( 'NONE', *, *, #5517, .F. ) ;
#2170 = PLANE ( 'NONE',  #3250 ) ;
#2171 = AXIS2_PLACEMENT_3D ( 'NONE', #5210, #3127, #4805 ) ;
#2172 = CARTESIAN_POINT ( 'NONE',  ( 4.125000000000001800, 1.585000000000008600, 0.4999999999999982800 ) ) ;
#2173 = ORIENTED_EDGE ( 'NONE', *, *, #194, .T. ) ;
#2174 = DIRECTION ( 'NONE',  ( 1.101411730778927600E-014, 1.000000000000000000, 0.0000000000000000000 ) ) ;
#2175 = DIRECTION ( 'NONE',  ( -0.0000000000000000000, -0.0000000000000000000, 1.000000000000000000 ) ) ;
#2176 = EDGE_CURVE ( 'NONE', #1224, #4503, #2450, .T. ) ;
#2177 = AXIS2_PLACEMENT_3D ( 'NONE', #3096, #952, #1395 ) ;
#2178 = FILL_AREA_STYLE_COLOUR ( '', #4497 ) ;
#2179 = CARTESIAN_POINT ( 'NONE',  ( -4.017820323027547300, 1.062179676972466500, 9.000000000000001800 ) ) ;
#2180 = DIRECTION ( 'NONE',  ( -1.000000000000000000, 0.0000000000000000000, 0.0000000000000000000 ) ) ;
#2181 = EDGE_CURVE ( 'NONE', #4677, #2065, #4447, .T. ) ;
#2182 = DIRECTION ( 'NONE',  ( 0.0000000000000000000, 1.682396719162780200E-015, -1.000000000000000000 ) ) ;
#2183 = ADVANCED_FACE ( 'NONE', ( #5318 ), #4219, .T. ) ;
#2184 = ORIENTED_EDGE ( 'NONE', *, *, #5350, .F. ) ;
#2185 = COLOUR_RGB ( '',1.000000000000000000, 0.8117647058823529400, 0.5019607843137254800 ) ;
#2186 = EDGE_CURVE ( 'NONE', #5157, #1397, #4171, .T. ) ;
#2187 = SURFACE_SIDE_STYLE ('',( #3086 ) ) ;
#2188 = ORIENTED_EDGE ( 'NONE', *, *, #4922, .F. ) ;
#2189 = SURFACE_STYLE_FILL_AREA ( #3120 ) ;
#2190 =( LENGTH_UNIT ( ) NAMED_UNIT ( * ) SI_UNIT ( .MILLI., .METRE. ) );
#2191 = VERTEX_POINT ( 'NONE', #314 ) ;
#2192 = EDGE_LOOP ( 'NONE', ( #510, #4182, #55, #3077 ) ) ;
#2193 = DIRECTION ( 'NONE',  ( -0.7071067811865379100, 0.7071067811865572300, 0.0000000000000000000 ) ) ;
#2194 = CARTESIAN_POINT ( 'NONE',  ( -5.080000000000015200, 0.5009999999999865700, 1.899999999999999900 ) ) ;
#2195 = ORIENTED_EDGE ( 'NONE', *, *, #533, .F. ) ;
#2196 = PLANE ( 'NONE',  #2434 ) ;
#2197 = MANIFOLD_SOLID_BREP ( 'LPattern3[2]', #4169 ) ;
#2198 = DIRECTION ( 'NONE',  ( -0.0000000000000000000, -0.0000000000000000000, 1.000000000000000000 ) ) ;
#2199 = CARTESIAN_POINT ( 'NONE',  ( -2.040000000000000000, 2.606599254992157300E-016, 4.000000000000000000 ) ) ;
#2200 = ORIENTED_EDGE ( 'NONE', *, *, #4039, .F. ) ;
#2201 = COLOUR_RGB ( '',1.000000000000000000, 0.8117647058823529400, 0.5019607843137254800 ) ;
#2202 = CARTESIAN_POINT ( 'NONE',  ( 0.4000000000000110100, 2.540000000000000000, 1.400000000000000100 ) ) ;
#2203 = PRESENTATION_LAYER_ASSIGNMENT (  '', '', ( #766 ) ) ;
#2204 = EDGE_CURVE ( 'NONE', #5508, #5501, #2838, .T. ) ;
#2205 = EDGE_LOOP ( 'NONE', ( #3800, #4749, #2978, #4557 ) ) ;
#2206 = PLANE ( 'NONE',  #5594 ) ;
#2207 = VECTOR ( 'NONE', #2627, 1000.000000000000000 ) ;
#2208 = ORIENTED_EDGE ( 'NONE', *, *, #665, .F. ) ;
#2209 = CARTESIAN_POINT ( 'NONE',  ( -5.080000000000015200, 0.5009999999999865700, 1.899999999999999900 ) ) ;
#2210 = PRESENTATION_LAYER_ASSIGNMENT (  '', '', ( #4 ) ) ;
#2211 = ORIENTED_EDGE ( 'NONE', *, *, #4647, .F. ) ;
#2212 =( NAMED_UNIT ( * ) SI_UNIT ( $, .STERADIAN. ) SOLID_ANGLE_UNIT ( ) );
#2213 = ADVANCED_FACE ( 'NONE', ( #3977 ), #4587, .F. ) ;
#2214 = ORIENTED_EDGE ( 'NONE', *, *, #222, .T. ) ;
#2215 = ORIENTED_EDGE ( 'NONE', *, *, #1197, .F. ) ;
#2216 = LINE ( 'NONE', #274, #1225 ) ;
#2217 = DIRECTION ( 'NONE',  ( 0.0000000000000000000, -1.000000000000000000, -1.409885789968134100E-016 ) ) ;
#2218 = CARTESIAN_POINT ( 'NONE',  ( 4.124999999999994700, 0.9550000000000048500, 8.599999999999996100 ) ) ;
#2219 = STYLED_ITEM ( 'NONE', ( #2227 ), #173 ) ;
#2220 = VECTOR ( 'NONE', #912, 1000.000000000000000 ) ;
#2221 = COLOUR_RGB ( '',1.000000000000000000, 0.8117647058823529400, 0.5019607843137254800 ) ;
#2222 = CARTESIAN_POINT ( 'NONE',  ( -4.124999999999996400, -4.599999999999992500, -0.3150000000000036700 ) ) ;
#2223 = DIRECTION ( 'NONE',  ( 1.000000000000000000, 0.0000000000000000000, 0.0000000000000000000 ) ) ;
#2224 = ORIENTED_EDGE ( 'NONE', *, *, #2853, .F. ) ;
#2225 = SURFACE_SIDE_STYLE ('',( #5080 ) ) ;
#2226 = LINE ( 'NONE', #2712, #3167 ) ;
#2227 = PRESENTATION_STYLE_ASSIGNMENT (( #4995 ) ) ;
#2228 = DIRECTION ( 'NONE',  ( 0.0000000000000000000, -1.000000000000000000, 0.0000000000000000000 ) ) ;
#2229 = LINE ( 'NONE', #381, #4436 ) ;
#2230 = CARTESIAN_POINT ( 'NONE',  ( 4.124999999999994700, 0.9550000000000048500, 0.5000000000000004400 ) ) ;
#2231 = DIRECTION ( 'NONE',  ( 0.0000000000000000000, 0.0000000000000000000, 1.000000000000000000 ) ) ;
#2232 = DIRECTION ( 'NONE',  ( -0.0000000000000000000, -0.0000000000000000000, 1.000000000000000000 ) ) ;
#2233 = FACE_OUTER_BOUND ( 'NONE', #3878, .T. ) ;
#2234 = VECTOR ( 'NONE', #3094, 999.9999999999998900 ) ;
#2235 = EDGE_CURVE ( 'NONE', #250, #4077, #424, .T. ) ;
#2236 = DIRECTION ( 'NONE',  ( 0.0000000000000000000, 1.682396719162780200E-015, -1.000000000000000000 ) ) ;
#2237 = VECTOR ( 'NONE', #4262, 999.9999999999998900 ) ;
#2238 = CARTESIAN_POINT ( 'NONE',  ( 5.079999999999987600, 0.5009999999999866800, 1.400000000000000100 ) ) ;
#2239 = ORIENTED_EDGE ( 'NONE', *, *, #2587, .T. ) ;
#2240 = CARTESIAN_POINT ( 'NONE',  ( -3.494999999999998300, -4.999999999999998200, -0.3150000000000042800 ) ) ;
#2241 =( NAMED_UNIT ( * ) SI_UNIT ( $, .STERADIAN. ) SOLID_ANGLE_UNIT ( ) );
#2242 = MECHANICAL_DESIGN_GEOMETRIC_PRESENTATION_REPRESENTATION (  '', ( #3365 ), #182 ) ;
#2243 = LINE ( 'NONE', #2524, #2842 ) ;
#2244 = DIRECTION ( 'NONE',  ( 0.0000000000000000000, 0.0000000000000000000, -1.000000000000000000 ) ) ;
#2245 = ADVANCED_FACE ( 'NONE', ( #1571 ), #1647, .F. ) ;
#2246 = EDGE_CURVE ( 'NONE', #978, #1570, #292, .T. ) ;
#2247 = DIRECTION ( 'NONE',  ( -0.2505628070857283700, 0.9351131265310311800, -0.2505628070857278100 ) ) ;
#2248 = VECTOR ( 'NONE', #4041, 1000.000000000000000 ) ;
#2249 = FILL_AREA_STYLE ('',( #965 ) ) ;
#2250 = CARTESIAN_POINT ( 'NONE',  ( -5.080000000000015200, 0.0000000000000000000, 4.000000000000000000 ) ) ;
#2251 = CARTESIAN_POINT ( 'NONE',  ( 3.495000000000003200, -4.999999999999998200, -0.3150000000000042800 ) ) ;
#2252 = ORIENTED_EDGE ( 'NONE', *, *, #3741, .F. ) ;
#2253 = UNCERTAINTY_MEASURE_WITH_UNIT (LENGTH_MEASURE( 1.000000000000000100E-005 ), #4517, 'distance_accuracy_value', 'NONE');
#2254 = EDGE_CURVE ( 'NONE', #2014, #96, #3455, .T. ) ;
#2255 =( LENGTH_UNIT ( ) NAMED_UNIT ( * ) SI_UNIT ( .MILLI., .METRE. ) );
#2256 = EDGE_LOOP ( 'NONE', ( #1541, #2055, #3955, #856 ) ) ;
#2257 = CARTESIAN_POINT ( 'NONE',  ( 2.040000000000013400, 2.540000000000000000, 4.000000000000000000 ) ) ;
#2258 = DIRECTION ( 'NONE',  ( 0.0000000000000000000, -1.000000000000000000, 0.0000000000000000000 ) ) ;
#2259 = EDGE_LOOP ( 'NONE', ( #2009, #556, #933, #4126 ) ) ;
#2260 = EDGE_CURVE ( 'NONE', #145, #4003, #1175, .T. ) ;
#2261 = CARTESIAN_POINT ( 'NONE',  ( 4.125000000000001800, 0.7700000000000000200, 0.5000000000000000000 ) ) ;
#2262 = SURFACE_STYLE_USAGE ( .BOTH. , #2225 ) ;
#2263 = ORIENTED_EDGE ( 'NONE', *, *, #2558, .F. ) ;
#2264 = ORIENTED_EDGE ( 'NONE', *, *, #281, .F. ) ;
#2265 = EDGE_CURVE ( 'NONE', #4315, #3619, #3575, .T. ) ;
#2266 = CARTESIAN_POINT ( 'NONE',  ( 0.9550000000000036200, -4.599999999999992500, -0.3150000000000041700 ) ) ;
#2267 = CARTESIAN_POINT ( 'NONE',  ( 3.040000000000014200, 2.540000000000000000, 1.400000000000000100 ) ) ;
#2268 = ADVANCED_FACE ( 'NONE', ( #4487 ), #1662, .F. ) ;
#2269 = ORIENTED_EDGE ( 'NONE', *, *, #809, .F. ) ;
#2270 = MECHANICAL_DESIGN_GEOMETRIC_PRESENTATION_REPRESENTATION (  '', ( #3537 ), #434 ) ;
#2271 = ORIENTED_EDGE ( 'NONE', *, *, #3405, .F. ) ;
#2272 = FACE_OUTER_BOUND ( 'NONE', #5075, .T. ) ;
#2273 = AXIS2_PLACEMENT_3D ( 'NONE', #2479, #3342, #5461 ) ;
#2274 = DIRECTION ( 'NONE',  ( 0.0000000000000000000, -0.0000000000000000000, -1.000000000000000000 ) ) ;
#2275 = EDGE_LOOP ( 'NONE', ( #5238, #1142, #3859, #2625 ) ) ;
#2276 = CARTESIAN_POINT ( 'NONE',  ( -0.3999999999999841500, 2.540000000000000000, 1.400000000000000100 ) ) ;
#2277 = ORIENTED_EDGE ( 'NONE', *, *, #2260, .F. ) ;
#2278 = MECHANICAL_DESIGN_GEOMETRIC_PRESENTATION_REPRESENTATION (  '', ( #4746 ), #5034 ) ;
#2279 = FACE_OUTER_BOUND ( 'NONE', #1350, .T. ) ;
#2280 = CARTESIAN_POINT ( 'NONE',  ( -1.584999999999996600, 0.7699999999999998000, 0.3149999999999951700 ) ) ;
#2281 = LINE ( 'NONE', #1618, #1146 ) ;
#2282 = ORIENTED_EDGE ( 'NONE', *, *, #3047, .F. ) ;
#2283 = SURFACE_SIDE_STYLE ('',( #4272 ) ) ;
#2284 = VERTEX_POINT ( 'NONE', #4294 ) ;
#2285 = SURFACE_STYLE_FILL_AREA ( #2996 ) ;
#2286 = EDGE_CURVE ( 'NONE', #4148, #3884, #3358, .T. ) ;
#2287 = FILL_AREA_STYLE ('',( #3984 ) ) ;
#2288 = DIRECTION ( 'NONE',  ( 0.0000000000000000000, -1.682396719162780200E-015, 1.000000000000000000 ) ) ;
#2289 = VECTOR ( 'NONE', #3757, 1000.000000000000000 ) ;
#2290 = FACE_OUTER_BOUND ( 'NONE', #1064, .T. ) ;
#2291 = DIRECTION ( 'NONE',  ( 1.000000000000000000, 0.0000000000000000000, -0.0000000000000000000 ) ) ;
#2292 =( LENGTH_UNIT ( ) NAMED_UNIT ( * ) SI_UNIT ( .MILLI., .METRE. ) );
#2293 = PRESENTATION_STYLE_ASSIGNMENT (( #4413 ) ) ;
#2294 = LINE ( 'NONE', #502, #4569 ) ;
#2295 = FACE_OUTER_BOUND ( 'NONE', #4204, .T. ) ;
#2296 = DIRECTION ( 'NONE',  ( 0.0000000000000000000, -1.000000000000000000, 0.0000000000000000000 ) ) ;
#2297 = EDGE_CURVE ( 'NONE', #5437, #2805, #4295, .T. ) ;
#2298 = CARTESIAN_POINT ( 'NONE',  ( 1.477820323027551300, -4.999999999999998200, -0.2078203230275552600 ) ) ;
#2299 = ADVANCED_FACE ( 'NONE', ( #5309 ), #4703, .T. ) ;
#2300 = VECTOR ( 'NONE', #2095, 1000.000000000000000 ) ;
#2301 = VECTOR ( 'NONE', #4479, 1000.000000000000000 ) ;
#2302 =( NAMED_UNIT ( * ) SI_UNIT ( $, .STERADIAN. ) SOLID_ANGLE_UNIT ( ) );
#2303 = FILL_AREA_STYLE ('',( #963 ) ) ;
#2304 = ORIENTED_EDGE ( 'NONE', *, *, #2339, .F. ) ;
#2305 = ORIENTED_EDGE ( 'NONE', *, *, #212, .F. ) ;
#2306 = VECTOR ( 'NONE', #1630, 1000.000000000000000 ) ;
#2307 = DIRECTION ( 'NONE',  ( -0.2505628070857264800, -0.9351131265310308500, -0.2505628070857310900 ) ) ;
#2308 = PLANE ( 'NONE',  #3920 ) ;
#2309 = VECTOR ( 'NONE', #1339, 1000.000000000000000 ) ;
#2310 = DIRECTION ( 'NONE',  ( -1.000000000000000000, 0.0000000000000000000, 0.0000000000000000000 ) ) ;
#2311 = DIRECTION ( 'NONE',  ( -0.0000000000000000000, -0.0000000000000000000, 1.000000000000000000 ) ) ;
#2312 = ORIENTED_EDGE ( 'NONE', *, *, #5021, .T. ) ;
#2313 = AXIS2_PLACEMENT_3D ( 'NONE', #2567, #3371, #786 ) ;
#2314 = VECTOR ( 'NONE', #4467, 1000.000000000000000 ) ;
#2315 = FILL_AREA_STYLE_COLOUR ( '', #4432 ) ;
#2316 = PRESENTATION_STYLE_ASSIGNMENT (( #5330 ) ) ;
#2317 = EDGE_CURVE ( 'NONE', #984, #3486, #687, .T. ) ;
#2318 = FILL_AREA_STYLE ('',( #4001 ) ) ;
#2319 = AXIS2_PLACEMENT_3D ( 'NONE', #3797, #2094, #368 ) ;
#2320 = ORIENTED_EDGE ( 'NONE', *, *, #589, .T. ) ;
#2321 = UNCERTAINTY_MEASURE_WITH_UNIT (LENGTH_MEASURE( 1.000000000000000100E-005 ), #456, 'distance_accuracy_value', 'NONE');
#2322 = COLOUR_RGB ( '',1.000000000000000000, 0.8117647058823529400, 0.5019607843137254800 ) ;
#2323 = CARTESIAN_POINT ( 'NONE',  ( -1.584999999999996600, -4.599999999999992500, 0.3149999999999950100 ) ) ;
#2324 = DIRECTION ( 'NONE',  ( -0.0000000000000000000, -1.000000000000000000, -0.0000000000000000000 ) ) ;
#2325 = FILL_AREA_STYLE ('',( #1026 ) ) ;
#2326 = ADVANCED_FACE ( 'NONE', ( #3312, #1232 ), #3432, .F. ) ;
#2327 = VERTEX_POINT ( 'NONE', #2571 ) ;
#2328 = VECTOR ( 'NONE', #768, 999.9999999999998900 ) ;
#2329 = VECTOR ( 'NONE', #3189, 1000.000000000000000 ) ;
#2330 = EDGE_CURVE ( 'NONE', #5283, #2137, #4162, .T. ) ;
#2331 = PLANE ( 'NONE',  #3688 ) ;
#2332 = ORIENTED_EDGE ( 'NONE', *, *, #3944, .F. ) ;
#2333 = DIRECTION ( 'NONE',  ( 1.101411730778927600E-014, 1.682396719162780200E-015, -1.000000000000000000 ) ) ;
#2334 = ORIENTED_EDGE ( 'NONE', *, *, #5048, .F. ) ;
#2335 = PLANE ( 'NONE',  #2845 ) ;
#2336 = ORIENTED_EDGE ( 'NONE', *, *, #4660, .T. ) ;
#2337 = CARTESIAN_POINT ( 'NONE',  ( -0.9550000000000048500, -4.999999999999999100, 0.3149999999999943400 ) ) ;
#2338 = CARTESIAN_POINT ( 'NONE',  ( -2.039999999999986300, 2.540000000000000000, 1.400000000000000100 ) ) ;
#2339 = EDGE_CURVE ( 'NONE', #3238, #4374, #4230, .T. ) ;
#2340 = DIRECTION ( 'NONE',  ( 0.7071067811865469100, -0.7071067811865482400, 0.0000000000000000000 ) ) ;
#2341 = ORIENTED_EDGE ( 'NONE', *, *, #1687, .F. ) ;
#2342 = VECTOR ( 'NONE', #1103, 1000.000000000000000 ) ;
#2343 = CARTESIAN_POINT ( 'NONE',  ( -1.477820323027547300, 7.589415207398531000E-015, 9.000000000000001800 ) ) ;
#2344 = LINE ( 'NONE', #3870, #5211 ) ;
#2345 = STYLED_ITEM ( 'NONE', ( #2442 ), #548 ) ;
#2346 = ORIENTED_EDGE ( 'NONE', *, *, #5237, .T. ) ;
#2347 = STYLED_ITEM ( 'NONE', ( #5045 ), #5355 ) ;
#2348 = EDGE_LOOP ( 'NONE', ( #392, #4850, #3180, #3420 ) ) ;
#2349 = DIRECTION ( 'NONE',  ( -1.000000000000000000, -0.0000000000000000000, 0.0000000000000000000 ) ) ;
#2350 = CIRCLE ( 'NONE', #2062, 0.1850000000000048300 ) ;
#2351 = CARTESIAN_POINT ( 'NONE',  ( 2.540000000000013800, 2.039999999999998700, 1.400000000000000100 ) ) ;
#2352 = LINE ( 'NONE', #4064, #3574 ) ;
#2353 = ORIENTED_EDGE ( 'NONE', *, *, #1692, .F. ) ;
#2354 = CARTESIAN_POINT ( 'NONE',  ( 4.124999999999994700, 0.9550000000000102900, 1.400000000000000100 ) ) ;
#2355 = ADVANCED_FACE ( 'NONE', ( #3583 ), #1684, .T. ) ;
#2356 = EDGE_LOOP ( 'NONE', ( #2075, #2487, #777, #3591 ) ) ;
#2357 = VECTOR ( 'NONE', #1169, 1000.000000000000000 ) ;
#2358 = FILL_AREA_STYLE_COLOUR ( '', #2589 ) ;
#2359 = SURFACE_SIDE_STYLE ('',( #110 ) ) ;
#2360 = CIRCLE ( 'NONE', #1724, 0.1850000000000048300 ) ;
#2361 = EDGE_CURVE ( 'NONE', #397, #1021, #2229, .T. ) ;
#2362 = CARTESIAN_POINT ( 'NONE',  ( -5.080000000000015200, 2.038999999999999700, 1.900000000000000100 ) ) ;
#2363 = LINE ( 'NONE', #4750, #4697 ) ;
#2364 = PRESENTATION_LAYER_ASSIGNMENT (  '', '', ( #4757 ) ) ;
#2365 = DIRECTION ( 'NONE',  ( 0.9659258262890689800, 0.0000000000000000000, -0.2588190451025183500 ) ) ;
#2366 = CARTESIAN_POINT ( 'NONE',  ( 1.344410693882025500E-014, 2.039999999999998700, 4.000000000000000000 ) ) ;
#2367 = CYLINDRICAL_SURFACE ( 'NONE', #4411, 0.8150000000000033900 ) ;
#2368 = VECTOR ( 'NONE', #4672, 1000.000000000000000 ) ;
#2369 = EDGE_CURVE ( 'NONE', #165, #3343, #817, .T. ) ;
#2370 =( LENGTH_UNIT ( ) NAMED_UNIT ( * ) SI_UNIT ( .MILLI., .METRE. ) );
#2371 = LINE ( 'NONE', #3533, #2234 ) ;
#2372 = DIRECTION ( 'NONE',  ( -1.000000000000000000, -0.0000000000000000000, -0.0000000000000000000 ) ) ;
#2373 = DIRECTION ( 'NONE',  ( -0.0000000000000000000, -0.0000000000000000000, 1.000000000000000000 ) ) ;
#2374 = EDGE_CURVE ( 'NONE', #4066, #244, #1888, .T. ) ;
#2375 = LINE ( 'NONE', #3581, #4371 ) ;
#2376 = CARTESIAN_POINT ( 'NONE',  ( -0.3999999999999841500, 2.540000000000000000, 1.400000000000000100 ) ) ;
#2377 = DIRECTION ( 'NONE',  ( -0.0000000000000000000, 1.000000000000000000, 1.517583580067741800E-016 ) ) ;
#2378 = ORIENTED_EDGE ( 'NONE', *, *, #4660, .F. ) ;
#2379 = PRODUCT ( '861400041LO1705LF', '861400041LO1705LF', '', ( #2036 ) ) ;
#2380 = CARTESIAN_POINT ( 'NONE',  ( -1.225574651312950000, 1.225574651312968600, 9.941393662828229300 ) ) ;
#2381 = MECHANICAL_DESIGN_GEOMETRIC_PRESENTATION_REPRESENTATION (  '', ( #648 ), #2597 ) ;
#2382 = FACE_OUTER_BOUND ( 'NONE', #1987, .T. ) ;
#2383 =( GEOMETRIC_REPRESENTATION_CONTEXT ( 3 ) GLOBAL_UNCERTAINTY_ASSIGNED_CONTEXT ( ( #1703 ) ) GLOBAL_UNIT_ASSIGNED_CONTEXT ( ( #2255, #3099, #4332 ) ) REPRESENTATION_CONTEXT ( 'NONE', 'WORKASPACE' ) );
#2384 = CARTESIAN_POINT ( 'NONE',  ( 4.124999999999994700, 0.7699999999999998000, 0.3149999999999951700 ) ) ;
#2385 = DIRECTION ( 'NONE',  ( 0.0000000000000000000, -1.530638361156006100E-015, -1.000000000000000000 ) ) ;
#2386 = AXIS2_PLACEMENT_3D ( 'NONE', #5493, #3786, #2077 ) ;
#2387 = CARTESIAN_POINT ( 'NONE',  ( -4.580000000000014300, 2.540000000000000000, 0.0000000000000000000 ) ) ;
#2388 = VECTOR ( 'NONE', #2020, 1000.000000000000000 ) ;
#2389 =( NAMED_UNIT ( * ) SI_UNIT ( $, .STERADIAN. ) SOLID_ANGLE_UNIT ( ) );
#2390 = CLOSED_SHELL ( 'NONE', ( #118, #1761, #1685, #1991, #5567, #4280, #702, #1296, #5482, #304, #2834, #4122, #2213, #3770, #1477, #3874, #5328, #942, #5203, #2529, #3088, #487, #2477, #3175, #4603, #439, #3433, #1708, #2245, #227, #2860, #2771, #1575, #388, #2977, #1048, #4061, #2891, #515, #3744, #755, #663, #2920, #2614, #3144, #364, #3488, #2948, #3620, #1377, #2563, #2026, #730, #2326, #5424, #3790, #5100, #417, #1843, #4518, #4251, #1346, #3980, #2110, #4200, #5512, #3324, #4173, #3848, #5046, #2132, #2183 ) ) ;
#2391 = SURFACE_STYLE_FILL_AREA ( #3857 ) ;
#2392 = DIRECTION ( 'NONE',  ( 1.000000000000000000, 0.0000000000000000000, 0.0000000000000000000 ) ) ;
#2393 = DIRECTION ( 'NONE',  ( 0.0000000000000000000, 1.000000000000000000, 1.409885789968134100E-016 ) ) ;
#2394 = PRODUCT_DEFINITION ( 'UNKNOWN', '', #947, #977 ) ;
#2395 = ORIENTED_EDGE ( 'NONE', *, *, #2035, .T. ) ;
#2396 = VECTOR ( 'NONE', #514, 1000.000000000000000 ) ;
#2397 = EDGE_CURVE ( 'NONE', #5207, #3598, #545, .T. ) ;
#2398 = CARTESIAN_POINT ( 'NONE',  ( -4.124999999999996400, -4.999999999999999100, 0.3149999999999943400 ) ) ;
#2399 = AXIS2_PLACEMENT_3D ( 'NONE', #285, #3315, #5446 ) ;
#2400 = FILL_AREA_STYLE ('',( #3244 ) ) ;
#2401 = FILL_AREA_STYLE_COLOUR ( '', #1488 ) ;
#2402 = CARTESIAN_POINT ( 'NONE',  ( -0.9550000000000048500, -4.999999999999999100, 0.3149999999999943400 ) ) ;
#2403 = ORIENTED_EDGE ( 'NONE', *, *, #4583, .T. ) ;
#2404 = FACE_OUTER_BOUND ( 'NONE', #4337, .T. ) ;
#2405 = CARTESIAN_POINT ( 'NONE',  ( -5.080000000000015200, 2.540000000000000000, 1.400000000000000100 ) ) ;
#2406 = SURFACE_STYLE_USAGE ( .BOTH. , #1086 ) ;
#2407 = ORIENTED_EDGE ( 'NONE', *, *, #2581, .F. ) ;
#2408 = ORIENTED_EDGE ( 'NONE', *, *, #49, .F. ) ;
#2409 = MECHANICAL_DESIGN_GEOMETRIC_PRESENTATION_REPRESENTATION (  '', ( #1648 ), #90 ) ;
#2410 = FILL_AREA_STYLE_COLOUR ( '', #1154 ) ;
#2411 = AXIS2_PLACEMENT_3D ( 'NONE', #2376, #4966, #287 ) ;
#2412 = ORIENTED_EDGE ( 'NONE', *, *, #4039, .T. ) ;
#2413 = DIRECTION ( 'NONE',  ( 0.0000000000000000000, -0.2588190451025166900, -0.9659258262890694200 ) ) ;
#2414 = ORIENTED_EDGE ( 'NONE', *, *, #1137, .F. ) ;
#2415 = VECTOR ( 'NONE', #1849, 1000.000000000000000 ) ;
#2416 = DIRECTION ( 'NONE',  ( 0.0000000000000000000, -1.000000000000000000, 0.0000000000000000000 ) ) ;
#2417 = DIRECTION ( 'NONE',  ( -0.7071067811865469100, -0.7071067811865481300, -0.0000000000000000000 ) ) ;
#2418 = LINE ( 'NONE', #5077, #3493 ) ;
#2419 = DIRECTION ( 'NONE',  ( -0.0000000000000000000, 1.000000000000000000, 1.517583580067741800E-016 ) ) ;
#2420 = ORIENTED_EDGE ( 'NONE', *, *, #39, .T. ) ;
#2421 = DIRECTION ( 'NONE',  ( -1.101411730778927600E-014, -1.682396719162780200E-015, 1.000000000000000000 ) ) ;
#2422 = ORIENTED_EDGE ( 'NONE', *, *, #4624, .T. ) ;
#2423 = CARTESIAN_POINT ( 'NONE',  ( 0.9550000000000036200, -4.599999999999992500, -0.3150000000000036700 ) ) ;
#2424 = VECTOR ( 'NONE', #2421, 1000.000000000000000 ) ;
#2425 = CARTESIAN_POINT ( 'NONE',  ( 4.125000000000001800, -4.599999999999992500, -0.3150000000000042200 ) ) ;
#2426 = ADVANCED_FACE ( 'NONE', ( #950 ), #399, .T. ) ;
#2427 = CARTESIAN_POINT ( 'NONE',  ( 3.495000000000003200, 0.7700000000000011300, -0.3150000000000034400 ) ) ;
#2428 = ORIENTED_EDGE ( 'NONE', *, *, #724, .T. ) ;
#2429 = ORIENTED_EDGE ( 'NONE', *, *, #3019, .T. ) ;
#2430 = DIRECTION ( 'NONE',  ( 1.000000000000000000, 0.0000000000000000000, 0.0000000000000000000 ) ) ;
#2431 = ORIENTED_EDGE ( 'NONE', *, *, #892, .F. ) ;
#2432 = DIRECTION ( 'NONE',  ( -0.0000000000000000000, -0.0000000000000000000, 1.000000000000000000 ) ) ;
#2433 = VECTOR ( 'NONE', #2377, 1000.000000000000000 ) ;
#2434 = AXIS2_PLACEMENT_3D ( 'NONE', #3871, #4321, #3889 ) ;
#2435 = EDGE_CURVE ( 'NONE', #5349, #3611, #5381, .T. ) ;
#2436 = STYLED_ITEM ( 'NONE', ( #4040 ), #3927 ) ;
#2437 =( NAMED_UNIT ( * ) PLANE_ANGLE_UNIT ( ) SI_UNIT ( $, .RADIAN. ) );
#2438 = VECTOR ( 'NONE', #4054, 1000.000000000000000 ) ;
#2439 =( NAMED_UNIT ( * ) SI_UNIT ( $, .STERADIAN. ) SOLID_ANGLE_UNIT ( ) );
#2440 = DIRECTION ( 'NONE',  ( -1.000000000000000000, -0.0000000000000000000, -0.0000000000000000000 ) ) ;
#2441 = DIRECTION ( 'NONE',  ( 0.0000000000000000000, 0.0000000000000000000, 1.000000000000000000 ) ) ;
#2442 = PRESENTATION_STYLE_ASSIGNMENT (( #126 ) ) ;
#2443 = VERTEX_POINT ( 'NONE', #1289 ) ;
#2444 = EDGE_CURVE ( 'NONE', #1434, #2905, #876, .T. ) ;
#2445 = VECTOR ( 'NONE', #1355, 1000.000000000000000 ) ;
#2446 = PLANE ( 'NONE',  #3142 ) ;
#2447 =( NAMED_UNIT ( * ) PLANE_ANGLE_UNIT ( ) SI_UNIT ( $, .RADIAN. ) );
#2448 = ORIENTED_EDGE ( 'NONE', *, *, #455, .F. ) ;
#2449 = ORIENTED_EDGE ( 'NONE', *, *, #3804, .T. ) ;
#2450 = LINE ( 'NONE', #2918, #3912 ) ;
#2451 = DIRECTION ( 'NONE',  ( -1.000000000000000000, 0.0000000000000000000, 0.0000000000000000000 ) ) ;
#2452 = CARTESIAN_POINT ( 'NONE',  ( 2.140000000000016100, 2.439999999999997300, 1.400000000000000100 ) ) ;
#2453 = ADVANCED_FACE ( 'NONE', ( #3445 ), #3349, .T. ) ;
#2454 = EDGE_LOOP ( 'NONE', ( #202, #1789, #794, #1663 ) ) ;
#2455 = APPLICATION_PROTOCOL_DEFINITION ( 'draft international standard', 'automotive_design', 1998, #2469 ) ;
#2456 = CARTESIAN_POINT ( 'NONE',  ( -1.584999999999996600, 0.9550000000000102900, 1.400000000000000100 ) ) ;
#2457 = LINE ( 'NONE', #2763, #2519 ) ;
#2458 = UNCERTAINTY_MEASURE_WITH_UNIT (LENGTH_MEASURE( 1.000000000000000100E-005 ), #2592, 'distance_accuracy_value', 'NONE');
#2459 = SURFACE_STYLE_USAGE ( .BOTH. , #1164 ) ;
#2460 = AXIS2_PLACEMENT_3D ( 'NONE', #2965, #2061, #5496 ) ;
#2461 = PRESENTATION_LAYER_ASSIGNMENT (  '', '', ( #1513 ) ) ;
#2462 = CARTESIAN_POINT ( 'NONE',  ( -2.139999999999989000, 2.540000000000000000, 1.400000000000000100 ) ) ;
#2463 = EDGE_LOOP ( 'NONE', ( #1790, #3742, #3515, #5568 ) ) ;
#2464 = SURFACE_STYLE_FILL_AREA ( #1006 ) ;
#2465 = CARTESIAN_POINT ( 'NONE',  ( -2.539999999999986700, 0.5000000000000004400, 4.000000000000000000 ) ) ;
#2466 = STYLED_ITEM ( 'NONE', ( #5441 ), #3053 ) ;
#2467 = DIRECTION ( 'NONE',  ( 1.000000000000000000, 0.0000000000000000000, 0.0000000000000000000 ) ) ;
#2468 = ORIENTED_EDGE ( 'NONE', *, *, #600, .F. ) ;
#2469 = APPLICATION_CONTEXT ( 'automotive_design' ) ;
#2470 = EDGE_CURVE ( 'NONE', #3426, #1273, #2101, .T. ) ;
#2471 = DIRECTION ( 'NONE',  ( -1.000000000000000000, 0.0000000000000000000, 0.0000000000000000000 ) ) ;
#2472 = VERTEX_POINT ( 'NONE', #4245 ) ;
#2473 = PRESENTATION_LAYER_ASSIGNMENT (  '', '', ( #1890 ) ) ;
#2474 = CARTESIAN_POINT ( 'NONE',  ( 0.9550000000000036200, 1.585000000000003500, 8.599999999999996100 ) ) ;
#2475 = CARTESIAN_POINT ( 'NONE',  ( 0.0000000000000000000, 0.0000000000000000000, 0.0000000000000000000 ) ) ;
#2476 = ORIENTED_EDGE ( 'NONE', *, *, #3304, .T. ) ;
#2477 = ADVANCED_FACE ( 'NONE', ( #4101 ), #4193, .F. ) ;
#2478 = ORIENTED_EDGE ( 'NONE', *, *, #4296, .T. ) ;
#2479 = CARTESIAN_POINT ( 'NONE',  ( -3.495000000000001400, 0.7699999999999990200, 0.3149999999999951700 ) ) ;
#2480 = CARTESIAN_POINT ( 'NONE',  ( -0.9550000000000048500, 0.9550000000000102900, 4.000000000000000000 ) ) ;
#2481 = EDGE_CURVE ( 'NONE', #1935, #1201, #2827, .T. ) ;
#2482 = ORIENTED_EDGE ( 'NONE', *, *, #4185, .F. ) ;
#2483 = FACE_OUTER_BOUND ( 'NONE', #4673, .T. ) ;
#2484 =( NAMED_UNIT ( * ) PLANE_ANGLE_UNIT ( ) SI_UNIT ( $, .RADIAN. ) );
#2485 = ORIENTED_EDGE ( 'NONE', *, *, #1659, .F. ) ;
#2486 = ORIENTED_EDGE ( 'NONE', *, *, #4191, .T. ) ;
#2487 = ORIENTED_EDGE ( 'NONE', *, *, #704, .F. ) ;
#2488 = AXIS2_PLACEMENT_3D ( 'NONE', #3879, #2596, #3439 ) ;
#2489 = PLANE ( 'NONE',  #306 ) ;
#2490 = VERTEX_POINT ( 'NONE', #2066 ) ;
#2491 = ORIENTED_EDGE ( 'NONE', *, *, #2681, .F. ) ;
#2492 = SURFACE_STYLE_USAGE ( .BOTH. , #3395 ) ;
#2493 = FACE_BOUND ( 'NONE', #3066, .T. ) ;
#2494 = DIRECTION ( 'NONE',  ( -0.2505628070857315900, -0.9351131265310304000, 0.2505628070857276500 ) ) ;
#2495 = FACE_OUTER_BOUND ( 'NONE', #1669, .T. ) ;
#2496 = PRESENTATION_LAYER_ASSIGNMENT (  '', '', ( #5286 ) ) ;
#2497 = UNCERTAINTY_MEASURE_WITH_UNIT (LENGTH_MEASURE( 1.000000000000000100E-005 ), #34, 'distance_accuracy_value', 'NONE');
#2498 = VECTOR ( 'NONE', #1333, 1000.000000000000000 ) ;
#2499 = EDGE_LOOP ( 'NONE', ( #2796, #1113, #3622, #35 ) ) ;
#2500 =( NAMED_UNIT ( * ) PLANE_ANGLE_UNIT ( ) SI_UNIT ( $, .RADIAN. ) );
#2501 = FACE_OUTER_BOUND ( 'NONE', #3849, .T. ) ;
#2502 = LINE ( 'NONE', #613, #2570 ) ;
#2503 = AXIS2_PLACEMENT_3D ( 'NONE', #858, #5147, #4763 ) ;
#2504 = CARTESIAN_POINT ( 'NONE',  ( 1.344410693882025500E-014, 2.039999999999998700, 2.450000000000000200 ) ) ;
#2505 = ADVANCED_FACE ( 'NONE', ( #3968 ), #5542, .T. ) ;
#2506 = EDGE_CURVE ( 'NONE', #5137, #2443, #3961, .T. ) ;
#2507 = MECHANICAL_DESIGN_GEOMETRIC_PRESENTATION_REPRESENTATION (  '', ( #840 ), #1140 ) ;
#2508 = CARTESIAN_POINT ( 'NONE',  ( 0.4000000000000110100, 0.09999999999999197000, 1.400000000000000100 ) ) ;
#2509 = ORIENTED_EDGE ( 'NONE', *, *, #1051, .T. ) ;
#2510 = VECTOR ( 'NONE', #233, 1000.000000000000000 ) ;
#2511 = FILL_AREA_STYLE ('',( #2932 ) ) ;
#2512 = DIRECTION ( 'NONE',  ( 1.000000000000000000, -0.0000000000000000000, -0.0000000000000000000 ) ) ;
#2513 = LINE ( 'NONE', #3022, #4586 ) ;
#2514 = PLANE ( 'NONE',  #4696 ) ;
#2515 = ORIENTED_EDGE ( 'NONE', *, *, #2839, .F. ) ;
#2516 = PRESENTATION_LAYER_ASSIGNMENT (  '', '', ( #3487 ) ) ;
#2517 = SURFACE_SIDE_STYLE ('',( #2600 ) ) ;
#2518 = CARTESIAN_POINT ( 'NONE',  ( -5.080000000000015200, 0.5000000000000004400, 1.400000000000000100 ) ) ;
#2519 = VECTOR ( 'NONE', #3166, 1000.000000000000100 ) ;
#2520 = DIRECTION ( 'NONE',  ( 1.000000000000000000, 0.0000000000000000000, 0.0000000000000000000 ) ) ;
#2521 = DIRECTION ( 'NONE',  ( -0.0000000000000000000, -1.000000000000000000, -0.0000000000000000000 ) ) ;
#2522 = ORIENTED_EDGE ( 'NONE', *, *, #2558, .T. ) ;
#2523 = FACE_OUTER_BOUND ( 'NONE', #1275, .T. ) ;
#2524 = CARTESIAN_POINT ( 'NONE',  ( -4.124999999999996400, 1.585000000000008800, 1.900000000000000100 ) ) ;
#2525 = EDGE_CURVE ( 'NONE', #5104, #53, #4770, .T. ) ;
#2526 =( NAMED_UNIT ( * ) SI_UNIT ( $, .STERADIAN. ) SOLID_ANGLE_UNIT ( ) );
#2527 = CARTESIAN_POINT ( 'NONE',  ( -5.080000000000015200, 2.039999999999998700, 4.000000000000000000 ) ) ;
#2528 = CARTESIAN_POINT ( 'NONE',  ( 5.079999999999987600, 2.039999999999998700, 4.000000000000000000 ) ) ;
#2529 = ADVANCED_FACE ( 'NONE', ( #1946 ), #3844, .F. ) ;
#2530 = VERTEX_POINT ( 'NONE', #3791 ) ;
#2531 = MECHANICAL_DESIGN_GEOMETRIC_PRESENTATION_REPRESENTATION (  '', ( #2345 ), #3508 ) ;
#2532 = COLOUR_RGB ( '',1.000000000000000000, 0.8117647058823529400, 0.5019607843137254800 ) ;
#2533 =( LENGTH_UNIT ( ) NAMED_UNIT ( * ) SI_UNIT ( .MILLI., .METRE. ) );
#2534 = AXIS2_PLACEMENT_3D ( 'NONE', #4813, #1622, #2835 ) ;
#2535 = ORIENTED_EDGE ( 'NONE', *, *, #3513, .T. ) ;
#2536 = LINE ( 'NONE', #1621, #4869 ) ;
#2537 = EDGE_CURVE ( 'NONE', #463, #4374, #943, .T. ) ;
#2538 = DIRECTION ( 'NONE',  ( 1.000000000000000000, 0.0000000000000000000, 0.0000000000000000000 ) ) ;
#2539 = STYLED_ITEM ( 'NONE', ( #2 ), #3902 ) ;
#2540 = VERTEX_POINT ( 'NONE', #4698 ) ;
#2541 = CARTESIAN_POINT ( 'NONE',  ( 1.585000000000002200, -4.999999999999998200, -0.3150000000000042800 ) ) ;
#2542 = ORIENTED_EDGE ( 'NONE', *, *, #4614, .T. ) ;
#2543 = SURFACE_SIDE_STYLE ('',( #4030 ) ) ;
#2544 = FILL_AREA_STYLE ('',( #771 ) ) ;
#2545 = EDGE_CURVE ( 'NONE', #3768, #1804, #3639, .T. ) ;
#2546 = ORIENTED_EDGE ( 'NONE', *, *, #3882, .T. ) ;
#2547 = SURFACE_SIDE_STYLE ('',( #5113 ) ) ;
#2548 = FILL_AREA_STYLE ('',( #4250 ) ) ;
#2549 = VERTEX_POINT ( 'NONE', #2995 ) ;
#2550 = CARTESIAN_POINT ( 'NONE',  ( -3.495000000000005000, 0.9550000000000101700, 1.900000000000000100 ) ) ;
#2551 = SURFACE_STYLE_FILL_AREA ( #228 ) ;
#2552 = FACE_OUTER_BOUND ( 'NONE', #1264, .T. ) ;
#2553 = DIRECTION ( 'NONE',  ( 1.101411730778927600E-014, 1.682396719162780200E-015, -1.000000000000000000 ) ) ;
#2554 = ORIENTED_EDGE ( 'NONE', *, *, #1279, .F. ) ;
#2555 = CARTESIAN_POINT ( 'NONE',  ( -2.539999999999986700, 0.5000000000000004400, 1.400000000000000100 ) ) ;
#2556 = EDGE_LOOP ( 'NONE', ( #2312, #5109, #1323, #4933 ) ) ;
#2557 = SURFACE_STYLE_FILL_AREA ( #2875 ) ;
#2558 = EDGE_CURVE ( 'NONE', #2168, #4940, #3512, .T. ) ;
#2559 = EDGE_LOOP ( 'NONE', ( #5550, #1311, #1373, #4488 ) ) ;
#2560 = CARTESIAN_POINT ( 'NONE',  ( 0.4000000000000110100, 2.540000000000000000, 2.450000000000000200 ) ) ;
#2561 = VERTEX_POINT ( 'NONE', #2139 ) ;
#2562 = LINE ( 'NONE', #2172, #3301 ) ;
#2563 = ADVANCED_FACE ( 'NONE', ( #1422 ), #4791, .T. ) ;
#2564 = EDGE_CURVE ( 'NONE', #1472, #5157, #275, .T. ) ;
#2565 =( NAMED_UNIT ( * ) SI_UNIT ( $, .STERADIAN. ) SOLID_ANGLE_UNIT ( ) );
#2566 = LINE ( 'NONE', #720, #273 ) ;
#2567 = CARTESIAN_POINT ( 'NONE',  ( 4.124999999999998200, 0.7699999999999990200, 0.3149999999999951700 ) ) ;
#2568 = PRESENTATION_LAYER_ASSIGNMENT (  '', '', ( #5243 ) ) ;
#2569 = PLANE ( 'NONE',  #1919 ) ;
#2570 = VECTOR ( 'NONE', #4060, 1000.000000000000000 ) ;
#2571 = CARTESIAN_POINT ( 'NONE',  ( 2.940000000000011000, 2.439999999999997300, 2.450000000000000200 ) ) ;
#2572 = PRESENTATION_LAYER_ASSIGNMENT (  '', '', ( #2466 ) ) ;
#2573 = DIRECTION ( 'NONE',  ( 0.7071067811865469100, -0.7071067811865482400, 0.0000000000000000000 ) ) ;
#2574 = LINE ( 'NONE', #829, #1431 ) ;
#2575 = FACE_OUTER_BOUND ( 'NONE', #913, .T. ) ;
#2576 = DIRECTION ( 'NONE',  ( 0.0000000000000000000, -1.000000000000000000, -1.517583580067741800E-016 ) ) ;
#2577 = DIRECTION ( 'NONE',  ( 0.9659258262890690900, -0.2588190451025180200, 1.020338404903377500E-014 ) ) ;
#2578 = ORIENTED_EDGE ( 'NONE', *, *, #81, .F. ) ;
#2579 = DIRECTION ( 'NONE',  ( -0.9659258262890693100, -0.2588190451025173500, -4.354363123373188400E-016 ) ) ;
#2580 = VERTEX_POINT ( 'NONE', #905 ) ;
#2581 = EDGE_CURVE ( 'NONE', #3037, #333, #2823, .T. ) ;
#2582 = STYLED_ITEM ( 'NONE', ( #3801 ), #4308 ) ;
#2583 = DIRECTION ( 'NONE',  ( 0.0000000000000000000, -0.0000000000000000000, 1.000000000000000000 ) ) ;
#2584 = SURFACE_SIDE_STYLE ('',( #3593 ) ) ;
#2585 = ORIENTED_EDGE ( 'NONE', *, *, #2181, .F. ) ;
#2586 = DIRECTION ( 'NONE',  ( -1.000000000000000000, -0.0000000000000000000, -0.0000000000000000000 ) ) ;
#2587 = EDGE_CURVE ( 'NONE', #443, #2580, #2363, .T. ) ;
#2588 =( LENGTH_UNIT ( ) NAMED_UNIT ( * ) SI_UNIT ( .MILLI., .METRE. ) );
#2589 = COLOUR_RGB ( '',1.000000000000000000, 0.8117647058823529400, 0.5019607843137254800 ) ;
#2590 = ADVANCED_FACE ( 'NONE', ( #2091 ), #491, .T. ) ;
#2591 = EDGE_CURVE ( 'NONE', #1739, #3633, #3372, .T. ) ;
#2592 =( LENGTH_UNIT ( ) NAMED_UNIT ( * ) SI_UNIT ( .MILLI., .METRE. ) );
#2593 = FILL_AREA_STYLE_COLOUR ( '', #5153 ) ;
#2594 = ORIENTED_EDGE ( 'NONE', *, *, #919, .F. ) ;
#2595 = LINE ( 'NONE', #3634, #1448 ) ;
#2596 = DIRECTION ( 'NONE',  ( 0.0000000000000000000, -1.409885789968134100E-016, 1.000000000000000000 ) ) ;
#2597 =( GEOMETRIC_REPRESENTATION_CONTEXT ( 3 ) GLOBAL_UNCERTAINTY_ASSIGNED_CONTEXT ( ( #4406 ) ) GLOBAL_UNIT_ASSIGNED_CONTEXT ( ( #4047, #1869, #1082 ) ) REPRESENTATION_CONTEXT ( 'NONE', 'WORKASPACE' ) );
#2598 = ORIENTED_EDGE ( 'NONE', *, *, #1574, .T. ) ;
#2599 = PRESENTATION_STYLE_ASSIGNMENT (( #5280 ) ) ;
#2600 = SURFACE_STYLE_FILL_AREA ( #5064 ) ;
#2601 = DIRECTION ( 'NONE',  ( 0.7071067811865469100, 0.7071067811865482400, 0.0000000000000000000 ) ) ;
#2602 = ORIENTED_EDGE ( 'NONE', *, *, #1868, .F. ) ;
#2603 = COLOUR_RGB ( '',1.000000000000000000, 0.8117647058823529400, 0.5019607843137254800 ) ;
#2604 = DIRECTION ( 'NONE',  ( 0.0000000000000000000, -0.0000000000000000000, -1.000000000000000000 ) ) ;
#2605 = ORIENTED_EDGE ( 'NONE', *, *, #527, .T. ) ;
#2606 = ORIENTED_EDGE ( 'NONE', *, *, #485, .F. ) ;
#2607 = EDGE_CURVE ( 'NONE', #1452, #3217, #1080, .T. ) ;
#2608 = CARTESIAN_POINT ( 'NONE',  ( -1.584999999999996600, 0.7699999999999998000, -0.3150000000000034400 ) ) ;
#2609 = EDGE_LOOP ( 'NONE', ( #4081, #2787, #623, #3289 ) ) ;
#2610 = DIRECTION ( 'NONE',  ( 0.0000000000000000000, 0.0000000000000000000, 1.000000000000000000 ) ) ;
#2611 = AXIS2_PLACEMENT_3D ( 'NONE', #2240, #1382, #4799 ) ;
#2612 = FACE_OUTER_BOUND ( 'NONE', #4137, .T. ) ;
#2613 = PLANE ( 'NONE',  #3936 ) ;
#2614 = ADVANCED_FACE ( 'NONE', ( #2894 ), #1774, .F. ) ;
#2615 = FILL_AREA_STYLE ('',( #586 ) ) ;
#2616 = ORIENTED_EDGE ( 'NONE', *, *, #3501, .T. ) ;
#2617 = CARTESIAN_POINT ( 'NONE',  ( -0.3999999999999841500, 0.1000000000000028600, 1.400000000000000100 ) ) ;
#2618 = ORIENTED_EDGE ( 'NONE', *, *, #1, .F. ) ;
#2619 = ORIENTED_EDGE ( 'NONE', *, *, #4013, .F. ) ;
#2620 = PRESENTATION_LAYER_ASSIGNMENT (  '', '', ( #1368 ) ) ;
#2621 = ORIENTED_EDGE ( 'NONE', *, *, #212, .T. ) ;
#2622 = VECTOR ( 'NONE', #1099, 1000.000000000000000 ) ;
#2623 = CARTESIAN_POINT ( 'NONE',  ( -3.039999999999987200, 0.0000000000000000000, 1.400000000000000100 ) ) ;
#2624 = VECTOR ( 'NONE', #3683, 1000.000000000000000 ) ;
#2625 = ORIENTED_EDGE ( 'NONE', *, *, #1426, .F. ) ;
#2626 = VECTOR ( 'NONE', #3599, 1000.000000000000000 ) ;
#2627 = DIRECTION ( 'NONE',  ( -0.0000000000000000000, 1.000000000000000000, 1.517583580067741800E-016 ) ) ;
#2628 = LINE ( 'NONE', #4744, #3025 ) ;
#2629 = PLANE ( 'NONE',  #5073 ) ;
#2630 = SURFACE_STYLE_FILL_AREA ( #3199 ) ;
#2631 = EDGE_CURVE ( 'NONE', #888, #3731, #538, .T. ) ;
#2632 = LINE ( 'NONE', #4656, #3840 ) ;
#2633 = VECTOR ( 'NONE', #5440, 1000.000000000000100 ) ;
#2634 = COLOUR_RGB ( '',1.000000000000000000, 0.8117647058823529400, 0.5019607843137254800 ) ;
#2635 = MECHANICAL_DESIGN_GEOMETRIC_PRESENTATION_REPRESENTATION (  '', ( #4063 ), #5595 ) ;
#2636 = FACE_OUTER_BOUND ( 'NONE', #1927, .T. ) ;
#2637 = CARTESIAN_POINT ( 'NONE',  ( 4.579999999999986700, 0.0000000000000000000, 4.000000000000000000 ) ) ;
#2638 = CARTESIAN_POINT ( 'NONE',  ( 3.495000000000003200, 1.585000000000008800, 4.000000000000000000 ) ) ;
#2639 = ADVANCED_FACE ( 'NONE', ( #4094 ), #2206, .T. ) ;
#2640 = SURFACE_STYLE_FILL_AREA ( #3600 ) ;
#2641 = AXIS2_PLACEMENT_3D ( 'NONE', #2764, #1934, #3264 ) ;
#2642 = VECTOR ( 'NONE', #68, 1000.000000000000000 ) ;
#2643 = ORIENTED_EDGE ( 'NONE', *, *, #4922, .T. ) ;
#2644 = DIRECTION ( 'NONE',  ( 0.0000000000000000000, 2.168404344971009900E-016, -1.000000000000000000 ) ) ;
#2645 = CARTESIAN_POINT ( 'NONE',  ( -5.080000000000015200, 1.585000000000008800, 1.900000000000000100 ) ) ;
#2646 = CARTESIAN_POINT ( 'NONE',  ( -1.584999999999996600, 0.9550000000000102900, 4.000000000000000000 ) ) ;
#2647 = EDGE_CURVE ( 'NONE', #5470, #1580, #5032, .T. ) ;
#2648 =( GEOMETRIC_REPRESENTATION_CONTEXT ( 3 ) GLOBAL_UNCERTAINTY_ASSIGNED_CONTEXT ( ( #5414 ) ) GLOBAL_UNIT_ASSIGNED_CONTEXT ( ( #3703, #4133, #1577 ) ) REPRESENTATION_CONTEXT ( 'NONE', 'WORKASPACE' ) );
#2649 =( NAMED_UNIT ( * ) SI_UNIT ( $, .STERADIAN. ) SOLID_ANGLE_UNIT ( ) );
#2650 = CARTESIAN_POINT ( 'NONE',  ( 2.940000000000011000, 0.5009999999999866800, 1.400000000000000100 ) ) ;
#2651 = PLANE ( 'NONE',  #3785 ) ;
#2652 = EDGE_CURVE ( 'NONE', #3633, #237, #129, .T. ) ;
#2653 = CARTESIAN_POINT ( 'NONE',  ( 0.9550000000000036200, 0.9550000000000102900, 1.900000000000000100 ) ) ;
#2654 = ORIENTED_EDGE ( 'NONE', *, *, #636, .T. ) ;
#2655 = PRESENTATION_STYLE_ASSIGNMENT (( #4439 ) ) ;
#2656 = LINE ( 'NONE', #3382, #3536 ) ;
#2657 = EDGE_CURVE ( 'NONE', #4561, #4108, #4833, .T. ) ;
#2658 = DIRECTION ( 'NONE',  ( -0.0000000000000000000, -0.9659258262890689800, -0.2588190451025183500 ) ) ;
#2659 = FILL_AREA_STYLE_COLOUR ( '', #400 ) ;
#2660 = ORIENTED_EDGE ( 'NONE', *, *, #239, .T. ) ;
#2661 = CARTESIAN_POINT ( 'NONE',  ( 3.495000000000003200, 0.9550000000000102900, 4.000000000000000000 ) ) ;
#2662 = FACE_OUTER_BOUND ( 'NONE', #3820, .T. ) ;
#2663 = DIRECTION ( 'NONE',  ( -0.0000000000000000000, 1.530638361156006100E-015, 1.000000000000000000 ) ) ;
#2664 = MECHANICAL_DESIGN_GEOMETRIC_PRESENTATION_REPRESENTATION (  '', ( #1507 ), #2983 ) ;
#2665 = ADVANCED_FACE ( 'NONE', ( #408 ), #985, .T. ) ;
#2666 = UNCERTAINTY_MEASURE_WITH_UNIT (LENGTH_MEASURE( 1.000000000000000100E-005 ), #4455, 'distance_accuracy_value', 'NONE');
#2667 = SURFACE_STYLE_USAGE ( .BOTH. , #4397 ) ;
#2668 = ORIENTED_EDGE ( 'NONE', *, *, #948, .F. ) ;
#2669 = FACE_OUTER_BOUND ( 'NONE', #4493, .T. ) ;
#2670 = SURFACE_SIDE_STYLE ('',( #2087 ) ) ;
#2671 = VERTEX_POINT ( 'NONE', #2768 ) ;
#2672 = CARTESIAN_POINT ( 'NONE',  ( 0.9550000000000036200, -4.599999999999992500, -0.3150000000000042200 ) ) ;
#2673 = CARTESIAN_POINT ( 'NONE',  ( 4.084505790409921600, 0.9954942095900907200, 8.751126447602494800 ) ) ;
#2674 = ORIENTED_EDGE ( 'NONE', *, *, #4468, .T. ) ;
#2675 = DIRECTION ( 'NONE',  ( -1.000000000000000000, 0.0000000000000000000, 0.0000000000000000000 ) ) ;
#2676 = PRESENTATION_LAYER_ASSIGNMENT (  '', '', ( #4784 ) ) ;
#2677 = DIRECTION ( 'NONE',  ( -0.9659258262890693100, -0.2588190451025173500, -4.354363123373188400E-016 ) ) ;
#2678 = EDGE_LOOP ( 'NONE', ( #2698, #4195, #3877, #2264 ) ) ;
#2679 = CARTESIAN_POINT ( 'NONE',  ( 3.495000000000003200, 1.585000000000008800, 4.000000000000000000 ) ) ;
#2680 = ORIENTED_EDGE ( 'NONE', *, *, #3625, .F. ) ;
#2681 = EDGE_CURVE ( 'NONE', #2327, #3506, #2959, .T. ) ;
#2682 = SURFACE_SIDE_STYLE ('',( #1815 ) ) ;
#2683 = EDGE_LOOP ( 'NONE', ( #846, #5089, #2336, #5490, #2887, #2476 ) ) ;
#2684 = CARTESIAN_POINT ( 'NONE',  ( 3.040000000000000000, 2.606599254992157300E-016, 1.400000000000000100 ) ) ;
#2685 =( GEOMETRIC_REPRESENTATION_CONTEXT ( 3 ) GLOBAL_UNCERTAINTY_ASSIGNED_CONTEXT ( ( #3500 ) ) GLOBAL_UNIT_ASSIGNED_CONTEXT ( ( #3649, #1044, #4964 ) ) REPRESENTATION_CONTEXT ( 'NONE', 'WORKASPACE' ) );
#2686 = VERTEX_POINT ( 'NONE', #4025 ) ;
#2687 = VECTOR ( 'NONE', #3114, 1000.000000000000000 ) ;
#2688 = DIRECTION ( 'NONE',  ( -0.0000000000000000000, -0.0000000000000000000, 1.000000000000000000 ) ) ;
#2689 = CARTESIAN_POINT ( 'NONE',  ( 4.124999999999994700, 0.9550000000000048500, 0.5000000000000004400 ) ) ;
#2690 = LINE ( 'NONE', #2047, #4622 ) ;
#2691 = ORIENTED_EDGE ( 'NONE', *, *, #506, .F. ) ;
#2692 = ORIENTED_EDGE ( 'NONE', *, *, #2747, .F. ) ;
#2693 = DIRECTION ( 'NONE',  ( -0.2505628070857293700, 0.2505628070857293700, -0.9351131265310305100 ) ) ;
#2694 = CARTESIAN_POINT ( 'NONE',  ( 3.602179676972452300, -4.999999999999998200, -0.3150000000000042200 ) ) ;
#2695 = FILL_AREA_STYLE_COLOUR ( '', #4840 ) ;
#2696 = AXIS2_PLACEMENT_3D ( 'NONE', #634, #1478, #1986 ) ;
#2697 = CARTESIAN_POINT ( 'NONE',  ( -2.139999999999989000, 0.5009999999999865700, 1.899999999999999900 ) ) ;
#2698 = ORIENTED_EDGE ( 'NONE', *, *, #3405, .T. ) ;
#2699 = VECTOR ( 'NONE', #3309, 1000.000000000000000 ) ;
#2700 = LINE ( 'NONE', #213, #4507 ) ;
#2701 = SURFACE_SIDE_STYLE ('',( #1479 ) ) ;
#2702 = VECTOR ( 'NONE', #1217, 1000.000000000000000 ) ;
#2703 = CARTESIAN_POINT ( 'NONE',  ( 2.940000000000011900, 2.038999999999999700, 1.900000000000000100 ) ) ;
#2704 = CARTESIAN_POINT ( 'NONE',  ( 2.540000000000000000, 1.062179676972466500, 9.000000000000001800 ) ) ;
#2705 = VECTOR ( 'NONE', #1682, 1000.000000000000000 ) ;
#2706 = LINE ( 'NONE', #2230, #5386 ) ;
#2707 = ORIENTED_EDGE ( 'NONE', *, *, #1894, .F. ) ;
#2708 = PLANE ( 'NONE',  #3107 ) ;
#2709 = ORIENTED_EDGE ( 'NONE', *, *, #2994, .F. ) ;
#2710 = FACE_OUTER_BOUND ( 'NONE', #5177, .T. ) ;
#2711 = AXIS2_PLACEMENT_3D ( 'NONE', #104, #547, #3564 ) ;
#2712 = CARTESIAN_POINT ( 'NONE',  ( 4.125000000000001800, 1.585000000000003500, 0.5000000000000004400 ) ) ;
#2713 = VECTOR ( 'NONE', #5528, 1000.000000000000000 ) ;
#2714 = DIRECTION ( 'NONE',  ( 0.0000000000000000000, -5.860552283705276200E-015, -1.000000000000000000 ) ) ;
#2715 = EDGE_LOOP ( 'NONE', ( #4021, #5410, #4535, #2799 ) ) ;
#2716 = EDGE_CURVE ( 'NONE', #1681, #230, #5223, .T. ) ;
#2717 = AXIS2_PLACEMENT_3D ( 'NONE', #2776, #1928, #1114 ) ;
#2718 = VECTOR ( 'NONE', #2895, 1000.000000000000000 ) ;
#2719 =( LENGTH_UNIT ( ) NAMED_UNIT ( * ) SI_UNIT ( .MILLI., .METRE. ) );
#2720 = ADVANCED_FACE ( 'NONE', ( #746 ), #3592, .T. ) ;
#2721 = VERTEX_POINT ( 'NONE', #4435 ) ;
#2722 = DIRECTION ( 'NONE',  ( 0.7071067811865469100, -0.7071067811865482400, 0.0000000000000000000 ) ) ;
#2723 = ORIENTED_EDGE ( 'NONE', *, *, #2254, .F. ) ;
#2724 = DIRECTION ( 'NONE',  ( -0.7071067811865474600, -0.7071067811865474600, 0.0000000000000000000 ) ) ;
#2725 = VECTOR ( 'NONE', #1094, 1000.000000000000000 ) ;
#2726 = CARTESIAN_POINT ( 'NONE',  ( 5.080000000000000100, 1.477820323027566600, 9.000000000000001800 ) ) ;
#2727 = ORIENTED_EDGE ( 'NONE', *, *, #2041, .F. ) ;
#2728 = UNCERTAINTY_MEASURE_WITH_UNIT (LENGTH_MEASURE( 1.000000000000000100E-005 ), #1722, 'distance_accuracy_value', 'NONE');
#2729 = DIRECTION ( 'NONE',  ( 0.0000000000000000000, 1.530638361156006100E-015, 1.000000000000000000 ) ) ;
#2730 = VERTEX_POINT ( 'NONE', #1867 ) ;
#2731 = CARTESIAN_POINT ( 'NONE',  ( 4.125000000000001800, -4.599999999999992500, -0.3150000000000042200 ) ) ;
#2732 = SURFACE_SIDE_STYLE ('',( #2924 ) ) ;
#2733 = ORIENTED_EDGE ( 'NONE', *, *, #2647, .F. ) ;
#2734 = AXIS2_PLACEMENT_3D ( 'NONE', #3481, #4758, #3626 ) ;
#2735 = VERTEX_POINT ( 'NONE', #4469 ) ;
#2736 = ORIENTED_EDGE ( 'NONE', *, *, #769, .T. ) ;
#2737 = SURFACE_STYLE_USAGE ( .BOTH. , #994 ) ;
#2738 = CARTESIAN_POINT ( 'NONE',  ( 3.495000000000003200, 0.7700000000000002400, 0.3149999999999951700 ) ) ;
#2739 = VERTEX_POINT ( 'NONE', #559 ) ;
#2740 = FACE_OUTER_BOUND ( 'NONE', #4231, .T. ) ;
#2741 = EDGE_LOOP ( 'NONE', ( #660, #823, #1360, #3753 ) ) ;
#2742 = LINE ( 'NONE', #1650, #1741 ) ;
#2743 = ORIENTED_EDGE ( 'NONE', *, *, #81, .T. ) ;
#2744 = FILL_AREA_STYLE_COLOUR ( '', #5146 ) ;
#2745 = ORIENTED_EDGE ( 'NONE', *, *, #4140, .T. ) ;
#2746 = VECTOR ( 'NONE', #1554, 1000.000000000000000 ) ;
#2747 = EDGE_CURVE ( 'NONE', #825, #5207, #1808, .T. ) ;
#2748 = DIRECTION ( 'NONE',  ( 0.0000000000000000000, 1.000000000000000000, -1.530638361156006100E-015 ) ) ;
#2749 = CARTESIAN_POINT ( 'NONE',  ( 0.5000000000000138800, 2.540000000000000000, 1.400000000000000100 ) ) ;
#2750 = MECHANICAL_DESIGN_GEOMETRIC_PRESENTATION_REPRESENTATION (  '', ( #1890 ), #3074 ) ;
#2751 = LINE ( 'NONE', #2828, #1475 ) ;
#2752 = ORIENTED_EDGE ( 'NONE', *, *, #3295, .T. ) ;
#2753 = LINE ( 'NONE', #5300, #1620 ) ;
#2754 = LINE ( 'NONE', #3404, #59 ) ;
#2755 = CARTESIAN_POINT ( 'NONE',  ( -3.494999999999998300, 1.585000000000008800, 1.900000000000000100 ) ) ;
#2756 = CARTESIAN_POINT ( 'NONE',  ( -5.080000000000015200, 0.5009999999999866800, 1.400000000000000100 ) ) ;
#2757 = DIRECTION ( 'NONE',  ( 0.0000000000000000000, -1.409885789968134100E-016, 1.000000000000000000 ) ) ;
#2758 = EDGE_CURVE ( 'NONE', #2540, #3426, #2753, .T. ) ;
#2759 = ORIENTED_EDGE ( 'NONE', *, *, #5230, .F. ) ;
#2760 = DIRECTION ( 'NONE',  ( -0.0000000000000000000, 1.000000000000000000, 1.517583580067741800E-016 ) ) ;
#2761 = VECTOR ( 'NONE', #385, 1000.000000000000000 ) ;
#2762 = VECTOR ( 'NONE', #3678, 999.9999999999998900 ) ;
#2763 = CARTESIAN_POINT ( 'NONE',  ( -4.124999999999996400, -4.599999999999992500, -0.3150000000000041700 ) ) ;
#2764 = CARTESIAN_POINT ( 'NONE',  ( 1.584999999999995300, 0.9550000000000048500, 0.5000000000000004400 ) ) ;
#2765 = ORIENTED_EDGE ( 'NONE', *, *, #194, .F. ) ;
#2766 = LINE ( 'NONE', #1109, #4367 ) ;
#2767 = LINE ( 'NONE', #4143, #1023 ) ;
#2768 = CARTESIAN_POINT ( 'NONE',  ( 0.4000000000000110100, 2.439999999999997300, 2.450000000000000200 ) ) ;
#2769 = CARTESIAN_POINT ( 'NONE',  ( 2.140000000000016100, 2.038999999999999700, 1.400000000000000100 ) ) ;
#2770 =( LENGTH_UNIT ( ) NAMED_UNIT ( * ) SI_UNIT ( .MILLI., .METRE. ) );
#2771 = ADVANCED_FACE ( 'NONE', ( #468 ), #611, .F. ) ;
#2772 = CARTESIAN_POINT ( 'NONE',  ( -4.124999999999996400, 1.585000000000008600, 0.4999999999999982800 ) ) ;
#2773 = VERTEX_POINT ( 'NONE', #189 ) ;
#2774 = DIRECTION ( 'NONE',  ( -0.2505628070857317500, -0.2505628070857292000, 0.9351131265310299600 ) ) ;
#2775 = AXIS2_PLACEMENT_3D ( 'NONE', #5082, #2054, #3356 ) ;
#2776 = CARTESIAN_POINT ( 'NONE',  ( -0.9550000000000048500, 0.9550000000000048500, 0.5000000000000004400 ) ) ;
#2777 =( NAMED_UNIT ( * ) PLANE_ANGLE_UNIT ( ) SI_UNIT ( $, .RADIAN. ) );
#2778 = AXIS2_PLACEMENT_3D ( 'NONE', #993, #223, #1860 ) ;
#2779 = EDGE_CURVE ( 'NONE', #5245, #3684, #1881, .T. ) ;
#2780 =( LENGTH_UNIT ( ) NAMED_UNIT ( * ) SI_UNIT ( .MILLI., .METRE. ) );
#2781 = UNCERTAINTY_MEASURE_WITH_UNIT (LENGTH_MEASURE( 1.000000000000000100E-005 ), #1150, 'distance_accuracy_value', 'NONE');
#2782 = PLANE ( 'NONE',  #4430 ) ;
#2783 = ORIENTED_EDGE ( 'NONE', *, *, #3367, .T. ) ;
#2784 = VECTOR ( 'NONE', #4849, 1000.000000000000000 ) ;
#2785 = DIRECTION ( 'NONE',  ( 0.0000000000000000000, 0.0000000000000000000, -1.000000000000000000 ) ) ;
#2786 = DIRECTION ( 'NONE',  ( 0.7071067811865469100, -0.7071067811865482400, -0.0000000000000000000 ) ) ;
#2787 = ORIENTED_EDGE ( 'NONE', *, *, #318, .T. ) ;
#2788 = LINE ( 'NONE', #5143, #238 ) ;
#2789 = EDGE_CURVE ( 'NONE', #3548, #3760, #936, .T. ) ;
#2790 = DIRECTION ( 'NONE',  ( 1.000000000000000000, 0.0000000000000000000, 0.0000000000000000000 ) ) ;
#2791 = ORIENTED_EDGE ( 'NONE', *, *, #455, .T. ) ;
#2792 = DIRECTION ( 'NONE',  ( 0.7071067811865469100, -0.7071067811865481300, 0.0000000000000000000 ) ) ;
#2793 = CARTESIAN_POINT ( 'NONE',  ( -2.139999999999989000, 0.09999999999999202600, 1.400000000000000100 ) ) ;
#2794 = ORIENTED_EDGE ( 'NONE', *, *, #268, .T. ) ;
#2795 = SURFACE_SIDE_STYLE ('',( #2919 ) ) ;
#2796 = ORIENTED_EDGE ( 'NONE', *, *, #1032, .T. ) ;
#2797 =( LENGTH_UNIT ( ) NAMED_UNIT ( * ) SI_UNIT ( .MILLI., .METRE. ) );
#2798 = CARTESIAN_POINT ( 'NONE',  ( 0.9550000000000036200, 1.585000000000003500, 0.5000000000000004400 ) ) ;
#2799 = ORIENTED_EDGE ( 'NONE', *, *, #4004, .F. ) ;
#2800 = EDGE_CURVE ( 'NONE', #4752, #4879, #2085, .T. ) ;
#2801 = ORIENTED_EDGE ( 'NONE', *, *, #3861, .T. ) ;
#2802 = CARTESIAN_POINT ( 'NONE',  ( 5.080000000000000100, -5.000000000000000900, 1.270000000000004700 ) ) ;
#2803 = FACE_OUTER_BOUND ( 'NONE', #5131, .T. ) ;
#2804 = PRESENTATION_LAYER_ASSIGNMENT (  '', '', ( #405 ) ) ;
#2805 = VERTEX_POINT ( 'NONE', #1122 ) ;
#2806 = MECHANICAL_DESIGN_GEOMETRIC_PRESENTATION_REPRESENTATION (  '', ( #766 ), #218 ) ;
#2807 = VERTEX_POINT ( 'NONE', #4992 ) ;
#2808 = PLANE ( 'NONE',  #367 ) ;
#2809 = VECTOR ( 'NONE', #509, 1000.000000000000000 ) ;
#2810 = SURFACE_SIDE_STYLE ('',( #1561 ) ) ;
#2811 = DIRECTION ( 'NONE',  ( 1.000000000000000000, 0.0000000000000000000, 0.0000000000000000000 ) ) ;
#2812 = EDGE_CURVE ( 'NONE', #5437, #3768, #2817, .T. ) ;
#2813 = VERTEX_POINT ( 'NONE', #249 ) ;
#2814 = AXIS2_PLACEMENT_3D ( 'NONE', #4383, #1840, #4838 ) ;
#2815 = DIRECTION ( 'NONE',  ( 0.0000000000000000000, 0.0000000000000000000, -1.000000000000000000 ) ) ;
#2816 = VERTEX_POINT ( 'NONE', #5376 ) ;
#2817 = LINE ( 'NONE', #2402, #2889 ) ;
#2818 = FILL_AREA_STYLE ('',( #3302 ) ) ;
#2819 = DIRECTION ( 'NONE',  ( -1.000000000000000000, 0.0000000000000000000, 0.0000000000000000000 ) ) ;
#2820 = DIRECTION ( 'NONE',  ( 1.000000000000000000, -0.0000000000000000000, -0.0000000000000000000 ) ) ;
#2821 = EDGE_CURVE ( 'NONE', #4070, #2671, #1352, .T. ) ;
#2822 = DIRECTION ( 'NONE',  ( 0.0000000000000000000, 1.000000000000000000, 0.0000000000000000000 ) ) ;
#2823 = LINE ( 'NONE', #889, #810 ) ;
#2824 = DIRECTION ( 'NONE',  ( 0.0000000000000000000, -1.000000000000000000, 0.0000000000000000000 ) ) ;
#2825 = FACE_OUTER_BOUND ( 'NONE', #5188, .T. ) ;
#2826 = SURFACE_STYLE_FILL_AREA ( #172 ) ;
#2827 = LINE ( 'NONE', #5074, #1691 ) ;
#2828 = CARTESIAN_POINT ( 'NONE',  ( -1.544505790409926200, 0.9954942095900875000, 8.751126447602482400 ) ) ;
#2829 = UNCERTAINTY_MEASURE_WITH_UNIT (LENGTH_MEASURE( 1.000000000000000100E-005 ), #2937, 'distance_accuracy_value', 'NONE');
#2830 = LINE ( 'NONE', #3429, #2032 ) ;
#2831 = PRESENTATION_STYLE_ASSIGNMENT (( #2406 ) ) ;
#2832 = VECTOR ( 'NONE', #4848, 1000.000000000000000 ) ;
#2833 = DIRECTION ( 'NONE',  ( -0.0000000000000000000, -1.000000000000000000, -0.0000000000000000000 ) ) ;
#2834 = ADVANCED_FACE ( 'NONE', ( #4895 ), #2446, .F. ) ;
#2835 = DIRECTION ( 'NONE',  ( 1.000000000000000000, 0.0000000000000000000, 0.0000000000000000000 ) ) ;
#2836 = ORIENTED_EDGE ( 'NONE', *, *, #3913, .F. ) ;
#2837 = ORIENTED_EDGE ( 'NONE', *, *, #5451, .F. ) ;
#2838 = LINE ( 'NONE', #3817, #1702 ) ;
#2839 = EDGE_CURVE ( 'NONE', #1804, #3566, #5445, .T. ) ;
#2840 = DIRECTION ( 'NONE',  ( -0.0000000000000000000, -0.0000000000000000000, 1.000000000000000000 ) ) ;
#2841 = DIRECTION ( 'NONE',  ( -1.000000000000000000, 0.0000000000000000000, 0.0000000000000000000 ) ) ;
#2842 = VECTOR ( 'NONE', #3852, 1000.000000000000000 ) ;
#2843 = EDGE_LOOP ( 'NONE', ( #4884, #669, #4811, #2448 ) ) ;
#2844 = CARTESIAN_POINT ( 'NONE',  ( -3.494999999999998300, 1.585000000000003500, 0.4999999999999982800 ) ) ;
#2845 = AXIS2_PLACEMENT_3D ( 'NONE', #4017, #4928, #1102 ) ;
#2846 =( NAMED_UNIT ( * ) PLANE_ANGLE_UNIT ( ) SI_UNIT ( $, .RADIAN. ) );
#2847 = EDGE_LOOP ( 'NONE', ( #1349, #2554, #4476, #2252 ) ) ;
#2848 = VECTOR ( 'NONE', #5274, 1000.000000000000000 ) ;
#2849 = CARTESIAN_POINT ( 'NONE',  ( -4.124999999999996400, 0.9550000000000048500, 0.4999999999999982800 ) ) ;
#2850 = DIRECTION ( 'NONE',  ( -0.0000000000000000000, -0.0000000000000000000, 1.000000000000000000 ) ) ;
#2851 = EDGE_LOOP ( 'NONE', ( #1998, #1470, #540, #4174 ) ) ;
#2852 = FACE_OUTER_BOUND ( 'NONE', #3805, .T. ) ;
#2853 = EDGE_CURVE ( 'NONE', #3043, #4679, #2216, .T. ) ;
#2854 = LINE ( 'NONE', #3803, #1717 ) ;
#2855 = DIRECTION ( 'NONE',  ( 0.0000000000000000000, -1.682396719162780200E-015, 1.000000000000000000 ) ) ;
#2856 = AXIS2_PLACEMENT_3D ( 'NONE', #2145, #3018, #430 ) ;
#2857 = SURFACE_SIDE_STYLE ('',( #2557 ) ) ;
#2858 = CARTESIAN_POINT ( 'NONE',  ( 4.124999999999994700, 0.9550000000000102900, 4.000000000000000000 ) ) ;
#2859 =( NAMED_UNIT ( * ) SI_UNIT ( $, .STERADIAN. ) SOLID_ANGLE_UNIT ( ) );
#2860 = ADVANCED_FACE ( 'NONE', ( #56 ), #649, .F. ) ;
#2861 = EDGE_LOOP ( 'NONE', ( #866, #643, #4887, #3602, #653, #1782 ) ) ;
#2862 = LINE ( 'NONE', #1564, #2725 ) ;
#2863 = DIRECTION ( 'NONE',  ( -0.0000000000000000000, 1.000000000000000000, 1.682396719162780200E-015 ) ) ;
#2864 = EDGE_CURVE ( 'NONE', #5297, #250, #4220, .T. ) ;
#2865 = VERTEX_POINT ( 'NONE', #2425 ) ;
#2866 = ORIENTED_EDGE ( 'NONE', *, *, #3222, .T. ) ;
#2867 = EDGE_CURVE ( 'NONE', #5426, #1935, #1750, .T. ) ;
#2868 = CARTESIAN_POINT ( 'NONE',  ( 2.040000000000013400, 2.540000000000000000, 2.450000000000000200 ) ) ;
#2869 = ORIENTED_EDGE ( 'NONE', *, *, #1406, .T. ) ;
#2870 = PLANE ( 'NONE',  #2399 ) ;
#2871 =( LENGTH_UNIT ( ) NAMED_UNIT ( * ) SI_UNIT ( .MILLI., .METRE. ) );
#2872 = ORIENTED_EDGE ( 'NONE', *, *, #4392, .F. ) ;
#2873 = AXIS2_PLACEMENT_3D ( 'NONE', #5171, #3546, #4386 ) ;
#2874 = CARTESIAN_POINT ( 'NONE',  ( -2.939999999999984400, 2.540000000000000000, 2.450000000000000200 ) ) ;
#2875 = FILL_AREA_STYLE ('',( #1625 ) ) ;
#2876 = ORIENTED_EDGE ( 'NONE', *, *, #3159, .T. ) ;
#2877 =( LENGTH_UNIT ( ) NAMED_UNIT ( * ) SI_UNIT ( .MILLI., .METRE. ) );
#2878 = LINE ( 'NONE', #945, #1543 ) ;
#2879 = FACE_OUTER_BOUND ( 'NONE', #4409, .T. ) ;
#2880 = DIRECTION ( 'NONE',  ( -1.000000000000000000, -0.0000000000000000000, -0.0000000000000000000 ) ) ;
#2881 = ORIENTED_EDGE ( 'NONE', *, *, #3972, .F. ) ;
#2882 = EDGE_LOOP ( 'NONE', ( #4188, #4109, #5232, #2407 ) ) ;
#2883 = CARTESIAN_POINT ( 'NONE',  ( -3.602179676972452800, 1.062179676972466500, 9.000000000000001800 ) ) ;
#2884 = ORIENTED_EDGE ( 'NONE', *, *, #4541, .T. ) ;
#2885 = FACE_OUTER_BOUND ( 'NONE', #4760, .T. ) ;
#2886 = VECTOR ( 'NONE', #1091, 1000.000000000000000 ) ;
#2887 = ORIENTED_EDGE ( 'NONE', *, *, #1353, .T. ) ;
#2888 = DIRECTION ( 'NONE',  ( -0.7071067811865482400, 0.7071067811865469100, 0.0000000000000000000 ) ) ;
#2889 = VECTOR ( 'NONE', #4549, 1000.000000000000000 ) ;
#2890 = CARTESIAN_POINT ( 'NONE',  ( -3.039999999999987200, 2.540000000000000000, 2.450000000000000200 ) ) ;
#2891 = ADVANCED_FACE ( 'NONE', ( #3956, #608, #5369, #2493, #3165 ), #211, .F. ) ;
#2892 = EDGE_CURVE ( 'NONE', #1005, #1933, #4351, .T. ) ;
#2893 = FACE_OUTER_BOUND ( 'NONE', #1266, .T. ) ;
#2894 = FACE_OUTER_BOUND ( 'NONE', #4211, .T. ) ;
#2895 = DIRECTION ( 'NONE',  ( 0.0000000000000000000, 0.0000000000000000000, -1.000000000000000000 ) ) ;
#2896 = DIRECTION ( 'NONE',  ( 1.000000000000000000, -1.101411730778927600E-014, 1.685863046557458200E-029 ) ) ;
#2897 = DIRECTION ( 'NONE',  ( -0.7071067811865474600, -0.7071067811865474600, -0.0000000000000000000 ) ) ;
#2898 = FACE_OUTER_BOUND ( 'NONE', #2950, .T. ) ;
#2899 = LINE ( 'NONE', #2772, #5313 ) ;
#2900 = EDGE_CURVE ( 'NONE', #4939, #145, #868, .T. ) ;
#2901 = CARTESIAN_POINT ( 'NONE',  ( -3.495000000000005000, 0.9550000000000048500, 8.599999999999996100 ) ) ;
#2902 = VECTOR ( 'NONE', #4460, 1000.000000000000000 ) ;
#2903 = PRESENTATION_LAYER_ASSIGNMENT (  '', '', ( #1926 ) ) ;
#2904 = DIRECTION ( 'NONE',  ( 0.0000000000000000000, -1.000000000000000000, 0.0000000000000000000 ) ) ;
#2905 = VERTEX_POINT ( 'NONE', #5396 ) ;
#2906 = UNCERTAINTY_MEASURE_WITH_UNIT (LENGTH_MEASURE( 1.000000000000000100E-005 ), #2588, 'distance_accuracy_value', 'NONE');
#2907 = VERTEX_POINT ( 'NONE', #1079 ) ;
#2908 = PLANE ( 'NONE',  #1238 ) ;
#2909 = LINE ( 'NONE', #43, #3650 ) ;
#2910 = CARTESIAN_POINT ( 'NONE',  ( 3.495000000000003200, 0.9550000000000048500, 0.4999999999999982800 ) ) ;
#2911 = ORIENTED_EDGE ( 'NONE', *, *, #1378, .F. ) ;
#2912 = DIRECTION ( 'NONE',  ( -1.000000000000000000, 0.0000000000000000000, 0.0000000000000000000 ) ) ;
#2913 = VECTOR ( 'NONE', #2092, 1000.000000000000000 ) ;
#2914 = CARTESIAN_POINT ( 'NONE',  ( 4.124999999999994700, -4.999999999999999100, 0.3149999999999943400 ) ) ;
#2915 = EDGE_CURVE ( 'NONE', #2443, #2816, #4023, .T. ) ;
#2916 = CARTESIAN_POINT ( 'NONE',  ( 1.477820323027545500, -4.999999999999999100, 0.3149999999999931700 ) ) ;
#2917 = CARTESIAN_POINT ( 'NONE',  ( -3.494999999999998300, 1.585000000000003500, 0.5000000000000004400 ) ) ;
#2918 = CARTESIAN_POINT ( 'NONE',  ( -1.584999999999996600, 1.585000000000008600, 0.4999999999999982800 ) ) ;
#2919 = SURFACE_STYLE_FILL_AREA ( #2318 ) ;
#2920 = ADVANCED_FACE ( 'NONE', ( #4889 ), #288, .T. ) ;
#2921 = AXIS2_PLACEMENT_3D ( 'NONE', #4765, #27, #3833 ) ;
#2922 = MECHANICAL_DESIGN_GEOMETRIC_PRESENTATION_REPRESENTATION (  '', ( #2347 ), #3397 ) ;
#2923 = ORIENTED_EDGE ( 'NONE', *, *, #1886, .T. ) ;
#2924 = SURFACE_STYLE_FILL_AREA ( #633 ) ;
#2925 = SURFACE_STYLE_FILL_AREA ( #3434 ) ;
#2926 = FILL_AREA_STYLE ('',( #3331 ) ) ;
#2927 = ORIENTED_EDGE ( 'NONE', *, *, #231, .T. ) ;
#2928 = VECTOR ( 'NONE', #446, 1000.000000000000000 ) ;
#2929 = SURFACE_STYLE_FILL_AREA ( #4079 ) ;
#2930 = DIRECTION ( 'NONE',  ( 0.0000000000000000000, -1.000000000000000000, 0.0000000000000000000 ) ) ;
#2931 = EDGE_CURVE ( 'NONE', #2490, #796, #3764, .T. ) ;
#2932 = FILL_AREA_STYLE_COLOUR ( '', #3656 ) ;
#2933 = EDGE_LOOP ( 'NONE', ( #5401, #2674, #4540, #1870 ) ) ;
#2934 =( GEOMETRIC_REPRESENTATION_CONTEXT ( 3 ) GLOBAL_UNCERTAINTY_ASSIGNED_CONTEXT ( ( #671 ) ) GLOBAL_UNIT_ASSIGNED_CONTEXT ( ( #2770, #192, #4494 ) ) REPRESENTATION_CONTEXT ( 'NONE', 'WORKASPACE' ) );
#2935 = DIRECTION ( 'NONE',  ( 1.101411730778927600E-014, 1.000000000000000000, -0.0000000000000000000 ) ) ;
#2936 = DIRECTION ( 'NONE',  ( -0.0000000000000000000, 1.530638361156006100E-015, 1.000000000000000000 ) ) ;
#2937 =( LENGTH_UNIT ( ) NAMED_UNIT ( * ) SI_UNIT ( .MILLI., .METRE. ) );
#2938 = ORIENTED_EDGE ( 'NONE', *, *, #21, .T. ) ;
#2939 = ORIENTED_EDGE ( 'NONE', *, *, #4665, .F. ) ;
#2940 = CARTESIAN_POINT ( 'NONE',  ( 1.477820323027535500, 4.726424473330774100E-014, 9.000000000000001800 ) ) ;
#2941 = EDGE_CURVE ( 'NONE', #4148, #4684, #864, .T. ) ;
#2942 = ORIENTED_EDGE ( 'NONE', *, *, #2631, .T. ) ;
#2943 = EDGE_CURVE ( 'NONE', #3760, #5483, #1286, .T. ) ;
#2944 = DIRECTION ( 'NONE',  ( 0.7071067811865469100, 0.7071067811865482400, 0.0000000000000000000 ) ) ;
#2945 = VERTEX_POINT ( 'NONE', #1568 ) ;
#2946 = CARTESIAN_POINT ( 'NONE',  ( -1.584999999999996600, 1.585000000000003500, 0.4999999999999982800 ) ) ;
#2947 = COLOUR_RGB ( '',1.000000000000000000, 0.8117647058823529400, 0.5019607843137254800 ) ;
#2948 = ADVANCED_FACE ( 'NONE', ( #2019 ), #4144, .F. ) ;
#2949 = ORIENTED_EDGE ( 'NONE', *, *, #741, .F. ) ;
#2950 = EDGE_LOOP ( 'NONE', ( #801, #3745, #5299, #2594 ) ) ;
#2951 = DIRECTION ( 'NONE',  ( 0.0000000000000000000, -1.517583580067741800E-016, 1.000000000000000000 ) ) ;
#2952 = CARTESIAN_POINT ( 'NONE',  ( -5.080000000000015200, 0.9550000000000102900, 1.899999999999999900 ) ) ;
#2953 = AXIS2_PLACEMENT_3D ( 'NONE', #3538, #955, #1816 ) ;
#2954 = PRESENTATION_STYLE_ASSIGNMENT (( #37 ) ) ;
#2955 = EDGE_LOOP ( 'NONE', ( #2071, #4639, #2403, #4225 ) ) ;
#2956 = CARTESIAN_POINT ( 'NONE',  ( 0.9550000000000036200, 1.585000000000016000, 8.599999999999996100 ) ) ;
#2957 = EDGE_LOOP ( 'NONE', ( #674, #4470, #850, #4398 ) ) ;
#2958 = DIRECTION ( 'NONE',  ( -1.000000000000000000, -0.0000000000000000000, 0.0000000000000000000 ) ) ;
#2959 = LINE ( 'NONE', #3573, #2626 ) ;
#2960 =( NAMED_UNIT ( * ) PLANE_ANGLE_UNIT ( ) SI_UNIT ( $, .RADIAN. ) );
#2961 = VECTOR ( 'NONE', #1160, 1000.000000000000000 ) ;
#2962 =( GEOMETRIC_REPRESENTATION_CONTEXT ( 3 ) GLOBAL_UNCERTAINTY_ASSIGNED_CONTEXT ( ( #2906 ) ) GLOBAL_UNIT_ASSIGNED_CONTEXT ( ( #2588, #845, #3410 ) ) REPRESENTATION_CONTEXT ( 'NONE', 'WORKASPACE' ) );
#2963 = PRESENTATION_STYLE_ASSIGNMENT (( #3898 ) ) ;
#2964 = ORIENTED_EDGE ( 'NONE', *, *, #2564, .F. ) ;
#2965 = CARTESIAN_POINT ( 'NONE',  ( 4.125000000000001800, 1.585000000000003500, 0.5000000000000004400 ) ) ;
#2966 = LINE ( 'NONE', #2276, #1424 ) ;
#2967 = VECTOR ( 'NONE', #2432, 1000.000000000000000 ) ;
#2968 = EDGE_CURVE ( 'NONE', #3054, #2813, #4827, .T. ) ;
#2969 = VECTOR ( 'NONE', #2583, 1000.000000000000000 ) ;
#2970 = SURFACE_STYLE_FILL_AREA ( #5374 ) ;
#2971 = ORIENTED_EDGE ( 'NONE', *, *, #2800, .F. ) ;
#2972 = FACE_OUTER_BOUND ( 'NONE', #2933, .T. ) ;
#2973 = DIRECTION ( 'NONE',  ( -0.2505628070857317500, -0.2505628070857292000, 0.9351131265310299600 ) ) ;
#2974 = EDGE_CURVE ( 'NONE', #1823, #3193, #2350, .T. ) ;
#2975 = ORIENTED_EDGE ( 'NONE', *, *, #3804, .F. ) ;
#2976 = CARTESIAN_POINT ( 'NONE',  ( -3.494999999999998300, 1.585000000000008800, 1.400000000000000100 ) ) ;
#2977 = ADVANCED_FACE ( 'NONE', ( #3498 ), #1135, .T. ) ;
#2978 = ORIENTED_EDGE ( 'NONE', *, *, #1290, .T. ) ;
#2979 = MECHANICAL_DESIGN_GEOMETRIC_PRESENTATION_REPRESENTATION (  '', ( #2219 ), #3837 ) ;
#2980 = CARTESIAN_POINT ( 'NONE',  ( -1.584999999999996600, 1.585000000000003500, 0.5000000000000004400 ) ) ;
#2981 = PRESENTATION_LAYER_ASSIGNMENT (  '', '', ( #284 ) ) ;
#2982 = DIRECTION ( 'NONE',  ( -0.7071067811865474600, -0.7071067811865474600, -0.0000000000000000000 ) ) ;
#2983 =( GEOMETRIC_REPRESENTATION_CONTEXT ( 3 ) GLOBAL_UNCERTAINTY_ASSIGNED_CONTEXT ( ( #2321 ) ) GLOBAL_UNIT_ASSIGNED_CONTEXT ( ( #456, #4786, #3528 ) ) REPRESENTATION_CONTEXT ( 'NONE', 'WORKASPACE' ) );
#2984 = CARTESIAN_POINT ( 'NONE',  ( 0.5000000000000000000, 2.606599254992157300E-016, 4.000000000000000000 ) ) ;
#2985 = CARTESIAN_POINT ( 'NONE',  ( -2.139999999999989000, 2.540000000000000000, 1.400000000000000100 ) ) ;
#2986 = DIRECTION ( 'NONE',  ( 0.0000000000000000000, -2.660618828185275700E-016, -1.000000000000000000 ) ) ;
#2987 = VERTEX_POINT ( 'NONE', #5427 ) ;
#2988 = COLOUR_RGB ( '',1.000000000000000000, 0.8117647058823529400, 0.5019607843137254800 ) ;
#2989 = DIRECTION ( 'NONE',  ( -1.101411730778927600E-014, -1.682396719162780200E-015, 1.000000000000000000 ) ) ;
#2990 = AXIS2_PLACEMENT_3D ( 'NONE', #3836, #1271, #1677 ) ;
#2991 = EDGE_LOOP ( 'NONE', ( #3164, #1053, #799, #2836 ) ) ;
#2992 = DIRECTION ( 'NONE',  ( -0.0000000000000000000, 1.530638361156006100E-015, 1.000000000000000000 ) ) ;
#2993 = ORIENTED_EDGE ( 'NONE', *, *, #4281, .T. ) ;
#2994 = EDGE_CURVE ( 'NONE', #978, #4090, #50, .T. ) ;
#2995 = CARTESIAN_POINT ( 'NONE',  ( 1.062179676972452700, 1.477820323027566600, 9.000000000000001800 ) ) ;
#2996 = FILL_AREA_STYLE ('',( #5579 ) ) ;
#2997 = PLANE ( 'NONE',  #169 ) ;
#2998 = PRESENTATION_LAYER_ASSIGNMENT (  '', '', ( #1421 ) ) ;
#2999 = ORIENTED_EDGE ( 'NONE', *, *, #4941, .F. ) ;
#3000 = DIRECTION ( 'NONE',  ( -1.000000000000000000, 0.0000000000000000000, 0.0000000000000000000 ) ) ;
#3001 = ADVANCED_FACE ( 'NONE', ( #2885 ), #3416, .T. ) ;
#3002 = ORIENTED_EDGE ( 'NONE', *, *, #4541, .F. ) ;
#3003 = ORIENTED_EDGE ( 'NONE', *, *, #4242, .F. ) ;
#3004 = CARTESIAN_POINT ( 'NONE',  ( 3.040000000000000000, 2.606599254992157300E-016, 4.000000000000000000 ) ) ;
#3005 =( NAMED_UNIT ( * ) PLANE_ANGLE_UNIT ( ) SI_UNIT ( $, .RADIAN. ) );
#3006 = ORIENTED_EDGE ( 'NONE', *, *, #4952, .T. ) ;
#3007 = CARTESIAN_POINT ( 'NONE',  ( -3.495000000000005000, -4.599999999999992500, 0.3149999999999944000 ) ) ;
#3008 = CIRCLE ( 'NONE', #1567, 0.1850000000000048300 ) ;
#3009 = SURFACE_STYLE_FILL_AREA ( #1437 ) ;
#3010 = DIRECTION ( 'NONE',  ( 0.0000000000000000000, -1.409885789968134100E-016, 1.000000000000000000 ) ) ;
#3011 = SURFACE_STYLE_USAGE ( .BOTH. , #1330 ) ;
#3012 = EDGE_LOOP ( 'NONE', ( #959, #4415, #1332, #3601 ) ) ;
#3013 = DIRECTION ( 'NONE',  ( -1.000000000000000000, 0.0000000000000000000, 0.0000000000000000000 ) ) ;
#3014 = VERTEX_POINT ( 'NONE', #1994 ) ;
#3015 = ORIENTED_EDGE ( 'NONE', *, *, #1219, .T. ) ;
#3016 =( LENGTH_UNIT ( ) NAMED_UNIT ( * ) SI_UNIT ( .MILLI., .METRE. ) );
#3017 = EDGE_LOOP ( 'NONE', ( #1995, #3412, #4823, #5086 ) ) ;
#3018 = DIRECTION ( 'NONE',  ( -1.000000000000000000, 0.0000000000000000000, 0.0000000000000000000 ) ) ;
#3019 = EDGE_CURVE ( 'NONE', #291, #5157, #464, .T. ) ;
#3020 = DIRECTION ( 'NONE',  ( 0.0000000000000000000, -1.000000000000000000, 0.0000000000000000000 ) ) ;
#3021 = ORIENTED_EDGE ( 'NONE', *, *, #4067, .T. ) ;
#3022 = CARTESIAN_POINT ( 'NONE',  ( 2.040000000000013400, 2.540000000000000000, 1.400000000000000100 ) ) ;
#3023 = PRESENTATION_LAYER_ASSIGNMENT (  '', '', ( #3815 ) ) ;
#3024 = LINE ( 'NONE', #690, #4160 ) ;
#3025 = VECTOR ( 'NONE', #91, 1000.000000000000100 ) ;
#3026 = CARTESIAN_POINT ( 'NONE',  ( 1.585000000000002200, 1.585000000000003500, 0.5000000000000004400 ) ) ;
#3027 = ADVANCED_FACE ( 'NONE', ( #603 ), #4317, .T. ) ;
#3028 = COLOUR_RGB ( '',1.000000000000000000, 0.8117647058823529400, 0.5019607843137254800 ) ;
#3029 = CARTESIAN_POINT ( 'NONE',  ( 0.9550000000000036200, 0.7699999999999998000, 0.3149999999999951700 ) ) ;
#3030 = VERTEX_POINT ( 'NONE', #4732 ) ;
#3031 = AXIS2_PLACEMENT_3D ( 'NONE', #1954, #2016, #1975 ) ;
#3032 = SURFACE_STYLE_USAGE ( .BOTH. , #4773 ) ;
#3033 = VECTOR ( 'NONE', #436, 1000.000000000000000 ) ;
#3034 = DIRECTION ( 'NONE',  ( -0.0000000000000000000, 0.0000000000000000000, -1.000000000000000000 ) ) ;
#3035 = LINE ( 'NONE', #2257, #1632 ) ;
#3036 = CARTESIAN_POINT ( 'NONE',  ( -3.495000000000005000, -4.599999999999992500, 0.3149999999999949500 ) ) ;
#3037 = VERTEX_POINT ( 'NONE', #4255 ) ;
#3038 = ORIENTED_EDGE ( 'NONE', *, *, #5230, .T. ) ;
#3039 = EDGE_CURVE ( 'NONE', #1216, #1556, #1418, .T. ) ;
#3040 = SURFACE_STYLE_FILL_AREA ( #5475 ) ;
#3041 = VECTOR ( 'NONE', #544, 1000.000000000000000 ) ;
#3042 = CARTESIAN_POINT ( 'NONE',  ( 0.9550000000000036200, -4.999999999999999100, 0.3149999999999943400 ) ) ;
#3043 = VERTEX_POINT ( 'NONE', #1705 ) ;
#3044 = DIRECTION ( 'NONE',  ( 0.0000000000000000000, -1.000000000000000000, 0.0000000000000000000 ) ) ;
#3045 = CARTESIAN_POINT ( 'NONE',  ( -5.080000000000015200, 2.540000000000000000, 1.400000000000000100 ) ) ;
#3046 = EDGE_CURVE ( 'NONE', #1449, #4561, #2562, .T. ) ;
#3047 = EDGE_CURVE ( 'NONE', #3343, #1201, #4691, .T. ) ;
#3048 = DIRECTION ( 'NONE',  ( 0.9659258262890689800, 0.0000000000000000000, -0.2588190451025183500 ) ) ;
#3049 =( NAMED_UNIT ( * ) SI_UNIT ( $, .STERADIAN. ) SOLID_ANGLE_UNIT ( ) );
#3050 = VECTOR ( 'NONE', #1755, 1000.000000000000000 ) ;
#3051 = DIRECTION ( 'NONE',  ( -0.0000000000000000000, 1.000000000000000000, 0.0000000000000000000 ) ) ;
#3052 = DIRECTION ( 'NONE',  ( -0.2505628070857265900, 0.2505628070857295300, 0.9351131265310311800 ) ) ;
#3053 = ADVANCED_FACE ( 'NONE', ( #5583 ), #2136, .F. ) ;
#3054 = VERTEX_POINT ( 'NONE', #3915 ) ;
#3055 = LINE ( 'NONE', #5322, #2784 ) ;
#3056 = FACE_OUTER_BOUND ( 'NONE', #259, .T. ) ;
#3057 =( GEOMETRIC_REPRESENTATION_CONTEXT ( 3 ) GLOBAL_UNCERTAINTY_ASSIGNED_CONTEXT ( ( #3738 ) ) GLOBAL_UNIT_ASSIGNED_CONTEXT ( ( #3386, #2500, #1229 ) ) REPRESENTATION_CONTEXT ( 'NONE', 'WORKASPACE' ) );
#3058 = CARTESIAN_POINT ( 'NONE',  ( 4.579999999999986700, 2.540000000000000000, 1.400000000000000100 ) ) ;
#3059 = CARTESIAN_POINT ( 'NONE',  ( -5.080000000000015200, 2.038999999999999700, 1.900000000000000100 ) ) ;
#3060 = ORIENTED_EDGE ( 'NONE', *, *, #3084, .T. ) ;
#3061 = VECTOR ( 'NONE', #16, 1000.000000000000000 ) ;
#3062 = PRESENTATION_STYLE_ASSIGNMENT (( #4152 ) ) ;
#3063 = CARTESIAN_POINT ( 'NONE',  ( -0.4999999999999870100, 2.540000000000000000, 4.000000000000000000 ) ) ;
#3064 = STYLED_ITEM ( 'NONE', ( #199 ), #2665 ) ;
#3065 = PLANE ( 'NONE',  #1443 ) ;
#3066 = EDGE_LOOP ( 'NONE', ( #4044, #323, #1304, #1083 ) ) ;
#3067 = DIRECTION ( 'NONE',  ( 1.000000000000000000, 0.0000000000000000000, -0.0000000000000000000 ) ) ;
#3068 = DIRECTION ( 'NONE',  ( -1.000000000000000000, 0.0000000000000000000, 0.0000000000000000000 ) ) ;
#3069 = ORIENTED_EDGE ( 'NONE', *, *, #724, .F. ) ;
#3070 = EDGE_CURVE ( 'NONE', #482, #1434, #929, .T. ) ;
#3071 = FILL_AREA_STYLE_COLOUR ( '', #5377 ) ;
#3072 = ORIENTED_EDGE ( 'NONE', *, *, #1973, .F. ) ;
#3073 = CARTESIAN_POINT ( 'NONE',  ( -3.494999999999998300, 0.7700000000000000200, 0.5000000000000000000 ) ) ;
#3074 =( GEOMETRIC_REPRESENTATION_CONTEXT ( 3 ) GLOBAL_UNCERTAINTY_ASSIGNED_CONTEXT ( ( #3076 ) ) GLOBAL_UNIT_ASSIGNED_CONTEXT ( ( #4778, #3075, #2212 ) ) REPRESENTATION_CONTEXT ( 'NONE', 'WORKASPACE' ) );
#3075 =( NAMED_UNIT ( * ) PLANE_ANGLE_UNIT ( ) SI_UNIT ( $, .RADIAN. ) );
#3076 = UNCERTAINTY_MEASURE_WITH_UNIT (LENGTH_MEASURE( 1.000000000000000100E-005 ), #4778, 'distance_accuracy_value', 'NONE');
#3077 = ORIENTED_EDGE ( 'NONE', *, *, #3230, .T. ) ;
#3078 = DIRECTION ( 'NONE',  ( -1.000000000000000000, -0.0000000000000000000, 0.0000000000000000000 ) ) ;
#3079 = VERTEX_POINT ( 'NONE', #3473 ) ;
#3080 = VECTOR ( 'NONE', #1767, 1000.000000000000000 ) ;
#3081 = DIRECTION ( 'NONE',  ( -1.000000000000000000, 0.0000000000000000000, 0.0000000000000000000 ) ) ;
#3082 = VERTEX_POINT ( 'NONE', #426 ) ;
#3083 = CARTESIAN_POINT ( 'NONE',  ( -4.124999999999996400, 0.9550000000000102900, 1.900000000000000100 ) ) ;
#3084 = EDGE_CURVE ( 'NONE', #5426, #4708, #3696, .T. ) ;
#3085 = ORIENTED_EDGE ( 'NONE', *, *, #750, .F. ) ;
#3086 = SURFACE_STYLE_FILL_AREA ( #4310 ) ;
#3087 = CARTESIAN_POINT ( 'NONE',  ( 0.4000000000000110100, 2.439999999999997300, 1.400000000000000100 ) ) ;
#3088 = ADVANCED_FACE ( 'NONE', ( #2740 ), #4695, .F. ) ;
#3089 = CARTESIAN_POINT ( 'NONE',  ( -1.584999999999996600, -4.599999999999992500, -0.3150000000000041700 ) ) ;
#3090 = LINE ( 'NONE', #3290, #4155 ) ;
#3091 = ORIENTED_EDGE ( 'NONE', *, *, #478, .T. ) ;
#3092 = DIRECTION ( 'NONE',  ( 1.000000000000000000, -0.0000000000000000000, -0.0000000000000000000 ) ) ;
#3093 = ORIENTED_EDGE ( 'NONE', *, *, #3046, .T. ) ;
#3094 = DIRECTION ( 'NONE',  ( 0.7071067811865469100, 0.7071067811865482400, -0.0000000000000000000 ) ) ;
#3095 = VECTOR ( 'NONE', #3596, 999.9999999999998900 ) ;
#3096 = CARTESIAN_POINT ( 'NONE',  ( -4.124999999999996400, -4.999999999999998200, -0.3150000000000042800 ) ) ;
#3097 =( NAMED_UNIT ( * ) SI_UNIT ( $, .STERADIAN. ) SOLID_ANGLE_UNIT ( ) );
#3098 = VECTOR ( 'NONE', #3423, 1000.000000000000000 ) ;
#3099 =( NAMED_UNIT ( * ) PLANE_ANGLE_UNIT ( ) SI_UNIT ( $, .RADIAN. ) );
#3100 = LINE ( 'NONE', #5425, #4505 ) ;
#3101 = VECTOR ( 'NONE', #4570, 1000.000000000000000 ) ;
#3102 = CARTESIAN_POINT ( 'NONE',  ( 0.9550000000000036200, -4.599999999999992500, 0.3149999999999944000 ) ) ;
#3103 = AXIS2_PLACEMENT_3D ( 'NONE', #2475, #3798, #2053 ) ;
#3104 = PLANE ( 'NONE',  #2814 ) ;
#3105 = CARTESIAN_POINT ( 'NONE',  ( -3.765574651312950200, 1.225574651312968600, 9.941393662828229300 ) ) ;
#3106 = ORIENTED_EDGE ( 'NONE', *, *, #195, .T. ) ;
#3107 = AXIS2_PLACEMENT_3D ( 'NONE', #1522, #3991, #1435 ) ;
#3108 = DIRECTION ( 'NONE',  ( 0.0000000000000000000, 0.0000000000000000000, 1.000000000000000000 ) ) ;
#3109 = LINE ( 'NONE', #537, #3383 ) ;
#3110 = LINE ( 'NONE', #2560, #4299 ) ;
#3111 = EDGE_CURVE ( 'NONE', #53, #4066, #5087, .T. ) ;
#3112 =( GEOMETRIC_REPRESENTATION_CONTEXT ( 3 ) GLOBAL_UNCERTAINTY_ASSIGNED_CONTEXT ( ( #326 ) ) GLOBAL_UNIT_ASSIGNED_CONTEXT ( ( #1506, #4452, #4043 ) ) REPRESENTATION_CONTEXT ( 'NONE', 'WORKASPACE' ) );
#3113 = VECTOR ( 'NONE', #3237, 1000.000000000000000 ) ;
#3114 = DIRECTION ( 'NONE',  ( 1.000000000000000000, 0.0000000000000000000, 0.0000000000000000000 ) ) ;
#3115 = VERTEX_POINT ( 'NONE', #887 ) ;
#3116 = ORIENTED_EDGE ( 'NONE', *, *, #2112, .T. ) ;
#3117 = CARTESIAN_POINT ( 'NONE',  ( 2.940000000000011900, 0.5009999999999865700, 1.899999999999999900 ) ) ;
#3118 = CARTESIAN_POINT ( 'NONE',  ( 0.4000000000000110100, 2.439999999999997300, 1.400000000000000100 ) ) ;
#3119 = LINE ( 'NONE', #5561, #2713 ) ;
#3120 = FILL_AREA_STYLE ('',( #3499 ) ) ;
#3121 = EDGE_CURVE ( 'NONE', #529, #3525, #5293, .T. ) ;
#3122 = DIRECTION ( 'NONE',  ( 0.0000000000000000000, 1.000000000000000000, 1.409885789968134100E-016 ) ) ;
#3123 = FILL_AREA_STYLE_COLOUR ( '', #357 ) ;
#3124 = PLANE ( 'NONE',  #2711 ) ;
#3125 = VECTOR ( 'NONE', #489, 1000.000000000000000 ) ;
#3126 = EDGE_CURVE ( 'NONE', #1681, #3931, #5363, .T. ) ;
#3127 = DIRECTION ( 'NONE',  ( 1.000000000000000000, -1.101411730778927800E-014, 0.0000000000000000000 ) ) ;
#3128 = ORIENTED_EDGE ( 'NONE', *, *, #3944, .T. ) ;
#3129 = DIRECTION ( 'NONE',  ( 1.000000000000000000, 0.0000000000000000000, 0.0000000000000000000 ) ) ;
#3130 = LINE ( 'NONE', #2006, #1393 ) ;
#3131 = EDGE_CURVE ( 'NONE', #4679, #5349, #2147, .T. ) ;
#3132 = MANIFOLD_SOLID_BREP ( 'Chamfer2', #4740 ) ;
#3133 = CARTESIAN_POINT ( 'NONE',  ( 2.540000000000000000, -5.000000000000000900, 1.270000000000004700 ) ) ;
#3134 = ORIENTED_EDGE ( 'NONE', *, *, #1846, .F. ) ;
#3135 = LINE ( 'NONE', #177, #444 ) ;
#3136 = PRESENTATION_LAYER_ASSIGNMENT (  '', '', ( #5546 ) ) ;
#3137 =( GEOMETRIC_REPRESENTATION_CONTEXT ( 3 ) GLOBAL_UNCERTAINTY_ASSIGNED_CONTEXT ( ( #4178 ) ) GLOBAL_UNIT_ASSIGNED_CONTEXT ( ( #1505, #4878, #4451 ) ) REPRESENTATION_CONTEXT ( 'NONE', 'WORKASPACE' ) );
#3138 = ORIENTED_EDGE ( 'NONE', *, *, #3159, .F. ) ;
#3139 = DIRECTION ( 'NONE',  ( 0.0000000000000000000, 0.0000000000000000000, -1.000000000000000000 ) ) ;
#3140 =( NAMED_UNIT ( * ) PLANE_ANGLE_UNIT ( ) SI_UNIT ( $, .RADIAN. ) );
#3141 = ORIENTED_EDGE ( 'NONE', *, *, #2138, .T. ) ;
#3142 = AXIS2_PLACEMENT_3D ( 'NONE', #2362, #2822, #1533 ) ;
#3143 = DIRECTION ( 'NONE',  ( 1.000000000000000000, 0.0000000000000000000, -0.0000000000000000000 ) ) ;
#3144 = ADVANCED_FACE ( 'NONE', ( #2279 ), #3517, .F. ) ;
#3145 = VERTEX_POINT ( 'NONE', #3839 ) ;
#3146 = DIRECTION ( 'NONE',  ( 1.000000000000000000, 0.0000000000000000000, -0.0000000000000000000 ) ) ;
#3147 = ORIENTED_EDGE ( 'NONE', *, *, #4343, .T. ) ;
#3148 = CARTESIAN_POINT ( 'NONE',  ( 1.584999999999995300, 0.9550000000000048500, 0.4999999999999982800 ) ) ;
#3149 = VECTOR ( 'NONE', #975, 1000.000000000000000 ) ;
#3150 = EDGE_CURVE ( 'NONE', #4965, #3768, #5573, .T. ) ;
#3151 = AXIS2_PLACEMENT_3D ( 'NONE', #396, #2579, #1747 ) ;
#3152 = ORIENTED_EDGE ( 'NONE', *, *, #2506, .F. ) ;
#3153 = PRESENTATION_STYLE_ASSIGNMENT (( #131 ) ) ;
#3154 = CARTESIAN_POINT ( 'NONE',  ( 2.040000000000013400, 0.0000000000000000000, 2.450000000000000200 ) ) ;
#3155 = CARTESIAN_POINT ( 'NONE',  ( 1.584999999999995300, 0.9550000000000100600, 0.4999999999999982800 ) ) ;
#3156 = VECTOR ( 'NONE', #5022, 1000.000000000000000 ) ;
#3157 = ORIENTED_EDGE ( 'NONE', *, *, #1996, .T. ) ;
#3158 = VERTEX_POINT ( 'NONE', #1390 ) ;
#3159 = EDGE_CURVE ( 'NONE', #53, #4315, #2878, .T. ) ;
#3160 = PLANE ( 'NONE',  #2717 ) ;
#3161 = DIRECTION ( 'NONE',  ( 0.0000000000000000000, -2.660618828185275700E-016, -1.000000000000000000 ) ) ;
#3162 = EDGE_CURVE ( 'NONE', #5246, #2730, #262, .T. ) ;
#3163 = LINE ( 'NONE', #1112, #2289 ) ;
#3164 = ORIENTED_EDGE ( 'NONE', *, *, #159, .T. ) ;
#3165 = FACE_OUTER_BOUND ( 'NONE', #5368, .T. ) ;
#3166 = DIRECTION ( 'NONE',  ( -0.2505628070857283700, 0.9351131265310311800, -0.2505628070857278100 ) ) ;
#3167 = VECTOR ( 'NONE', #1841, 1000.000000000000000 ) ;
#3168 = LINE ( 'NONE', #1587, #4571 ) ;
#3169 = AXIS2_PLACEMENT_3D ( 'NONE', #2354, #1033, #627 ) ;
#3170 =( NAMED_UNIT ( * ) PLANE_ANGLE_UNIT ( ) SI_UNIT ( $, .RADIAN. ) );
#3171 = VECTOR ( 'NONE', #2912, 1000.000000000000000 ) ;
#3172 =( LENGTH_UNIT ( ) NAMED_UNIT ( * ) SI_UNIT ( .MILLI., .METRE. ) );
#3173 = EDGE_LOOP ( 'NONE', ( #2468, #217, #992, #328 ) ) ;
#3174 = DIRECTION ( 'NONE',  ( -0.0000000000000000000, 1.000000000000000000, 1.682396719162780200E-015 ) ) ;
#3175 = ADVANCED_FACE ( 'NONE', ( #5433 ), #1001, .F. ) ;
#3176 = LINE ( 'NONE', #3045, #3033 ) ;
#3177 = COLOUR_RGB ( '',1.000000000000000000, 0.8117647058823529400, 0.5019607843137254800 ) ;
#3178 = LINE ( 'NONE', #567, #206 ) ;
#3179 = ORIENTED_EDGE ( 'NONE', *, *, #2246, .F. ) ;
#3180 = ORIENTED_EDGE ( 'NONE', *, *, #3236, .F. ) ;
#3181 = PLANE ( 'NONE',  #4802 ) ;
#3182 = COLOUR_RGB ( '',0.7921568627450980000, 0.8196078431372548800, 0.9333333333333333500 ) ;
#3183 = EDGE_LOOP ( 'NONE', ( #957, #2736, #24, #1529 ) ) ;
#3184 = EDGE_CURVE ( 'NONE', #3873, #1833, #1066, .T. ) ;
#3185 = AXIS2_PLACEMENT_3D ( 'NONE', #2129, #5117, #3427 ) ;
#3186 = CARTESIAN_POINT ( 'NONE',  ( 5.079999999999987600, 0.5000000000000004400, 1.400000000000000100 ) ) ;
#3187 = DIRECTION ( 'NONE',  ( 0.0000000000000000000, 0.0000000000000000000, 1.000000000000000000 ) ) ;
#3188 = CARTESIAN_POINT ( 'NONE',  ( 1.269999999999999400, 0.7700000000000000200, 0.5000000000000000000 ) ) ;
#3189 = DIRECTION ( 'NONE',  ( -0.0000000000000000000, -1.000000000000000000, -0.0000000000000000000 ) ) ;
#3190 = CARTESIAN_POINT ( 'NONE',  ( -0.9550000000000048500, 0.7700000000000002400, 0.3149999999999951700 ) ) ;
#3191 = LINE ( 'NONE', #1847, #4248 ) ;
#3192 = DIRECTION ( 'NONE',  ( -0.0000000000000000000, 1.530638361156006100E-015, 1.000000000000000000 ) ) ;
#3193 = VERTEX_POINT ( 'NONE', #3148 ) ;
#3194 = SURFACE_STYLE_FILL_AREA ( #2325 ) ;
#3195 = SURFACE_STYLE_USAGE ( .BOTH. , #658 ) ;
#3196 = EDGE_LOOP ( 'NONE', ( #3888, #819, #3157, #1649 ) ) ;
#3197 = MANIFOLD_SOLID_BREP ( 'LPattern2', #2390 ) ;
#3198 = DIRECTION ( 'NONE',  ( 0.0000000000000000000, 0.0000000000000000000, 1.000000000000000000 ) ) ;
#3199 = FILL_AREA_STYLE ('',( #3617 ) ) ;
#3200 = ORIENTED_EDGE ( 'NONE', *, *, #2867, .F. ) ;
#3201 = EDGE_CURVE ( 'NONE', #529, #4003, #4416, .T. ) ;
#3202 = DIRECTION ( 'NONE',  ( 0.7071067811865469100, 0.7071067811865482400, -0.0000000000000000000 ) ) ;
#3203 = DIRECTION ( 'NONE',  ( -0.7071067811865474600, -0.7071067811865474600, 0.0000000000000000000 ) ) ;
#3204 = FILL_AREA_STYLE ('',( #3659 ) ) ;
#3205 = ORIENTED_EDGE ( 'NONE', *, *, #980, .F. ) ;
#3206 = AXIS2_PLACEMENT_3D ( 'NONE', #976, #2757, #221 ) ;
#3207 = ORIENTED_EDGE ( 'NONE', *, *, #558, .F. ) ;
#3208 = SURFACE_STYLE_USAGE ( .BOTH. , #2670 ) ;
#3209 = ORIENTED_EDGE ( 'NONE', *, *, #3381, .T. ) ;
#3210 = FILL_AREA_STYLE ('',( #200 ) ) ;
#3211 = EDGE_CURVE ( 'NONE', #1534, #1728, #4341, .T. ) ;
#3212 = ORIENTED_EDGE ( 'NONE', *, *, #5237, .F. ) ;
#3213 = AXIS2_PLACEMENT_3D ( 'NONE', #4093, #3223, #728 ) ;
#3214 = VECTOR ( 'NONE', #1899, 1000.000000000000000 ) ;
#3215 = FILL_AREA_STYLE ('',( #225 ) ) ;
#3216 = VECTOR ( 'NONE', #452, 1000.000000000000000 ) ;
#3217 = VERTEX_POINT ( 'NONE', #1830 ) ;
#3218 = CARTESIAN_POINT ( 'NONE',  ( 0.4000000000000110100, 2.540000000000000000, 1.400000000000000100 ) ) ;
#3219 = ORIENTED_EDGE ( 'NONE', *, *, #4739, .F. ) ;
#3220 = ORIENTED_EDGE ( 'NONE', *, *, #2789, .T. ) ;
#3221 = VECTOR ( 'NONE', #1805, 1000.000000000000000 ) ;
#3222 = EDGE_CURVE ( 'NONE', #1201, #978, #5216, .T. ) ;
#3223 = DIRECTION ( 'NONE',  ( 0.0000000000000000000, 0.0000000000000000000, -1.000000000000000000 ) ) ;
#3224 = PLANE ( 'NONE',  #928 ) ;
#3225 = LINE ( 'NONE', #1517, #1748 ) ;
#3226 = ORIENTED_EDGE ( 'NONE', *, *, #3788, .T. ) ;
#3227 = DIRECTION ( 'NONE',  ( 0.0000000000000000000, -1.000000000000000000, 1.530638361156006100E-015 ) ) ;
#3228 = ADVANCED_FACE ( 'NONE', ( #1737 ), #5233, .F. ) ;
#3229 = ORIENTED_EDGE ( 'NONE', *, *, #4563, .F. ) ;
#3230 = EDGE_CURVE ( 'NONE', #1823, #3999, #4747, .T. ) ;
#3231 = LINE ( 'NONE', #51, #3095 ) ;
#3232 = CARTESIAN_POINT ( 'NONE',  ( 5.079999999999987600, 2.540000000000000000, 4.000000000000000000 ) ) ;
#3233 = SURFACE_STYLE_FILL_AREA ( #2249 ) ;
#3234 = CARTESIAN_POINT ( 'NONE',  ( 5.079999999999987600, 0.5000000000000004400, 1.400000000000000100 ) ) ;
#3235 = FILL_AREA_STYLE ('',( #2315 ) ) ;
#3236 = EDGE_CURVE ( 'NONE', #1762, #2472, #5209, .T. ) ;
#3237 = DIRECTION ( 'NONE',  ( -0.0000000000000000000, 1.000000000000000000, 1.517583580067741800E-016 ) ) ;
#3238 = VERTEX_POINT ( 'NONE', #3930 ) ;
#3239 = SURFACE_STYLE_USAGE ( .BOTH. , #4124 ) ;
#3240 = CIRCLE ( 'NONE', #895, 0.8150000000000033900 ) ;
#3241 = FACE_OUTER_BOUND ( 'NONE', #462, .T. ) ;
#3242 = SURFACE_STYLE_FILL_AREA ( #4935 ) ;
#3243 =( NAMED_UNIT ( * ) PLANE_ANGLE_UNIT ( ) SI_UNIT ( $, .RADIAN. ) );
#3244 = FILL_AREA_STYLE_COLOUR ( '', #2143 ) ;
#3245 = EDGE_LOOP ( 'NONE', ( #1101, #2152, #4742, #4387 ) ) ;
#3246 = LINE ( 'NONE', #966, #3648 ) ;
#3247 = CARTESIAN_POINT ( 'NONE',  ( 2.540000000000013800, 0.5000000000000004400, 1.400000000000000100 ) ) ;
#3248 = SURFACE_SIDE_STYLE ('',( #210 ) ) ;
#3249 = COLOUR_RGB ( '',1.000000000000000000, 0.8117647058823529400, 0.5019607843137254800 ) ;
#3250 = AXIS2_PLACEMENT_3D ( 'NONE', #12, #1274, #458 ) ;
#3251 =( LENGTH_UNIT ( ) NAMED_UNIT ( * ) SI_UNIT ( .MILLI., .METRE. ) );
#3252 = ORIENTED_EDGE ( 'NONE', *, *, #4296, .F. ) ;
#3253 = ORIENTED_EDGE ( 'NONE', *, *, #4636, .T. ) ;
#3254 = CARTESIAN_POINT ( 'NONE',  ( -4.580000000000014300, 2.540000000000000000, 1.400000000000000100 ) ) ;
#3255 = AXIS2_PLACEMENT_3D ( 'NONE', #4678, #1740, #2944 ) ;
#3256 = UNCERTAINTY_MEASURE_WITH_UNIT (LENGTH_MEASURE( 1.000000000000000100E-005 ), #4197, 'distance_accuracy_value', 'NONE');
#3257 = CARTESIAN_POINT ( 'NONE',  ( -0.9549999999999979600, 0.7700000000000000200, 0.5000000000000000000 ) ) ;
#3258 = FILL_AREA_STYLE_COLOUR ( '', #3182 ) ;
#3259 = PLANE ( 'NONE',  #2411 ) ;
#3260 = DIRECTION ( 'NONE',  ( 0.0000000000000000000, -0.0000000000000000000, -1.000000000000000000 ) ) ;
#3261 = STYLED_ITEM ( 'NONE', ( #5468 ), #5460 ) ;
#3262 = EDGE_CURVE ( 'NONE', #4752, #1823, #4334, .T. ) ;
#3263 = CARTESIAN_POINT ( 'NONE',  ( 4.124999999999994700, 0.7700000000000002400, 0.3149999999999951700 ) ) ;
#3264 = DIRECTION ( 'NONE',  ( 1.101411730778927600E-014, 1.000000000000000000, 0.0000000000000000000 ) ) ;
#3265 = DIRECTION ( 'NONE',  ( -0.7071067811865474600, -0.7071067811865474600, 0.0000000000000000000 ) ) ;
#3266 = ORIENTED_EDGE ( 'NONE', *, *, #4399, .T. ) ;
#3267 = LINE ( 'NONE', #1347, #4725 ) ;
#3268 = DIRECTION ( 'NONE',  ( 0.0000000000000000000, -1.682396719162780200E-015, 1.000000000000000000 ) ) ;
#3269 = SURFACE_SIDE_STYLE ('',( #2929 ) ) ;
#3270 = DIRECTION ( 'NONE',  ( 1.101411730778927600E-014, 1.682396719162780200E-015, -1.000000000000000000 ) ) ;
#3271 = ORIENTED_EDGE ( 'NONE', *, *, #1962, .T. ) ;
#3272 = LINE ( 'NONE', #3327, #5267 ) ;
#3273 = AXIS2_PLACEMENT_3D ( 'NONE', #1942, #3643, #5337 ) ;
#3274 = DIRECTION ( 'NONE',  ( -1.000000000000000000, 0.0000000000000000000, 0.0000000000000000000 ) ) ;
#3275 = PRESENTATION_LAYER_ASSIGNMENT (  '', '', ( #391 ) ) ;
#3276 = ORIENTED_EDGE ( 'NONE', *, *, #3713, .F. ) ;
#3277 = LINE ( 'NONE', #4662, #2128 ) ;
#3278 = DIRECTION ( 'NONE',  ( -0.2505628070857265900, 0.2505628070857295300, 0.9351131265310311800 ) ) ;
#3279 = ORIENTED_EDGE ( 'NONE', *, *, #4221, .T. ) ;
#3280 = ORIENTED_EDGE ( 'NONE', *, *, #2537, .F. ) ;
#3281 = DIRECTION ( 'NONE',  ( 1.000000000000000000, 0.0000000000000000000, 0.0000000000000000000 ) ) ;
#3282 =( NAMED_UNIT ( * ) SI_UNIT ( $, .STERADIAN. ) SOLID_ANGLE_UNIT ( ) );
#3283 = CARTESIAN_POINT ( 'NONE',  ( -2.040000000000000000, 2.606599254992157300E-016, 1.400000000000000100 ) ) ;
#3284 = ORIENTED_EDGE ( 'NONE', *, *, #3962, .F. ) ;
#3285 = VERTEX_POINT ( 'NONE', #95 ) ;
#3286 = VECTOR ( 'NONE', #4020, 1000.000000000000000 ) ;
#3287 = CARTESIAN_POINT ( 'NONE',  ( -5.080000000000015200, 0.5009999999999866800, 1.400000000000000100 ) ) ;
#3288 = VECTOR ( 'NONE', #3509, 999.9999999999998900 ) ;
#3289 = ORIENTED_EDGE ( 'NONE', *, *, #281, .T. ) ;
#3290 = CARTESIAN_POINT ( 'NONE',  ( 4.125000000000001800, 1.585000000000008800, 1.400000000000000100 ) ) ;
#3291 = VECTOR ( 'NONE', #490, 1000.000000000000000 ) ;
#3292 = LINE ( 'NONE', #726, #1609 ) ;
#3293 = DIRECTION ( 'NONE',  ( 0.0000000000000000000, -0.0000000000000000000, 1.000000000000000000 ) ) ;
#3294 = ADVANCED_FACE ( 'NONE', ( #2483 ), #208, .T. ) ;
#3295 = EDGE_CURVE ( 'NONE', #1029, #3853, #1338, .T. ) ;
#3296 = EDGE_LOOP ( 'NONE', ( #264, #10, #2346, #1385 ) ) ;
#3297 = MECHANICAL_DESIGN_GEOMETRIC_PRESENTATION_REPRESENTATION (  '', ( #1744 ), #4720 ) ;
#3298 = DIRECTION ( 'NONE',  ( 0.0000000000000000000, 0.0000000000000000000, 1.000000000000000000 ) ) ;
#3299 = CARTESIAN_POINT ( 'NONE',  ( -1.584999999999996600, 1.585000000000008800, 4.000000000000000000 ) ) ;
#3300 = EDGE_LOOP ( 'NONE', ( #2429, #5578, #1756, #5150 ) ) ;
#3301 = VECTOR ( 'NONE', #3013, 1000.000000000000000 ) ;
#3302 = FILL_AREA_STYLE_COLOUR ( '', #5255 ) ;
#3303 = LINE ( 'NONE', #4942, #5220 ) ;
#3304 = EDGE_CURVE ( 'NONE', #244, #241, #2072, .T. ) ;
#3305 = DIRECTION ( 'NONE',  ( 0.0000000000000000000, -5.860552283705276200E-015, -1.000000000000000000 ) ) ;
#3306 = PRESENTATION_STYLE_ASSIGNMENT (( #1485 ) ) ;
#3307 = SURFACE_SIDE_STYLE ('',( #98 ) ) ;
#3308 = LINE ( 'NONE', #3958, #5234 ) ;
#3309 = DIRECTION ( 'NONE',  ( -0.0000000000000000000, -1.000000000000000000, -0.0000000000000000000 ) ) ;
#3310 = LINE ( 'NONE', #4590, #4433 ) ;
#3311 = VECTOR ( 'NONE', #2333, 1000.000000000000000 ) ;
#3312 = FACE_OUTER_BOUND ( 'NONE', #2060, .T. ) ;
#3313 = PLANE ( 'NONE',  #4379 ) ;
#3314 = LINE ( 'NONE', #4512, #2761 ) ;
#3315 = DIRECTION ( 'NONE',  ( 0.0000000000000000000, -1.000000000000000000, 1.530638361156006100E-015 ) ) ;
#3316 = DIRECTION ( 'NONE',  ( 0.0000000000000000000, -0.0000000000000000000, 1.000000000000000000 ) ) ;
#3317 = VERTEX_POINT ( 'NONE', #5331 ) ;
#3318 = ORIENTED_EDGE ( 'NONE', *, *, #1433, .F. ) ;
#3319 = VECTOR ( 'NONE', #1254, 1000.000000000000000 ) ;
#3320 = EDGE_CURVE ( 'NONE', #3346, #2945, #1056, .T. ) ;
#3321 = DIRECTION ( 'NONE',  ( -0.0000000000000000000, 0.0000000000000000000, -1.000000000000000000 ) ) ;
#3322 = CARTESIAN_POINT ( 'NONE',  ( 1.585000000000002200, 1.585000000000008800, 1.900000000000000100 ) ) ;
#3323 = DIRECTION ( 'NONE',  ( 0.0000000000000000000, -1.000000000000000000, 0.0000000000000000000 ) ) ;
#3324 = ADVANCED_FACE ( 'NONE', ( #3559 ), #3614, .T. ) ;
#3325 = ORIENTED_EDGE ( 'NONE', *, *, #5178, .T. ) ;
#3326 = PRESENTATION_LAYER_ASSIGNMENT (  '', '', ( #1124 ) ) ;
#3327 = CARTESIAN_POINT ( 'NONE',  ( -0.9945524837856475300, -4.747611879053579300, -0.2754475162143554800 ) ) ;
#3328 = PRESENTATION_LAYER_ASSIGNMENT (  '', '', ( #830 ) ) ;
#3329 = FILL_AREA_STYLE ('',( #5011 ) ) ;
#3330 = UNCERTAINTY_MEASURE_WITH_UNIT (LENGTH_MEASURE( 1.000000000000000100E-005 ), #5319, 'distance_accuracy_value', 'NONE');
#3331 = FILL_AREA_STYLE_COLOUR ( '', #4885 ) ;
#3332 = AXIS2_PLACEMENT_3D ( 'NONE', #3732, #2002, #3305 ) ;
#3333 = VECTOR ( 'NONE', #5190, 1000.000000000000000 ) ;
#3334 = CARTESIAN_POINT ( 'NONE',  ( -3.494999999999998300, -4.599999999999992500, -0.3150000000000042200 ) ) ;
#3335 = ORIENTED_EDGE ( 'NONE', *, *, #516, .F. ) ;
#3336 = EDGE_CURVE ( 'NONE', #5501, #825, #1672, .T. ) ;
#3337 = COLOUR_RGB ( '',1.000000000000000000, 0.8117647058823529400, 0.5019607843137254800 ) ;
#3338 = CARTESIAN_POINT ( 'NONE',  ( -1.584999999999996600, 0.9550000000000172800, 8.599999999999996100 ) ) ;
#3339 =( GEOMETRIC_REPRESENTATION_CONTEXT ( 3 ) GLOBAL_UNCERTAINTY_ASSIGNED_CONTEXT ( ( #835 ) ) GLOBAL_UNIT_ASSIGNED_CONTEXT ( ( #783, #2484, #1177 ) ) REPRESENTATION_CONTEXT ( 'NONE', 'WORKASPACE' ) );
#3340 = CARTESIAN_POINT ( 'NONE',  ( 0.5000000000000000000, 2.606599254992157300E-016, 1.400000000000000100 ) ) ;
#3341 = VERTEX_POINT ( 'NONE', #4528 ) ;
#3342 = DIRECTION ( 'NONE',  ( 1.000000000000000000, 0.0000000000000000000, -0.0000000000000000000 ) ) ;
#3343 = VERTEX_POINT ( 'NONE', #1958 ) ;
#3344 = EDGE_CURVE ( 'NONE', #42, #4939, #179, .T. ) ;
#3345 =( LENGTH_UNIT ( ) NAMED_UNIT ( * ) SI_UNIT ( .MILLI., .METRE. ) );
#3346 = VERTEX_POINT ( 'NONE', #4898 ) ;
#3347 = ADVANCED_FACE ( 'NONE', ( #2272 ), #609, .T. ) ;
#3348 = ORIENTED_EDGE ( 'NONE', *, *, #2931, .F. ) ;
#3349 = PLANE ( 'NONE',  #2313 ) ;
#3350 =( NAMED_UNIT ( * ) SI_UNIT ( $, .STERADIAN. ) SOLID_ANGLE_UNIT ( ) );
#3351 = MECHANICAL_DESIGN_GEOMETRIC_PRESENTATION_REPRESENTATION (  '', ( #4669 ), #3057 ) ;
#3352 = CARTESIAN_POINT ( 'NONE',  ( -1.584999999999996600, 0.7700000000000000200, 0.5000000000000000000 ) ) ;
#3353 = ORIENTED_EDGE ( 'NONE', *, *, #3933, .T. ) ;
#3354 = DIRECTION ( 'NONE',  ( 0.0000000000000000000, 1.530638361156006100E-015, 1.000000000000000000 ) ) ;
#3355 = VECTOR ( 'NONE', #2512, 1000.000000000000000 ) ;
#3356 = DIRECTION ( 'NONE',  ( -1.000000000000000000, 0.0000000000000000000, 0.0000000000000000000 ) ) ;
#3357 = ORIENTED_EDGE ( 'NONE', *, *, #418, .T. ) ;
#3358 = LINE ( 'NONE', #3453, #2161 ) ;
#3359 = ORIENTED_EDGE ( 'NONE', *, *, #1894, .T. ) ;
#3360 = VERTEX_POINT ( 'NONE', #3654 ) ;
#3361 = AXIS2_PLACEMENT_3D ( 'NONE', #3494, #1392, #82 ) ;
#3362 = ORIENTED_EDGE ( 'NONE', *, *, #3111, .F. ) ;
#3363 = SURFACE_STYLE_USAGE ( .BOTH. , #1192 ) ;
#3364 = ORIENTED_EDGE ( 'NONE', *, *, #2941, .F. ) ;
#3365 = STYLED_ITEM ( 'NONE', ( #956 ), #5541 ) ;
#3366 = CARTESIAN_POINT ( 'NONE',  ( 2.040000000000013400, 0.0000000000000000000, 4.000000000000000000 ) ) ;
#3367 = EDGE_CURVE ( 'NONE', #321, #2014, #5009, .T. ) ;
#3368 = AXIS2_PLACEMENT_3D ( 'NONE', #701, #4985, #2790 ) ;
#3369 = CYLINDRICAL_SURFACE ( 'NONE', #2734, 0.8150000000000033900 ) ;
#3370 = VECTOR ( 'NONE', #2244, 1000.000000000000000 ) ;
#3371 = DIRECTION ( 'NONE',  ( 1.000000000000000000, 0.0000000000000000000, -0.0000000000000000000 ) ) ;
#3372 = LINE ( 'NONE', #2661, #2498 ) ;
#3373 = FILL_AREA_STYLE ('',( #3795 ) ) ;
#3374 = CARTESIAN_POINT ( 'NONE',  ( -0.4999999999999870100, 0.0000000000000000000, 1.400000000000000100 ) ) ;
#3375 = CARTESIAN_POINT ( 'NONE',  ( 2.040000000000013400, 0.0000000000000000000, 1.400000000000000100 ) ) ;
#3376 = ORIENTED_EDGE ( 'NONE', *, *, #2286, .F. ) ;
#3377 = VECTOR ( 'NONE', #3270, 1000.000000000000000 ) ;
#3378 = DIRECTION ( 'NONE',  ( 0.0000000000000000000, -1.000000000000000000, 0.0000000000000000000 ) ) ;
#3379 = ADVANCED_FACE ( 'NONE', ( #4266 ), #2782, .T. ) ;
#3380 = VECTOR ( 'NONE', #2553, 1000.000000000000000 ) ;
#3381 = EDGE_CURVE ( 'NONE', #1933, #5207, #3880, .T. ) ;
#3382 = CARTESIAN_POINT ( 'NONE',  ( -2.939999999999984400, 2.540000000000000000, 1.400000000000000100 ) ) ;
#3383 = VECTOR ( 'NONE', #2311, 1000.000000000000000 ) ;
#3384 = VECTOR ( 'NONE', #2073, 1000.000000000000000 ) ;
#3385 = MECHANICAL_DESIGN_GEOMETRIC_PRESENTATION_REPRESENTATION (  '', ( #284 ), #3663 ) ;
#3386 =( LENGTH_UNIT ( ) NAMED_UNIT ( * ) SI_UNIT ( .MILLI., .METRE. ) );
#3387 = DIRECTION ( 'NONE',  ( -0.2505628070857293700, -0.2505628070857293700, -0.9351131265310305100 ) ) ;
#3388 = ORIENTED_EDGE ( 'NONE', *, *, #1502, .F. ) ;
#3389 = CARTESIAN_POINT ( 'NONE',  ( 4.017820323027546400, -4.999999999999999100, 0.2078203230275440000 ) ) ;
#3390 = CARTESIAN_POINT ( 'NONE',  ( -4.124999999999996400, -4.999999999999999100, 0.3149999999999943400 ) ) ;
#3391 = VECTOR ( 'NONE', #4249, 1000.000000000000000 ) ;
#3392 = DIRECTION ( 'NONE',  ( 0.7071067811865572300, 0.7071067811865379100, 0.0000000000000000000 ) ) ;
#3393 = SURFACE_SIDE_STYLE ('',( #4011 ) ) ;
#3394 = CARTESIAN_POINT ( 'NONE',  ( 0.9550000000000036200, 1.585000000000008800, 1.400000000000000100 ) ) ;
#3395 = SURFACE_SIDE_STYLE ('',( #3040 ) ) ;
#3396 = DIRECTION ( 'NONE',  ( 0.0000000000000000000, -0.0000000000000000000, -1.000000000000000000 ) ) ;
#3397 =( GEOMETRIC_REPRESENTATION_CONTEXT ( 3 ) GLOBAL_UNCERTAINTY_ASSIGNED_CONTEXT ( ( #1619 ) ) GLOBAL_UNIT_ASSIGNED_CONTEXT ( ( #2871, #5406, #1159 ) ) REPRESENTATION_CONTEXT ( 'NONE', 'WORKASPACE' ) );
#3398 = VERTEX_POINT ( 'NONE', #4147 ) ;
#3399 = EDGE_CURVE ( 'NONE', #601, #3054, #593, .T. ) ;
#3400 = DIRECTION ( 'NONE',  ( 1.000000000000000000, 0.0000000000000000000, 0.0000000000000000000 ) ) ;
#3401 = ADVANCED_FACE ( 'NONE', ( #2612 ), #1606, .T. ) ;
#3402 = ORIENTED_EDGE ( 'NONE', *, *, #2591, .F. ) ;
#3403 = LINE ( 'NONE', #4328, #5551 ) ;
#3404 = CARTESIAN_POINT ( 'NONE',  ( 7.620000000000000100, 1.477820323027566600, 9.000000000000001800 ) ) ;
#3405 = EDGE_CURVE ( 'NONE', #3563, #1739, #454, .T. ) ;
#3406 = ORIENTED_EDGE ( 'NONE', *, *, #1937, .T. ) ;
#3407 = VECTOR ( 'NONE', #2467, 1000.000000000000000 ) ;
#3408 = CARTESIAN_POINT ( 'NONE',  ( -5.080000000000015200, 0.0000000000000000000, 1.400000000000000100 ) ) ;
#3409 = CARTESIAN_POINT ( 'NONE',  ( 0.9550000000000036200, -4.599999999999992500, -0.3150000000000042200 ) ) ;
#3410 =( NAMED_UNIT ( * ) SI_UNIT ( $, .STERADIAN. ) SOLID_ANGLE_UNIT ( ) );
#3411 = ORIENTED_EDGE ( 'NONE', *, *, #5105, .F. ) ;
#3412 = ORIENTED_EDGE ( 'NONE', *, *, #3451, .F. ) ;
#3413 = DIRECTION ( 'NONE',  ( 0.0000000000000000000, -1.000000000000000000, 0.0000000000000000000 ) ) ;
#3414 = ORIENTED_EDGE ( 'NONE', *, *, #5041, .T. ) ;
#3415 = ORIENTED_EDGE ( 'NONE', *, *, #3222, .F. ) ;
#3416 = PLANE ( 'NONE',  #261 ) ;
#3417 =( NAMED_UNIT ( * ) PLANE_ANGLE_UNIT ( ) SI_UNIT ( $, .RADIAN. ) );
#3418 = LINE ( 'NONE', #5187, #112 ) ;
#3419 = PLANE ( 'NONE',  #4394 ) ;
#3420 = ORIENTED_EDGE ( 'NONE', *, *, #359, .F. ) ;
#3421 = DIRECTION ( 'NONE',  ( 0.0000000000000000000, -1.000000000000000000, 0.0000000000000000000 ) ) ;
#3422 = ORIENTED_EDGE ( 'NONE', *, *, #4863, .T. ) ;
#3423 = DIRECTION ( 'NONE',  ( 1.000000000000000000, 0.0000000000000000000, 0.0000000000000000000 ) ) ;
#3424 = VECTOR ( 'NONE', #13, 1000.000000000000000 ) ;
#3425 = MECHANICAL_DESIGN_GEOMETRIC_PRESENTATION_REPRESENTATION (  '', ( #5546 ), #251 ) ;
#3426 = VERTEX_POINT ( 'NONE', #1586 ) ;
#3427 = DIRECTION ( 'NONE',  ( 0.0000000000000000000, 0.0000000000000000000, 1.000000000000000000 ) ) ;
#3428 = ORIENTED_EDGE ( 'NONE', *, *, #4800, .F. ) ;
#3429 = CARTESIAN_POINT ( 'NONE',  ( 1.385040220861442100, 1.385040220861457800, 9.346260055215353200 ) ) ;
#3430 = PRESENTATION_LAYER_ASSIGNMENT (  '', '', ( #1416 ) ) ;
#3431 = EDGE_LOOP ( 'NONE', ( #1071, #4981, #588, #2668 ) ) ;
#3432 = PLANE ( 'NONE',  #863 ) ;
#3433 = ADVANCED_FACE ( 'NONE', ( #2879 ), #3714, .T. ) ;
#3434 = FILL_AREA_STYLE ('',( #1719 ) ) ;
#3435 = VECTOR ( 'NONE', #1483, 1000.000000000000000 ) ;
#3436 = AXIS2_PLACEMENT_3D ( 'NONE', #1445, #1887, #3187 ) ;
#3437 =( NAMED_UNIT ( * ) SI_UNIT ( $, .STERADIAN. ) SOLID_ANGLE_UNIT ( ) );
#3438 = SURFACE_SIDE_STYLE ('',( #2285 ) ) ;
#3439 = DIRECTION ( 'NONE',  ( 0.0000000000000000000, -1.000000000000000000, -1.409885789968134100E-016 ) ) ;
#3440 = VECTOR ( 'NONE', #2675, 1000.000000000000000 ) ;
#3441 = LINE ( 'NONE', #2380, #2158 ) ;
#3442 = FACE_OUTER_BOUND ( 'NONE', #1862, .T. ) ;
#3443 = DIRECTION ( 'NONE',  ( -0.0000000000000000000, 0.0000000000000000000, -1.000000000000000000 ) ) ;
#3444 = EDGE_CURVE ( 'NONE', #3486, #3722, #5434, .T. ) ;
#3445 = FACE_OUTER_BOUND ( 'NONE', #3702, .T. ) ;
#3446 = MECHANICAL_DESIGN_GEOMETRIC_PRESENTATION_REPRESENTATION (  '', ( #4972 ), #3339 ) ;
#3447 = LINE ( 'NONE', #4177, #2300 ) ;
#3448 = LINE ( 'NONE', #951, #553 ) ;
#3449 = PLANE ( 'NONE',  #1525 ) ;
#3450 = CARTESIAN_POINT ( 'NONE',  ( 3.495000000000003200, -4.599999999999992500, -0.3150000000000041700 ) ) ;
#3451 = EDGE_CURVE ( 'NONE', #2807, #383, #3698, .T. ) ;
#3452 = ORIENTED_EDGE ( 'NONE', *, *, #3521, .F. ) ;
#3453 = CARTESIAN_POINT ( 'NONE',  ( -4.124999999999996400, -4.599999999999992500, -0.3150000000000042200 ) ) ;
#3454 = ORIENTED_EDGE ( 'NONE', *, *, #2892, .T. ) ;
#3455 = LINE ( 'NONE', #1200, #2306 ) ;
#3456 = EDGE_CURVE ( 'NONE', #1508, #3158, #4273, .T. ) ;
#3457 = CARTESIAN_POINT ( 'NONE',  ( -2.539999999999986700, 2.039999999999998700, 4.000000000000000000 ) ) ;
#3458 = LINE ( 'NONE', #2617, #296 ) ;
#3459 = ORIENTED_EDGE ( 'NONE', *, *, #3904, .F. ) ;
#3460 = CARTESIAN_POINT ( 'NONE',  ( 4.124999999999994700, 0.7700000000000000200, 0.5000000000000000000 ) ) ;
#3461 = STYLED_ITEM ( 'NONE', ( #3835 ), #1631 ) ;
#3462 = VECTOR ( 'NONE', #1997, 1000.000000000000000 ) ;
#3463 = DIRECTION ( 'NONE',  ( 1.101411730778927600E-014, 1.000000000000000000, 0.0000000000000000000 ) ) ;
#3464 = ADVANCED_FACE ( 'NONE', ( #1278 ), #271, .T. ) ;
#3465 = CARTESIAN_POINT ( 'NONE',  ( 4.125000000000001800, -4.999999999999998200, -0.3150000000000042800 ) ) ;
#3466 = VECTOR ( 'NONE', #94, 1000.000000000000000 ) ;
#3467 =( LENGTH_UNIT ( ) NAMED_UNIT ( * ) SI_UNIT ( .MILLI., .METRE. ) );
#3468 = PLANE ( 'NONE',  #1848 ) ;
#3469 = DIRECTION ( 'NONE',  ( -0.0000000000000000000, -0.0000000000000000000, 1.000000000000000000 ) ) ;
#3470 = VERTEX_POINT ( 'NONE', #294 ) ;
#3471 = LINE ( 'NONE', #2135, #5334 ) ;
#3472 = CARTESIAN_POINT ( 'NONE',  ( 4.579999999999986700, 2.540000000000000000, 4.000000000000000000 ) ) ;
#3473 = CARTESIAN_POINT ( 'NONE',  ( -3.039999999999987200, 2.540000000000000000, 4.000000000000000000 ) ) ;
#3474 = ORIENTED_EDGE ( 'NONE', *, *, #5195, .T. ) ;
#3475 = LINE ( 'NONE', #4053, #1590 ) ;
#3476 = EDGE_CURVE ( 'NONE', #703, #3285, #5575, .T. ) ;
#3477 =( NAMED_UNIT ( * ) SI_UNIT ( $, .STERADIAN. ) SOLID_ANGLE_UNIT ( ) );
#3478 = AXIS2_PLACEMENT_3D ( 'NONE', #2337, #1019, #4880 ) ;
#3479 = CARTESIAN_POINT ( 'NONE',  ( 2.540000000000013800, 2.039999999999998700, 4.000000000000000000 ) ) ;
#3480 = ORIENTED_EDGE ( 'NONE', *, *, #1949, .T. ) ;
#3481 = CARTESIAN_POINT ( 'NONE',  ( 3.809999999999999200, 0.7700000000000000200, 0.5000000000000000000 ) ) ;
#3482 =( NAMED_UNIT ( * ) SI_UNIT ( $, .STERADIAN. ) SOLID_ANGLE_UNIT ( ) );
#3483 = ORIENTED_EDGE ( 'NONE', *, *, #789, .T. ) ;
#3484 = CARTESIAN_POINT ( 'NONE',  ( -2.039999999999986300, 2.540000000000000000, 4.000000000000000000 ) ) ;
#3485 = DIRECTION ( 'NONE',  ( 0.0000000000000000000, -1.682396719162780200E-015, 1.000000000000000000 ) ) ;
#3486 = VERTEX_POINT ( 'NONE', #759 ) ;
#3487 = STYLED_ITEM ( 'NONE', ( #2831 ), #62 ) ;
#3488 = ADVANCED_FACE ( 'NONE', ( #1144 ), #2489, .F. ) ;
#3489 = CARTESIAN_POINT ( 'NONE',  ( 2.140000000000016100, 2.540000000000000000, 2.450000000000000200 ) ) ;
#3490 = EDGE_LOOP ( 'NONE', ( #378, #1786, #1634, #3152 ) ) ;
#3491 = PRESENTATION_STYLE_ASSIGNMENT (( #2262 ) ) ;
#3492 = DIRECTION ( 'NONE',  ( 1.000000000000000000, 0.0000000000000000000, 0.0000000000000000000 ) ) ;
#3493 = VECTOR ( 'NONE', #2989, 1000.000000000000000 ) ;
#3494 = CARTESIAN_POINT ( 'NONE',  ( -4.580000000000014300, 2.540000000000000000, 0.0000000000000000000 ) ) ;
#3495 = FACE_OUTER_BOUND ( 'NONE', #3694, .T. ) ;
#3496 = ORIENTED_EDGE ( 'NONE', *, *, #1856, .F. ) ;
#3497 = ORIENTED_EDGE ( 'NONE', *, *, #2839, .T. ) ;
#3498 = FACE_OUTER_BOUND ( 'NONE', #3431, .T. ) ;
#3499 = FILL_AREA_STYLE_COLOUR ( '', #575 ) ;
#3500 = UNCERTAINTY_MEASURE_WITH_UNIT (LENGTH_MEASURE( 1.000000000000000100E-005 ), #3649, 'distance_accuracy_value', 'NONE');
#3501 = EDGE_CURVE ( 'NONE', #3346, #4877, #3292, .T. ) ;
#3502 = ORIENTED_EDGE ( 'NONE', *, *, #4364, .F. ) ;
#3503 = DIRECTION ( 'NONE',  ( 0.0000000000000000000, 0.0000000000000000000, 1.000000000000000000 ) ) ;
#3504 = PRESENTATION_STYLE_ASSIGNMENT (( #375 ) ) ;
#3505 = ORIENTED_EDGE ( 'NONE', *, *, #3201, .F. ) ;
#3506 = VERTEX_POINT ( 'NONE', #708 ) ;
#3507 = PLANE ( 'NONE',  #1943 ) ;
#3508 =( GEOMETRIC_REPRESENTATION_CONTEXT ( 3 ) GLOBAL_UNCERTAINTY_ASSIGNED_CONTEXT ( ( #5291 ) ) GLOBAL_UNIT_ASSIGNED_CONTEXT ( ( #484, #3510, #2241 ) ) REPRESENTATION_CONTEXT ( 'NONE', 'WORKASPACE' ) );
#3509 = DIRECTION ( 'NONE',  ( 0.7071067811865469100, -0.7071067811865482400, 0.0000000000000000000 ) ) ;
#3510 =( NAMED_UNIT ( * ) PLANE_ANGLE_UNIT ( ) SI_UNIT ( $, .RADIAN. ) );
#3511 = LINE ( 'NONE', #1345, #5375 ) ;
#3512 = LINE ( 'NONE', #5112, #1484 ) ;
#3513 = EDGE_CURVE ( 'NONE', #4965, #4503, #3008, .T. ) ;
#3514 = CARTESIAN_POINT ( 'NONE',  ( 5.079999999999987600, 0.5000000000000004400, 4.000000000000000000 ) ) ;
#3515 = ORIENTED_EDGE ( 'NONE', *, *, #4364, .T. ) ;
#3516 = PRESENTATION_LAYER_ASSIGNMENT (  '', '', ( #549 ) ) ;
#3517 = PLANE ( 'NONE',  #2171 ) ;
#3518 = FACE_BOUND ( 'NONE', #1415, .T. ) ;
#3519 =( LENGTH_UNIT ( ) NAMED_UNIT ( * ) SI_UNIT ( .MILLI., .METRE. ) );
#3520 = ADVANCED_FACE ( 'NONE', ( #597 ), #2569, .F. ) ;
#3521 = EDGE_CURVE ( 'NONE', #5068, #4324, #1270, .T. ) ;
#3522 = LINE ( 'NONE', #15, #5527 ) ;
#3523 = MECHANICAL_DESIGN_GEOMETRIC_PRESENTATION_REPRESENTATION (  '', ( #2069 ), #2934 ) ;
#3524 = LINE ( 'NONE', #4855, #3113 ) ;
#3525 = VERTEX_POINT ( 'NONE', #2021 ) ;
#3526 = CARTESIAN_POINT ( 'NONE',  ( -2.539999999999986700, 2.039999999999998700, 2.450000000000000200 ) ) ;
#3527 = FACE_OUTER_BOUND ( 'NONE', #2861, .T. ) ;
#3528 =( NAMED_UNIT ( * ) SI_UNIT ( $, .STERADIAN. ) SOLID_ANGLE_UNIT ( ) );
#3529 = EDGE_CURVE ( 'NONE', #4070, #115, #4206, .T. ) ;
#3530 =( LENGTH_UNIT ( ) NAMED_UNIT ( * ) SI_UNIT ( .MILLI., .METRE. ) );
#3531 = LINE ( 'NONE', #722, #3462 ) ;
#3532 = SURFACE_STYLE_USAGE ( .BOTH. , #2682 ) ;
#3533 = CARTESIAN_POINT ( 'NONE',  ( -2.039999999999986300, 2.540000000000000000, 4.000000000000000000 ) ) ;
#3534 = EDGE_LOOP ( 'NONE', ( #403, #3916, #5391, #3938 ) ) ;
#3535 = PLANE ( 'NONE',  #4692 ) ;
#3536 = VECTOR ( 'NONE', #1188, 1000.000000000000000 ) ;
#3537 = STYLED_ITEM ( 'NONE', ( #5023 ), #1027 ) ;
#3538 = CARTESIAN_POINT ( 'NONE',  ( 2.040000000000013400, 0.0000000000000000000, 1.400000000000000100 ) ) ;
#3539 = MECHANICAL_DESIGN_GEOMETRIC_PRESENTATION_REPRESENTATION (  '', ( #3815 ), #3990 ) ;
#3540 =( NAMED_UNIT ( * ) SI_UNIT ( $, .STERADIAN. ) SOLID_ANGLE_UNIT ( ) );
#3541 = EDGE_LOOP ( 'NONE', ( #2794, #4419, #2414, #459 ) ) ;
#3542 = VECTOR ( 'NONE', #854, 1000.000000000000000 ) ;
#3543 = CARTESIAN_POINT ( 'NONE',  ( -3.534552483785647700, -4.747611879053579300, -0.2754475162143554800 ) ) ;
#3544 = CARTESIAN_POINT ( 'NONE',  ( -4.580000000000014300, 2.540000000000000000, 1.400000000000000100 ) ) ;
#3545 = PRESENTATION_LAYER_ASSIGNMENT (  '', '', ( #3064 ) ) ;
#3546 = DIRECTION ( 'NONE',  ( 1.000000000000000000, 0.0000000000000000000, -0.0000000000000000000 ) ) ;
#3547 = ADVANCED_FACE ( 'NONE', ( #3948 ), #420, .F. ) ;
#3548 = VERTEX_POINT ( 'NONE', #4264 ) ;
#3549 = CARTESIAN_POINT ( 'NONE',  ( -3.039999999999987200, 2.540000000000000000, 1.400000000000000100 ) ) ;
#3550 = CARTESIAN_POINT ( 'NONE',  ( 0.9550000000000036200, 0.7700000000000002400, 0.3149999999999951700 ) ) ;
#3551 = EDGE_LOOP ( 'NONE', ( #3364, #4327, #3406, #3954 ) ) ;
#3552 = EDGE_CURVE ( 'NONE', #3145, #4246, #2418, .T. ) ;
#3553 = DIRECTION ( 'NONE',  ( 0.0000000000000000000, -5.860552283705276200E-015, -1.000000000000000000 ) ) ;
#3554 = ORIENTED_EDGE ( 'NONE', *, *, #704, .T. ) ;
#3555 = CARTESIAN_POINT ( 'NONE',  ( -3.495000000000005000, 0.9550000000000172800, 8.599999999999996100 ) ) ;
#3556 = PRESENTATION_LAYER_ASSIGNMENT (  '', '', ( #380 ) ) ;
#3557 = ORIENTED_EDGE ( 'NONE', *, *, #2369, .T. ) ;
#3558 = EDGE_LOOP ( 'NONE', ( #453, #341, #3496, #4333 ) ) ;
#3559 = FACE_OUTER_BOUND ( 'NONE', #4104, .T. ) ;
#3560 = VECTOR ( 'NONE', #2586, 1000.000000000000000 ) ;
#3561 = CARTESIAN_POINT ( 'NONE',  ( 2.140000000000016100, 2.038999999999999700, 1.900000000000000100 ) ) ;
#3562 = DIRECTION ( 'NONE',  ( 0.0000000000000000000, -0.2588190451025199100, 0.9659258262890685300 ) ) ;
#3563 = VERTEX_POINT ( 'NONE', #1239 ) ;
#3564 = DIRECTION ( 'NONE',  ( 0.0000000000000000000, 0.0000000000000000000, -1.000000000000000000 ) ) ;
#3565 = EDGE_CURVE ( 'NONE', #5104, #1132, #923, .T. ) ;
#3566 = VERTEX_POINT ( 'NONE', #1660 ) ;
#3567 = CARTESIAN_POINT ( 'NONE',  ( -4.124999999999996400, -4.999999999999998200, -0.3150000000000042800 ) ) ;
#3568 = MECHANICAL_DESIGN_GEOMETRIC_PRESENTATION_REPRESENTATION (  '', ( #391 ), #571 ) ;
#3569 = EDGE_LOOP ( 'NONE', ( #2050, #2733, #3021, #4956, #3325, #3606, #2076, #4597 ) ) ;
#3570 = CARTESIAN_POINT ( 'NONE',  ( -3.494999999999998300, 1.585000000000016000, 8.599999999999996100 ) ) ;
#3571 = VERTEX_POINT ( 'NONE', #3374 ) ;
#3572 = VECTOR ( 'NONE', #2992, 1000.000000000000000 ) ;
#3573 = CARTESIAN_POINT ( 'NONE',  ( 2.940000000000011000, 2.540000000000000000, 2.450000000000000200 ) ) ;
#3574 = VECTOR ( 'NONE', #2236, 1000.000000000000000 ) ;
#3575 = LINE ( 'NONE', #4643, #3724 ) ;
#3576 = FILL_AREA_STYLE_COLOUR ( '', #4797 ) ;
#3577 = VECTOR ( 'NONE', #532, 1000.000000000000000 ) ;
#3578 = VECTOR ( 'NONE', #4480, 1000.000000000000000 ) ;
#3579 = LINE ( 'NONE', #5270, #1163 ) ;
#3580 = AXIS2_PLACEMENT_3D ( 'NONE', #393, #5106, #3553 ) ;
#3581 = CARTESIAN_POINT ( 'NONE',  ( -2.139999999999989000, 2.540000000000000000, 1.900000000000000100 ) ) ;
#3582 = AXIS2_PLACEMENT_3D ( 'NONE', #641, #2792, #1095 ) ;
#3583 = FACE_OUTER_BOUND ( 'NONE', #2741, .T. ) ;
#3584 = CARTESIAN_POINT ( 'NONE',  ( -2.039999999999986300, 2.540000000000000000, 1.400000000000000100 ) ) ;
#3585 = CARTESIAN_POINT ( 'NONE',  ( -4.124999999999996400, 0.9550000000000172800, 8.599999999999996100 ) ) ;
#3586 = VECTOR ( 'NONE', #5249, 1000.000000000000100 ) ;
#3587 = VECTOR ( 'NONE', #114, 1000.000000000000000 ) ;
#3588 = EDGE_CURVE ( 'NONE', #443, #1318, #1467, .T. ) ;
#3589 = CARTESIAN_POINT ( 'NONE',  ( -1.584999999999996600, 0.7700000000000002400, 0.3149999999999951700 ) ) ;
#3590 = VERTEX_POINT ( 'NONE', #844 ) ;
#3591 = ORIENTED_EDGE ( 'NONE', *, *, #1151, .T. ) ;
#3592 = PLANE ( 'NONE',  #3436 ) ;
#3593 = SURFACE_STYLE_FILL_AREA ( #5130 ) ;
#3594 = PLANE ( 'NONE',  #1399 ) ;
#3595 = ORIENTED_EDGE ( 'NONE', *, *, #1106, .T. ) ;
#3596 = DIRECTION ( 'NONE',  ( 0.7071067811865482400, -0.7071067811865469100, 0.0000000000000000000 ) ) ;
#3597 = LINE ( 'NONE', #5206, #3333 ) ;
#3598 = VERTEX_POINT ( 'NONE', #384 ) ;
#3599 = DIRECTION ( 'NONE',  ( 0.0000000000000000000, -1.000000000000000000, 0.0000000000000000000 ) ) ;
#3600 = FILL_AREA_STYLE ('',( #968 ) ) ;
#3601 = ORIENTED_EDGE ( 'NONE', *, *, #925, .T. ) ;
#3602 = ORIENTED_EDGE ( 'NONE', *, *, #798, .T. ) ;
#3603 = FACE_OUTER_BOUND ( 'NONE', #160, .T. ) ;
#3604 = STYLED_ITEM ( 'NONE', ( #3761 ), #1211 ) ;
#3605 = CARTESIAN_POINT ( 'NONE',  ( -0.4999999999999870100, 0.0000000000000000000, 1.400000000000000100 ) ) ;
#3606 = ORIENTED_EDGE ( 'NONE', *, *, #2265, .F. ) ;
#3607 = DIRECTION ( 'NONE',  ( -0.0000000000000000000, -0.0000000000000000000, 1.000000000000000000 ) ) ;
#3608 = UNCERTAINTY_MEASURE_WITH_UNIT (LENGTH_MEASURE( 1.000000000000000100E-005 ), #88, 'distance_accuracy_value', 'NONE');
#3609 = MECHANICAL_DESIGN_GEOMETRIC_PRESENTATION_REPRESENTATION (  '', ( #441 ), #33 ) ;
#3610 = CARTESIAN_POINT ( 'NONE',  ( -3.495000000000005000, 0.9550000000000048500, 0.5000000000000004400 ) ) ;
#3611 = VERTEX_POINT ( 'NONE', #1252 ) ;
#3612 = DIRECTION ( 'NONE',  ( 0.0000000000000000000, 0.0000000000000000000, 1.000000000000000000 ) ) ;
#3613 = ORIENTED_EDGE ( 'NONE', *, *, #5350, .T. ) ;
#3614 = PLANE ( 'NONE',  #1989 ) ;
#3615 = UNCERTAINTY_MEASURE_WITH_UNIT (LENGTH_MEASURE( 1.000000000000000100E-005 ), #3467, 'distance_accuracy_value', 'NONE');
#3616 = EDGE_CURVE ( 'NONE', #1570, #1935, #3621, .T. ) ;
#3617 = FILL_AREA_STYLE_COLOUR ( '', #1754 ) ;
#3618 = DIRECTION ( 'NONE',  ( 0.7071067811865482400, 0.7071067811865469100, 0.0000000000000000000 ) ) ;
#3619 = VERTEX_POINT ( 'NONE', #828 ) ;
#3620 = ADVANCED_FACE ( 'NONE', ( #793 ), #5506, .T. ) ;
#3621 = LINE ( 'NONE', #1268, #521 ) ;
#3622 = ORIENTED_EDGE ( 'NONE', *, *, #1787, .T. ) ;
#3623 = ORIENTED_EDGE ( 'NONE', *, *, #2652, .F. ) ;
#3624 = ORIENTED_EDGE ( 'NONE', *, *, #4914, .T. ) ;
#3625 = EDGE_CURVE ( 'NONE', #3571, #4677, #181, .T. ) ;
#3626 = DIRECTION ( 'NONE',  ( 0.0000000000000000000, 0.0000000000000000000, -1.000000000000000000 ) ) ;
#3627 = COLOUR_RGB ( '',1.000000000000000000, 0.8117647058823529400, 0.5019607843137254800 ) ;
#3628 = SURFACE_STYLE_USAGE ( .BOTH. , #1911 ) ;
#3629 =( NAMED_UNIT ( * ) SI_UNIT ( $, .STERADIAN. ) SOLID_ANGLE_UNIT ( ) );
#3630 = EDGE_CURVE ( 'NONE', #2905, #5138, #2344, .T. ) ;
#3631 = LINE ( 'NONE', #176, #3435 ) ;
#3632 = CARTESIAN_POINT ( 'NONE',  ( -5.080000000000015200, 0.5009999999999865700, 1.899999999999999900 ) ) ;
#3633 = VERTEX_POINT ( 'NONE', #5168 ) ;
#3634 = CARTESIAN_POINT ( 'NONE',  ( -0.3999999999999841500, 2.540000000000000000, 2.450000000000000200 ) ) ;
#3635 = FILL_AREA_STYLE ('',( #2744 ) ) ;
#3636 = FACE_OUTER_BOUND ( 'NONE', #3012, .T. ) ;
#3637 = AXIS2_PLACEMENT_3D ( 'NONE', #2405, #1125, #252 ) ;
#3638 = VECTOR ( 'NONE', #2760, 1000.000000000000000 ) ;
#3639 = CIRCLE ( 'NONE', #3580, 0.1850000000000048300 ) ;
#3640 = AXIS2_PLACEMENT_3D ( 'NONE', #1321, #877, #4283 ) ;
#3641 =( LENGTH_UNIT ( ) NAMED_UNIT ( * ) SI_UNIT ( .MILLI., .METRE. ) );
#3642 = PLANE ( 'NONE',  #632 ) ;
#3643 = DIRECTION ( 'NONE',  ( 1.000000000000000000, 0.0000000000000000000, -0.0000000000000000000 ) ) ;
#3644 = LINE ( 'NONE', #3190, #3377 ) ;
#3645 = FACE_OUTER_BOUND ( 'NONE', #2556, .T. ) ;
#3646 = DIRECTION ( 'NONE',  ( 0.0000000000000000000, 0.0000000000000000000, 1.000000000000000000 ) ) ;
#3647 =( GEOMETRIC_REPRESENTATION_CONTEXT ( 3 ) GLOBAL_UNCERTAINTY_ASSIGNED_CONTEXT ( ( #4723 ) ) GLOBAL_UNIT_ASSIGNED_CONTEXT ( ( #2719, #3170, #135 ) ) REPRESENTATION_CONTEXT ( 'NONE', 'WORKASPACE' ) );
#3648 = VECTOR ( 'NONE', #1004, 1000.000000000000100 ) ;
#3649 =( LENGTH_UNIT ( ) NAMED_UNIT ( * ) SI_UNIT ( .MILLI., .METRE. ) );
#3650 = VECTOR ( 'NONE', #1322, 1000.000000000000000 ) ;
#3651 =( LENGTH_UNIT ( ) NAMED_UNIT ( * ) SI_UNIT ( .MILLI., .METRE. ) );
#3652 = ORIENTED_EDGE ( 'NONE', *, *, #5463, .F. ) ;
#3653 = EDGE_CURVE ( 'NONE', #2865, #36, #257, .T. ) ;
#3654 = CARTESIAN_POINT ( 'NONE',  ( 0.5000000000000138800, 2.540000000000000000, 1.400000000000000100 ) ) ;
#3655 = DIRECTION ( 'NONE',  ( 1.000000000000000000, -0.0000000000000000000, 0.0000000000000000000 ) ) ;
#3656 = COLOUR_RGB ( '',1.000000000000000000, 0.8117647058823529400, 0.5019607843137254800 ) ;
#3657 = CARTESIAN_POINT ( 'NONE',  ( 1.585000000000002200, -4.999999999999998200, -0.2078203230275552600 ) ) ;
#3658 = PLANE ( 'NONE',  #5269 ) ;
#3659 = FILL_AREA_STYLE_COLOUR ( '', #4513 ) ;
#3660 = EDGE_CURVE ( 'NONE', #4708, #4090, #1136, .T. ) ;
#3661 = EDGE_LOOP ( 'NONE', ( #2277, #1447, #113, #1123 ) ) ;
#3662 = UNCERTAINTY_MEASURE_WITH_UNIT (LENGTH_MEASURE( 1.000000000000000100E-005 ), #157, 'distance_accuracy_value', 'NONE');
#3663 =( GEOMETRIC_REPRESENTATION_CONTEXT ( 3 ) GLOBAL_UNCERTAINTY_ASSIGNED_CONTEXT ( ( #1078 ) ) GLOBAL_UNIT_ASSIGNED_CONTEXT ( ( #3651, #2437, #1546 ) ) REPRESENTATION_CONTEXT ( 'NONE', 'WORKASPACE' ) );
#3664 = FACE_OUTER_BOUND ( 'NONE', #2559, .T. ) ;
#3665 = DIRECTION ( 'NONE',  ( 1.101411730778927600E-014, 1.682396719162780200E-015, -1.000000000000000000 ) ) ;
#3666 =( LENGTH_UNIT ( ) NAMED_UNIT ( * ) SI_UNIT ( .MILLI., .METRE. ) );
#3667 = PLANE ( 'NONE',  #2778 ) ;
#3668 = DIRECTION ( 'NONE',  ( 1.000000000000000000, 0.0000000000000000000, -0.0000000000000000000 ) ) ;
#3669 = DIRECTION ( 'NONE',  ( 1.000000000000000000, 0.0000000000000000000, -0.0000000000000000000 ) ) ;
#3670 = ORIENTED_EDGE ( 'NONE', *, *, #4311, .F. ) ;
#3671 = LINE ( 'NONE', #5540, #3932 ) ;
#3672 = LINE ( 'NONE', #4978, #4253 ) ;
#3673 = FILL_AREA_STYLE_COLOUR ( '', #433 ) ;
#3674 = CARTESIAN_POINT ( 'NONE',  ( -4.580000000000013400, 0.0000000000000000000, 1.400000000000000100 ) ) ;
#3675 = DIRECTION ( 'NONE',  ( -0.7071067811865474600, -0.7071067811865474600, 0.0000000000000000000 ) ) ;
#3676 = ORIENTED_EDGE ( 'NONE', *, *, #3513, .F. ) ;
#3677 = VECTOR ( 'NONE', #1651, 1000.000000000000000 ) ;
#3678 = DIRECTION ( 'NONE',  ( 0.7071067811865469100, 0.7071067811865482400, -0.0000000000000000000 ) ) ;
#3679 = FILL_AREA_STYLE_COLOUR ( '', #2532 ) ;
#3680 = DIRECTION ( 'NONE',  ( 0.0000000000000000000, -1.000000000000000000, 0.0000000000000000000 ) ) ;
#3681 = ORIENTED_EDGE ( 'NONE', *, *, #495, .T. ) ;
#3682 = EDGE_LOOP ( 'NONE', ( #4444, #4102, #2939, #1940 ) ) ;
#3683 = DIRECTION ( 'NONE',  ( 1.101411730778927600E-014, 1.000000000000000000, 0.0000000000000000000 ) ) ;
#3684 = VERTEX_POINT ( 'NONE', #501 ) ;
#3685 = FILL_AREA_STYLE ('',( #5388 ) ) ;
#3686 = EDGE_CURVE ( 'NONE', #4604, #4108, #4412, .T. ) ;
#3687 = ORIENTED_EDGE ( 'NONE', *, *, #4941, .T. ) ;
#3688 = AXIS2_PLACEMENT_3D ( 'NONE', #3605, #4815, #2724 ) ;
#3689 = CARTESIAN_POINT ( 'NONE',  ( 4.017820323027550900, 1.477820323027566600, 9.000000000000001800 ) ) ;
#3690 = VECTOR ( 'NONE', #4670, 1000.000000000000000 ) ;
#3691 = DIRECTION ( 'NONE',  ( 1.000000000000000000, 0.0000000000000000000, 0.0000000000000000000 ) ) ;
#3692 = ORIENTED_EDGE ( 'NONE', *, *, #4847, .T. ) ;
#3693 = DIRECTION ( 'NONE',  ( 0.0000000000000000000, 0.0000000000000000000, 1.000000000000000000 ) ) ;
#3694 = EDGE_LOOP ( 'NONE', ( #3359, #1405, #1334, #804 ) ) ;
#3695 = CARTESIAN_POINT ( 'NONE',  ( -3.494999999999998300, 1.585000000000008600, 0.4999999999999982800 ) ) ;
#3696 = LINE ( 'NONE', #3896, #116 ) ;
#3697 = EDGE_CURVE ( 'NONE', #1897, #3853, #1673, .T. ) ;
#3698 = LINE ( 'NONE', #2474, #997 ) ;
#3699 = DIRECTION ( 'NONE',  ( 1.000000000000000000, 0.0000000000000000000, 0.0000000000000000000 ) ) ;
#3700 = CARTESIAN_POINT ( 'NONE',  ( -2.139999999999989000, 0.09999999999999197000, 1.400000000000000100 ) ) ;
#3701 = VECTOR ( 'NONE', #3823, 1000.000000000000000 ) ;
#3702 = EDGE_LOOP ( 'NONE', ( #4715, #1745, #4318, #570 ) ) ;
#3703 =( LENGTH_UNIT ( ) NAMED_UNIT ( * ) SI_UNIT ( .MILLI., .METRE. ) );
#3704 = ORIENTED_EDGE ( 'NONE', *, *, #4140, .F. ) ;
#3705 = PLANE ( 'NONE',  #390 ) ;
#3706 = PRESENTATION_STYLE_ASSIGNMENT (( #203 ) ) ;
#3707 = CARTESIAN_POINT ( 'NONE',  ( 4.124999999999994700, 0.9550000000000048500, 0.4999999999999982800 ) ) ;
#3708 = VECTOR ( 'NONE', #4846, 1000.000000000000000 ) ;
#3709 = CARTESIAN_POINT ( 'NONE',  ( -5.080000000000015200, 2.540000000000000000, 1.400000000000000100 ) ) ;
#3710 = CARTESIAN_POINT ( 'NONE',  ( -1.270000000000000700, 0.7700000000000000200, 0.5000000000000000000 ) ) ;
#3711 = SURFACE_STYLE_FILL_AREA ( #1384 ) ;
#3712 = VECTOR ( 'NONE', #2090, 1000.000000000000000 ) ;
#3713 = EDGE_CURVE ( 'NONE', #5017, #3563, #2144, .T. ) ;
#3714 = PLANE ( 'NONE',  #803 ) ;
#3715 = CARTESIAN_POINT ( 'NONE',  ( 2.540000000000013800, 0.5000000000000004400, 4.000000000000000000 ) ) ;
#3716 = VECTOR ( 'NONE', #1240, 1000.000000000000000 ) ;
#3717 = FACE_OUTER_BOUND ( 'NONE', #4019, .T. ) ;
#3718 = DIRECTION ( 'NONE',  ( -0.7071067811865379100, 0.7071067811865572300, 0.0000000000000000000 ) ) ;
#3719 = ADVANCED_FACE ( 'NONE', ( #4748 ), #5198, .T. ) ;
#3720 = VECTOR ( 'NONE', #4856, 1000.000000000000000 ) ;
#3721 = CARTESIAN_POINT ( 'NONE',  ( 0.0000000000000000000, 2.540000000000000000, 0.0000000000000000000 ) ) ;
#3722 = VERTEX_POINT ( 'NONE', #4741 ) ;
#3723 = EDGE_LOOP ( 'NONE', ( #2535, #4302, #697, #1262 ) ) ;
#3724 = VECTOR ( 'NONE', #3378, 1000.000000000000000 ) ;
#3725 = FILL_AREA_STYLE_COLOUR ( '', #1879 ) ;
#3726 = ORIENTED_EDGE ( 'NONE', *, *, #1030, .F. ) ;
#3727 = SURFACE_STYLE_USAGE ( .BOTH. , #5408 ) ;
#3728 = LINE ( 'NONE', #3263, #565 ) ;
#3729 = EDGE_CURVE ( 'NONE', #1676, #1472, #4620, .T. ) ;
#3730 = CARTESIAN_POINT ( 'NONE',  ( 4.125000000000007100, 2.038999999999898000, 1.900000000000000100 ) ) ;
#3731 = VERTEX_POINT ( 'NONE', #2650 ) ;
#3732 = CARTESIAN_POINT ( 'NONE',  ( 0.9550000000000036200, 0.7700000000000000200, 0.5000000000000000000 ) ) ;
#3733 = FACE_OUTER_BOUND ( 'NONE', #1726, .T. ) ;
#3734 = SURFACE_STYLE_USAGE ( .BOTH. , #3307 ) ;
#3735 = DIRECTION ( 'NONE',  ( 1.101411730778927600E-014, 1.000000000000000000, 0.0000000000000000000 ) ) ;
#3736 = EDGE_CURVE ( 'NONE', #4315, #1132, #664, .T. ) ;
#3737 = VERTEX_POINT ( 'NONE', #2166 ) ;
#3738 = UNCERTAINTY_MEASURE_WITH_UNIT (LENGTH_MEASURE( 1.000000000000000100E-005 ), #3386, 'distance_accuracy_value', 'NONE');
#3739 = VECTOR ( 'NONE', #4417, 1000.000000000000000 ) ;
#3740 = VECTOR ( 'NONE', #818, 999.9999999999998900 ) ;
#3741 = EDGE_CURVE ( 'NONE', #1273, #1897, #1059, .T. ) ;
#3742 = ORIENTED_EDGE ( 'NONE', *, *, #4209, .F. ) ;
#3743 = FILL_AREA_STYLE_COLOUR ( '', #2603 ) ;
#3744 = ADVANCED_FACE ( 'NONE', ( #2803 ), #5149, .T. ) ;
#3745 = ORIENTED_EDGE ( 'NONE', *, *, #2204, .F. ) ;
#3746 = LINE ( 'NONE', #3234, #4804 ) ;
#3747 = AXIS2_PLACEMENT_3D ( 'NONE', #5327, #3998, #5346 ) ;
#3748 =( LENGTH_UNIT ( ) NAMED_UNIT ( * ) SI_UNIT ( .MILLI., .METRE. ) );
#3749 = VERTEX_POINT ( 'NONE', #483 ) ;
#3750 = CARTESIAN_POINT ( 'NONE',  ( 3.495000000000003200, 0.9550000000000100600, 0.4999999999999982800 ) ) ;
#3751 = CARTESIAN_POINT ( 'NONE',  ( -5.080000000000015200, 0.5009999999999865700, 1.899999999999999900 ) ) ;
#3752 = VERTEX_POINT ( 'NONE', #2637 ) ;
#3753 = ORIENTED_EDGE ( 'NONE', *, *, #3262, .F. ) ;
#3754 = CARTESIAN_POINT ( 'NONE',  ( -5.080000000000015200, 2.038999999999999700, 1.400000000000000100 ) ) ;
#3755 =( GEOMETRIC_REPRESENTATION_CONTEXT ( 3 ) GLOBAL_UNCERTAINTY_ASSIGNED_CONTEXT ( ( #1902 ) ) GLOBAL_UNIT_ASSIGNED_CONTEXT ( ( #2190, #511, #3477 ) ) REPRESENTATION_CONTEXT ( 'NONE', 'WORKASPACE' ) );
#3756 = ORIENTED_EDGE ( 'NONE', *, *, #3825, .T. ) ;
#3757 = DIRECTION ( 'NONE',  ( -0.0000000000000000000, -0.0000000000000000000, 1.000000000000000000 ) ) ;
#3758 = DIRECTION ( 'NONE',  ( -0.0000000000000000000, -0.0000000000000000000, 1.000000000000000000 ) ) ;
#3759 = EDGE_CURVE ( 'NONE', #3884, #3749, #5081, .T. ) ;
#3760 = VERTEX_POINT ( 'NONE', #1341 ) ;
#3761 = PRESENTATION_STYLE_ASSIGNMENT (( #3363 ) ) ;
#3762 = ORIENTED_EDGE ( 'NONE', *, *, #3121, .T. ) ;
#3763 = ORIENTED_EDGE ( 'NONE', *, *, #2716, .F. ) ;
#3764 = LINE ( 'NONE', #5389, #2622 ) ;
#3765 = CARTESIAN_POINT ( 'NONE',  ( 5.080000000000000100, 7.589415207398531000E-015, 9.000000000000001800 ) ) ;
#3766 = SURFACE_STYLE_USAGE ( .BOTH. , #2857 ) ;
#3767 = LINE ( 'NONE', #4499, #4492 ) ;
#3768 = VERTEX_POINT ( 'NONE', #45 ) ;
#3769 = CARTESIAN_POINT ( 'NONE',  ( 0.9550000000000036200, 1.585000000000003500, 0.5000000000000004400 ) ) ;
#3770 = ADVANCED_FACE ( 'NONE', ( #2552 ), #3468, .F. ) ;
#3771 = EDGE_CURVE ( 'NONE', #3611, #115, #4812, .T. ) ;
#3772 = LINE ( 'NONE', #4088, #5592 ) ;
#3773 = CARTESIAN_POINT ( 'NONE',  ( -1.584999999999996600, 0.9550000000000100600, 0.4999999999999982800 ) ) ;
#3774 = LINE ( 'NONE', #2387, #4442 ) ;
#3775 = LINE ( 'NONE', #2694, #1828 ) ;
#3776 =( NAMED_UNIT ( * ) SI_UNIT ( $, .STERADIAN. ) SOLID_ANGLE_UNIT ( ) );
#3777 = PRESENTATION_STYLE_ASSIGNMENT (( #2492 ) ) ;
#3778 = CARTESIAN_POINT ( 'NONE',  ( -1.477820323027547300, 1.477820323027566600, 9.000000000000001800 ) ) ;
#3779 = EDGE_CURVE ( 'NONE', #1196, #36, #1538, .T. ) ;
#3780 = DIRECTION ( 'NONE',  ( -0.9659258262890690900, 1.063882036137109400E-014, -0.2588190451025181900 ) ) ;
#3781 = DIRECTION ( 'NONE',  ( -0.7071067811865379100, 0.7071067811865572300, 0.0000000000000000000 ) ) ;
#3782 = VECTOR ( 'NONE', #894, 1000.000000000000000 ) ;
#3783 = DIRECTION ( 'NONE',  ( -0.7071067811865474600, -0.7071067811865474600, -0.0000000000000000000 ) ) ;
#3784 = ORIENTED_EDGE ( 'NONE', *, *, #4399, .F. ) ;
#3785 = AXIS2_PLACEMENT_3D ( 'NONE', #1367, #1404, #1821 ) ;
#3786 = DIRECTION ( 'NONE',  ( 0.0000000000000000000, -0.2588190451025199100, 0.9659258262890685300 ) ) ;
#3787 = MECHANICAL_DESIGN_GEOMETRIC_PRESENTATION_REPRESENTATION (  '', ( #1416 ), #3959 ) ;
#3788 = EDGE_CURVE ( 'NONE', #4035, #2816, #3418, .T. ) ;
#3789 = SURFACE_STYLE_USAGE ( .BOTH. , #1638 ) ;
#3790 = ADVANCED_FACE ( 'NONE', ( #853 ), #1877, .F. ) ;
#3791 = CARTESIAN_POINT ( 'NONE',  ( 0.5000000000000138800, 2.540000000000000000, 4.000000000000000000 ) ) ;
#3792 = ORIENTED_EDGE ( 'NONE', *, *, #4520, .T. ) ;
#3793 = FACE_OUTER_BOUND ( 'NONE', #5338, .T. ) ;
#3794 = EDGE_CURVE ( 'NONE', #2813, #4278, #2007, .T. ) ;
#3795 = FILL_AREA_STYLE_COLOUR ( '', #764 ) ;
#3796 = AXIS2_PLACEMENT_3D ( 'NONE', #2802, #2863, #4937 ) ;
#3797 = CARTESIAN_POINT ( 'NONE',  ( 3.602179676972452300, 7.589415207398531000E-015, 9.000000000000001800 ) ) ;
#3798 = DIRECTION ( 'NONE',  ( 0.0000000000000000000, -1.000000000000000000, 0.0000000000000000000 ) ) ;
#3799 = DIRECTION ( 'NONE',  ( 0.0000000000000000000, -1.682396719162780200E-015, 1.000000000000000000 ) ) ;
#3800 = ORIENTED_EDGE ( 'NONE', *, *, #5256, .F. ) ;
#3801 = PRESENTATION_STYLE_ASSIGNMENT (( #5182 ) ) ;
#3802 = VECTOR ( 'NONE', #795, 1000.000000000000000 ) ;
#3803 = CARTESIAN_POINT ( 'NONE',  ( 5.079999999999987600, 2.038999999999999700, 1.900000000000000100 ) ) ;
#3804 = EDGE_CURVE ( 'NONE', #2905, #3873, #4268, .T. ) ;
#3805 = EDGE_LOOP ( 'NONE', ( #2745, #4014, #2082, #4628 ) ) ;
#3806 = LINE ( 'NONE', #345, #1858 ) ;
#3807 = EDGE_CURVE ( 'NONE', #1612, #3760, #881, .T. ) ;
#3808 = ORIENTED_EDGE ( 'NONE', *, *, #1179, .F. ) ;
#3809 = SURFACE_SIDE_STYLE ('',( #4734 ) ) ;
#3810 = VERTEX_POINT ( 'NONE', #2756 ) ;
#3811 = ORIENTED_EDGE ( 'NONE', *, *, #4982, .T. ) ;
#3812 = DIRECTION ( 'NONE',  ( -0.0000000000000000000, 1.000000000000000000, 1.517583580067741800E-016 ) ) ;
#3813 =( NAMED_UNIT ( * ) PLANE_ANGLE_UNIT ( ) SI_UNIT ( $, .RADIAN. ) );
#3814 = ORIENTED_EDGE ( 'NONE', *, *, #1454, .T. ) ;
#3815 = STYLED_ITEM ( 'NONE', ( #4730 ), #4769 ) ;
#3816 = VECTOR ( 'NONE', #3485, 1000.000000000000000 ) ;
#3817 = CARTESIAN_POINT ( 'NONE',  ( 0.9550000000000036200, -4.599999999999992500, 0.3149999999999950100 ) ) ;
#3818 = ADVANCED_FACE ( 'NONE', ( #1489 ), #3978, .T. ) ;
#3819 = ORIENTED_EDGE ( 'NONE', *, *, #5050, .T. ) ;
#3820 = EDGE_LOOP ( 'NONE', ( #5510, #2482, #4782, #3687 ) ) ;
#3821 = COLOUR_RGB ( '',1.000000000000000000, 0.8117647058823529400, 0.5019607843137254800 ) ;
#3822 = ORIENTED_EDGE ( 'NONE', *, *, #3552, .T. ) ;
#3823 = DIRECTION ( 'NONE',  ( -1.101411730778927600E-014, -1.000000000000000000, 0.0000000000000000000 ) ) ;
#3824 = VERTEX_POINT ( 'NONE', #1820 ) ;
#3825 = EDGE_CURVE ( 'NONE', #4148, #1515, #286, .T. ) ;
#3826 = PRESENTATION_LAYER_ASSIGNMENT (  '', '', ( #840 ) ) ;
#3827 = FACE_OUTER_BOUND ( 'NONE', #4582, .T. ) ;
#3828 = SURFACE_STYLE_FILL_AREA ( #5003 ) ;
#3829 = DIRECTION ( 'NONE',  ( 0.0000000000000000000, -1.000000000000000000, -1.517583580067741800E-016 ) ) ;
#3830 = UNCERTAINTY_MEASURE_WITH_UNIT (LENGTH_MEASURE( 1.000000000000000100E-005 ), #3967, 'distance_accuracy_value', 'NONE');
#3831 = VECTOR ( 'NONE', #2228, 1000.000000000000000 ) ;
#3832 = DIRECTION ( 'NONE',  ( 1.000000000000000000, 0.0000000000000000000, 0.0000000000000000000 ) ) ;
#3833 = DIRECTION ( 'NONE',  ( 0.0000000000000000000, -0.0000000000000000000, -1.000000000000000000 ) ) ;
#3834 = EDGE_LOOP ( 'NONE', ( #4621, #3947, #4625, #365 ) ) ;
#3835 = PRESENTATION_STYLE_ASSIGNMENT (( #190 ) ) ;
#3836 = CARTESIAN_POINT ( 'NONE',  ( 0.9550000000000036200, -4.999999999999999100, 0.3149999999999943400 ) ) ;
#3837 =( GEOMETRIC_REPRESENTATION_CONTEXT ( 3 ) GLOBAL_UNCERTAINTY_ASSIGNED_CONTEXT ( ( #2781 ) ) GLOBAL_UNIT_ASSIGNED_CONTEXT ( ( #1150, #2447, #4154 ) ) REPRESENTATION_CONTEXT ( 'NONE', 'WORKASPACE' ) );
#3838 =( NAMED_UNIT ( * ) PLANE_ANGLE_UNIT ( ) SI_UNIT ( $, .RADIAN. ) );
#3839 = CARTESIAN_POINT ( 'NONE',  ( -1.062179676972449000, -4.999999999999998200, -0.2078203230275552600 ) ) ;
#3840 = VECTOR ( 'NONE', #5079, 1000.000000000000100 ) ;
#3841 = SURFACE_STYLE_FILL_AREA ( #119 ) ;
#3842 = LINE ( 'NONE', #2250, #3587 ) ;
#3843 = STYLED_ITEM ( 'NONE', ( #535 ), #2134 ) ;
#3844 = PLANE ( 'NONE',  #3255 ) ;
#3845 = PRESENTATION_LAYER_ASSIGNMENT (  '', '', ( #3461 ) ) ;
#3846 = VERTEX_POINT ( 'NONE', #3957 ) ;
#3847 = FILL_AREA_STYLE ('',( #3864 ) ) ;
#3848 = ADVANCED_FACE ( 'NONE', ( #5314 ), #3104, .T. ) ;
#3849 = EDGE_LOOP ( 'NONE', ( #2108, #4118, #2975, #1800 ) ) ;
#3850 =( LENGTH_UNIT ( ) NAMED_UNIT ( * ) SI_UNIT ( .MILLI., .METRE. ) );
#3851 = LINE ( 'NONE', #4618, #3391 ) ;
#3852 = DIRECTION ( 'NONE',  ( 1.000000000000000000, 0.0000000000000000000, 0.0000000000000000000 ) ) ;
#3853 = VERTEX_POINT ( 'NONE', #4891 ) ;
#3854 = CARTESIAN_POINT ( 'NONE',  ( 1.477820323027535500, 4.726424473330774100E-014, 9.000000000000001800 ) ) ;
#3855 = MECHANICAL_DESIGN_GEOMETRIC_PRESENTATION_REPRESENTATION (  '', ( #4500 ), #4608 ) ;
#3856 = LINE ( 'NONE', #5005, #2718 ) ;
#3857 = FILL_AREA_STYLE ('',( #3893 ) ) ;
#3858 = FILL_AREA_STYLE ('',( #2593 ) ) ;
#3859 = ORIENTED_EDGE ( 'NONE', *, *, #5071, .T. ) ;
#3860 = VECTOR ( 'NONE', #76, 1000.000000000000000 ) ;
#3861 = EDGE_CURVE ( 'NONE', #3082, #4390, #3035, .T. ) ;
#3862 = SURFACE_SIDE_STYLE ('',( #2150 ) ) ;
#3863 = MECHANICAL_DESIGN_GEOMETRIC_PRESENTATION_REPRESENTATION (  '', ( #871 ), #1180 ) ;
#3864 = FILL_AREA_STYLE_COLOUR ( '', #2124 ) ;
#3865 = EDGE_LOOP ( 'NONE', ( #2709, #3415, #4925, #3069 ) ) ;
#3866 = SURFACE_STYLE_USAGE ( .BOTH. , #2543 ) ;
#3867 = DIRECTION ( 'NONE',  ( 0.7071067811865572300, 0.7071067811865379100, 0.0000000000000000000 ) ) ;
#3868 = VERTEX_POINT ( 'NONE', #102 ) ;
#3869 = LINE ( 'NONE', #2109, #5266 ) ;
#3870 = CARTESIAN_POINT ( 'NONE',  ( -5.080000000000015200, 2.038999999999999700, 1.400000000000000100 ) ) ;
#3871 = CARTESIAN_POINT ( 'NONE',  ( 3.040000000000014200, 2.540000000000000000, 1.400000000000000100 ) ) ;
#3872 = DIRECTION ( 'NONE',  ( 0.0000000000000000000, 0.0000000000000000000, -1.000000000000000000 ) ) ;
#3873 = VERTEX_POINT ( 'NONE', #5290 ) ;
#3874 = ADVANCED_FACE ( 'NONE', ( #143 ), #2331, .F. ) ;
#3875 = EDGE_LOOP ( 'NONE', ( #4074, #714, #5360, #3179 ) ) ;
#3876 = CARTESIAN_POINT ( 'NONE',  ( -2.039999999999986300, 2.540000000000000000, 1.400000000000000100 ) ) ;
#3877 = ORIENTED_EDGE ( 'NONE', *, *, #5263, .F. ) ;
#3878 = EDGE_LOOP ( 'NONE', ( #5018, #3676, #531, #1730 ) ) ;
#3879 = CARTESIAN_POINT ( 'NONE',  ( -5.080000000000015200, 2.038999999999999700, 1.900000000000000100 ) ) ;
#3880 = LINE ( 'NONE', #2916, #2424 ) ;
#3881 =( LENGTH_UNIT ( ) NAMED_UNIT ( * ) SI_UNIT ( .MILLI., .METRE. ) );
#3882 = EDGE_CURVE ( 'NONE', #3571, #4374, #3178, .T. ) ;
#3883 = PLANE ( 'NONE',  #500 ) ;
#3884 = VERTEX_POINT ( 'NONE', #146 ) ;
#3885 = DIRECTION ( 'NONE',  ( 0.0000000000000000000, 0.0000000000000000000, -1.000000000000000000 ) ) ;
#3886 = ORIENTED_EDGE ( 'NONE', *, *, #1329, .T. ) ;
#3887 = MECHANICAL_DESIGN_GEOMETRIC_PRESENTATION_REPRESENTATION (  '', ( #1088 ), #1510 ) ;
#3888 = ORIENTED_EDGE ( 'NONE', *, *, #2779, .T. ) ;
#3889 = DIRECTION ( 'NONE',  ( 0.7071067811865469100, 0.7071067811865482400, 0.0000000000000000000 ) ) ;
#3890 = AXIS2_PLACEMENT_3D ( 'NONE', #4309, #5102, #832 ) ;
#3891 = ORIENTED_EDGE ( 'NONE', *, *, #5405, .F. ) ;
#3892 = PLANE ( 'NONE',  #573 ) ;
#3893 = FILL_AREA_STYLE_COLOUR ( '', #4659 ) ;
#3894 = ORIENTED_EDGE ( 'NONE', *, *, #3070, .F. ) ;
#3895 = AXIS2_PLACEMENT_3D ( 'NONE', #662, #4526, #3260 ) ;
#3896 = CARTESIAN_POINT ( 'NONE',  ( 0.0000000000000000000, 1.062179676972466500, 9.000000000000001800 ) ) ;
#3897 = COLOUR_RGB ( '',1.000000000000000000, 0.8117647058823529400, 0.5019607843137254800 ) ;
#3898 = SURFACE_STYLE_USAGE ( .BOTH. , #3917 ) ;
#3899 = DIRECTION ( 'NONE',  ( -1.000000000000000000, -0.0000000000000000000, 0.0000000000000000000 ) ) ;
#3900 = LINE ( 'NONE', #3567, #3638 ) ;
#3901 = CARTESIAN_POINT ( 'NONE',  ( -5.080000000000015200, 2.540000000000000000, 1.400000000000000100 ) ) ;
#3902 = ADVANCED_FACE ( 'NONE', ( #2636 ), #3160, .T. ) ;
#3903 = UNCERTAINTY_MEASURE_WITH_UNIT (LENGTH_MEASURE( 1.000000000000000100E-005 ), #1645, 'distance_accuracy_value', 'NONE');
#3904 = EDGE_CURVE ( 'NONE', #5581, #321, #5038, .T. ) ;
#3905 = VECTOR ( 'NONE', #3129, 1000.000000000000000 ) ;
#3906 = AXIS2_PLACEMENT_3D ( 'NONE', #324, #4158, #5052 ) ;
#3907 = FACE_OUTER_BOUND ( 'NONE', #3300, .T. ) ;
#3908 =( NAMED_UNIT ( * ) PLANE_ANGLE_UNIT ( ) SI_UNIT ( $, .RADIAN. ) );
#3909 = EDGE_LOOP ( 'NONE', ( #4892, #3357, #3411, #1832 ) ) ;
#3910 = CARTESIAN_POINT ( 'NONE',  ( -2.139999999999989000, 2.540000000000000000, 2.450000000000000200 ) ) ;
#3911 = LINE ( 'NONE', #1968, #1092 ) ;
#3912 = VECTOR ( 'NONE', #3323, 1000.000000000000000 ) ;
#3913 = EDGE_CURVE ( 'NONE', #3737, #1196, #3775, .T. ) ;
#3914 = SURFACE_STYLE_FILL_AREA ( #1116 ) ;
#3915 = CARTESIAN_POINT ( 'NONE',  ( -0.9549999999999975200, 1.585000000000008800, 4.000000000000000000 ) ) ;
#3916 = ORIENTED_EDGE ( 'NONE', *, *, #4481, .T. ) ;
#3917 = SURFACE_SIDE_STYLE ('',( #3233 ) ) ;
#3918 = EDGE_CURVE ( 'NONE', #2191, #650, #4905, .T. ) ;
#3919 =( NAMED_UNIT ( * ) SI_UNIT ( $, .STERADIAN. ) SOLID_ANGLE_UNIT ( ) );
#3920 = AXIS2_PLACEMENT_3D ( 'NONE', #1474, #4075, #5301 ) ;
#3921 = SURFACE_STYLE_FILL_AREA ( #2511 ) ;
#3922 = SURFACE_SIDE_STYLE ('',( #2189 ) ) ;
#3923 = CARTESIAN_POINT ( 'NONE',  ( 0.9550000000000036200, 0.7699999999999998000, -0.3150000000000034400 ) ) ;
#3924 = DIRECTION ( 'NONE',  ( -1.000000000000000000, 0.0000000000000000000, 0.0000000000000000000 ) ) ;
#3925 = AXIS2_PLACEMENT_3D ( 'NONE', #4807, #3034, #3934 ) ;
#3926 = SURFACE_SIDE_STYLE ('',( #3711 ) ) ;
#3927 = ADVANCED_FACE ( 'NONE', ( #1758 ), #4106, .T. ) ;
#3928 = ORIENTED_EDGE ( 'NONE', *, *, #4832, .F. ) ;
#3929 = FACE_OUTER_BOUND ( 'NONE', #3541, .T. ) ;
#3930 = CARTESIAN_POINT ( 'NONE',  ( -2.040000000000000000, 2.606599254992157300E-016, 4.000000000000000000 ) ) ;
#3931 = VERTEX_POINT ( 'NONE', #240 ) ;
#3932 = VECTOR ( 'NONE', #1316, 1000.000000000000000 ) ;
#3933 = EDGE_CURVE ( 'NONE', #2561, #427, #1432, .T. ) ;
#3934 = DIRECTION ( 'NONE',  ( -1.000000000000000000, 0.0000000000000000000, 0.0000000000000000000 ) ) ;
#3935 = PLANE ( 'NONE',  #5053 ) ;
#3936 = AXIS2_PLACEMENT_3D ( 'NONE', #3901, #536, #3951 ) ;
#3937 = SURFACE_SIDE_STYLE ('',( #4319 ) ) ;
#3938 = ORIENTED_EDGE ( 'NONE', *, *, #3039, .T. ) ;
#3939 = LINE ( 'NONE', #5015, #3407 ) ;
#3940 = DIRECTION ( 'NONE',  ( 0.7071067811865469100, 0.7071067811865482400, 0.0000000000000000000 ) ) ;
#3941 = ORIENTED_EDGE ( 'NONE', *, *, #1709, .F. ) ;
#3942 = DIRECTION ( 'NONE',  ( 1.000000000000000000, -1.101411730778927800E-014, 0.0000000000000000000 ) ) ;
#3943 = ORIENTED_EDGE ( 'NONE', *, *, #1574, .F. ) ;
#3944 = EDGE_CURVE ( 'NONE', #2739, #5283, #4579, .T. ) ;
#3945 = ORIENTED_EDGE ( 'NONE', *, *, #2716, .T. ) ;
#3946 = CARTESIAN_POINT ( 'NONE',  ( -1.584999999999996600, 0.9550000000000102900, 4.000000000000000000 ) ) ;
#3947 = ORIENTED_EDGE ( 'NONE', *, *, #1822, .F. ) ;
#3948 = FACE_OUTER_BOUND ( 'NONE', #3682, .T. ) ;
#3949 = EDGE_LOOP ( 'NONE', ( #734, #5215, #1653, #184 ) ) ;
#3950 = ORIENTED_EDGE ( 'NONE', *, *, #1642, .T. ) ;
#3951 = DIRECTION ( 'NONE',  ( 1.000000000000000000, 0.0000000000000000000, -0.0000000000000000000 ) ) ;
#3952 = ADVANCED_FACE ( 'NONE', ( #1819 ), #1067, .F. ) ;
#3953 =( LENGTH_UNIT ( ) NAMED_UNIT ( * ) SI_UNIT ( .MILLI., .METRE. ) );
#3954 = ORIENTED_EDGE ( 'NONE', *, *, #5195, .F. ) ;
#3955 = ORIENTED_EDGE ( 'NONE', *, *, #1115, .F. ) ;
#3956 = FACE_BOUND ( 'NONE', #1259, .T. ) ;
#3957 = CARTESIAN_POINT ( 'NONE',  ( -2.939999999999984400, 2.439999999999997300, 2.450000000000000200 ) ) ;
#3958 = CARTESIAN_POINT ( 'NONE',  ( -3.039999999999987200, 2.540000000000000000, 1.400000000000000100 ) ) ;
#3959 =( GEOMETRIC_REPRESENTATION_CONTEXT ( 3 ) GLOBAL_UNCERTAINTY_ASSIGNED_CONTEXT ( ( #4024 ) ) GLOBAL_UNIT_ASSIGNED_CONTEXT ( ( #3748, #5392, #4163 ) ) REPRESENTATION_CONTEXT ( 'NONE', 'WORKASPACE' ) );
#3960 = FACE_OUTER_BOUND ( 'NONE', #1796, .T. ) ;
#3961 = LINE ( 'NONE', #1265, #3098 ) ;
#3962 = EDGE_CURVE ( 'NONE', #498, #4148, #3135, .T. ) ;
#3963 = DIRECTION ( 'NONE',  ( -0.0000000000000000000, -0.0000000000000000000, 1.000000000000000000 ) ) ;
#3964 = VERTEX_POINT ( 'NONE', #4121 ) ;
#3965 = DIRECTION ( 'NONE',  ( 1.000000000000000000, 0.0000000000000000000, 0.0000000000000000000 ) ) ;
#3966 = VECTOR ( 'NONE', #1031, 1000.000000000000000 ) ;
#3967 =( LENGTH_UNIT ( ) NAMED_UNIT ( * ) SI_UNIT ( .MILLI., .METRE. ) );
#3968 = FACE_OUTER_BOUND ( 'NONE', #3490, .T. ) ;
#3969 = DIRECTION ( 'NONE',  ( -0.7071067811865379100, 0.7071067811865572300, 0.0000000000000000000 ) ) ;
#3970 = CARTESIAN_POINT ( 'NONE',  ( 2.140000000000016100, 0.5009999999999866800, 1.400000000000000100 ) ) ;
#3971 = DIRECTION ( 'NONE',  ( 1.101411730778927600E-014, 1.000000000000000000, 0.0000000000000000000 ) ) ;
#3972 = EDGE_CURVE ( 'NONE', #325, #1515, #2862, .T. ) ;
#3973 = VECTOR ( 'NONE', #3969, 1000.000000000000000 ) ;
#3974 = LINE ( 'NONE', #4946, #1697 ) ;
#3975 = ORIENTED_EDGE ( 'NONE', *, *, #2545, .F. ) ;
#3976 = ORIENTED_EDGE ( 'NONE', *, *, #1022, .T. ) ;
#3977 = FACE_OUTER_BOUND ( 'NONE', #5047, .T. ) ;
#3978 = PLANE ( 'NONE',  #2142 ) ;
#3979 = PLANE ( 'NONE',  #3169 ) ;
#3980 = ADVANCED_FACE ( 'NONE', ( #979 ), #624, .F. ) ;
#3981 = ORIENTED_EDGE ( 'NONE', *, *, #1308, .T. ) ;
#3982 = CARTESIAN_POINT ( 'NONE',  ( 0.9550000000000036200, 1.585000000000008600, 0.4999999999999982800 ) ) ;
#3983 = SURFACE_STYLE_FILL_AREA ( #5371 ) ;
#3984 = FILL_AREA_STYLE_COLOUR ( '', #3897 ) ;
#3985 = CARTESIAN_POINT ( 'NONE',  ( -3.602179676972449200, -4.999999999999998200, -0.2078203230275552600 ) ) ;
#3986 = DIRECTION ( 'NONE',  ( -0.2505628070857283700, 0.9351131265310302900, 0.2505628070857309200 ) ) ;
#3987 = ORIENTED_EDGE ( 'NONE', *, *, #1809, .F. ) ;
#3988 = CARTESIAN_POINT ( 'NONE',  ( 3.495000000000003200, -4.599999999999992500, -0.3150000000000042200 ) ) ;
#3989 = VECTOR ( 'NONE', #2247, 1000.000000000000100 ) ;
#3990 =( GEOMETRIC_REPRESENTATION_CONTEXT ( 3 ) GLOBAL_UNCERTAINTY_ASSIGNED_CONTEXT ( ( #19 ) ) GLOBAL_UNIT_ASSIGNED_CONTEXT ( ( #4297, #3838, #865 ) ) REPRESENTATION_CONTEXT ( 'NONE', 'WORKASPACE' ) );
#3991 = DIRECTION ( 'NONE',  ( 0.0000000000000000000, 0.0000000000000000000, 1.000000000000000000 ) ) ;
#3992 = DIRECTION ( 'NONE',  ( -0.9659258262890693100, -0.2588190451025173500, -4.354363123373188400E-016 ) ) ;
#3993 = ORIENTED_EDGE ( 'NONE', *, *, #4654, .T. ) ;
#3994 = LINE ( 'NONE', #2984, #3542 ) ;
#3995 = LINE ( 'NONE', #3287, #4927 ) ;
#3996 = CARTESIAN_POINT ( 'NONE',  ( -1.584999999999996600, 0.9550000000000102900, 4.000000000000000000 ) ) ;
#3997 = PRESENTATION_LAYER_ASSIGNMENT (  '', '', ( #5250 ) ) ;
#3998 = DIRECTION ( 'NONE',  ( 0.0000000000000000000, 0.0000000000000000000, 1.000000000000000000 ) ) ;
#3999 = VERTEX_POINT ( 'NONE', #4523 ) ;
#4000 = FACE_OUTER_BOUND ( 'NONE', #3569, .T. ) ;
#4001 = FILL_AREA_STYLE_COLOUR ( '', #2988 ) ;
#4002 = DIRECTION ( 'NONE',  ( 0.7071067811865469100, 0.7071067811865482400, -0.0000000000000000000 ) ) ;
#4003 = VERTEX_POINT ( 'NONE', #1990 ) ;
#4004 = EDGE_CURVE ( 'NONE', #4940, #321, #3746, .T. ) ;
#4005 =( NAMED_UNIT ( * ) PLANE_ANGLE_UNIT ( ) SI_UNIT ( $, .RADIAN. ) );
#4006 = ORIENTED_EDGE ( 'NONE', *, *, #2564, .T. ) ;
#4007 = CARTESIAN_POINT ( 'NONE',  ( 4.125000000000001800, 0.7700000000000006800, -0.3150000000000034400 ) ) ;
#4008 = MECHANICAL_DESIGN_GEOMETRIC_PRESENTATION_REPRESENTATION (  '', ( #2582 ), #1248 ) ;
#4009 = ORIENTED_EDGE ( 'NONE', *, *, #1527, .F. ) ;
#4010 = ORIENTED_EDGE ( 'NONE', *, *, #1565, .T. ) ;
#4011 = SURFACE_STYLE_FILL_AREA ( #1680 ) ;
#4012 = SURFACE_STYLE_USAGE ( .BOTH. , #125 ) ;
#4013 = EDGE_CURVE ( 'NONE', #2686, #1508, #3475, .T. ) ;
#4014 = ORIENTED_EDGE ( 'NONE', *, *, #3794, .T. ) ;
#4015 = VECTOR ( 'NONE', #2840, 1000.000000000000000 ) ;
#4016 = ORIENTED_EDGE ( 'NONE', *, *, #495, .F. ) ;
#4017 = CARTESIAN_POINT ( 'NONE',  ( 2.540000000000000000, 7.589415207398531000E-015, 9.000000000000001800 ) ) ;
#4018 = SURFACE_STYLE_FILL_AREA ( #4661 ) ;
#4019 = EDGE_LOOP ( 'NONE', ( #1462, #1457, #591, #3284 ) ) ;
#4020 = DIRECTION ( 'NONE',  ( 1.000000000000000000, 0.0000000000000000000, 0.0000000000000000000 ) ) ;
#4021 = ORIENTED_EDGE ( 'NONE', *, *, #1585, .F. ) ;
#4022 = AXIS2_PLACEMENT_3D ( 'NONE', #3460, #5580, #4735 ) ;
#4023 = CIRCLE ( 'NONE', #3031, 0.1850000000000048300 ) ;
#4024 = UNCERTAINTY_MEASURE_WITH_UNIT (LENGTH_MEASURE( 1.000000000000000100E-005 ), #3748, 'distance_accuracy_value', 'NONE');
#4025 = CARTESIAN_POINT ( 'NONE',  ( 2.040000000000013400, 0.0000000000000000000, 1.400000000000000100 ) ) ;
#4026 = FACE_OUTER_BOUND ( 'NONE', #4550, .T. ) ;
#4027 = EDGE_LOOP ( 'NONE', ( #4458, #5004, #5292, #3886 ) ) ;
#4028 = DIRECTION ( 'NONE',  ( 1.000000000000000000, -0.0000000000000000000, -0.0000000000000000000 ) ) ;
#4029 = VECTOR ( 'NONE', #232, 1000.000000000000000 ) ;
#4030 = SURFACE_STYLE_FILL_AREA ( #4704 ) ;
#4031 = LINE ( 'NONE', #4405, #1227 ) ;
#4032 = AXIS2_PLACEMENT_3D ( 'NONE', #1354, #4312, #57 ) ;
#4033 = VECTOR ( 'NONE', #2521, 1000.000000000000000 ) ;
#4034 = CARTESIAN_POINT ( 'NONE',  ( 3.495000000000003200, -4.599999999999992500, -0.3150000000000036700 ) ) ;
#4035 = VERTEX_POINT ( 'NONE', #2849 ) ;
#4036 = CARTESIAN_POINT ( 'NONE',  ( -5.080000000000015200, 0.5009999999999865700, 1.899999999999999900 ) ) ;
#4037 = ADVANCED_FACE ( 'NONE', ( #2669 ), #2870, .T. ) ;
#4038 = FACE_OUTER_BOUND ( 'NONE', #1576, .T. ) ;
#4039 = EDGE_CURVE ( 'NONE', #3846, #628, #1521, .T. ) ;
#4040 = PRESENTATION_STYLE_ASSIGNMENT (( #3628 ) ) ;
#4041 = DIRECTION ( 'NONE',  ( 1.000000000000000000, 0.0000000000000000000, 0.0000000000000000000 ) ) ;
#4042 = PRESENTATION_LAYER_ASSIGNMENT (  '', '', ( #4314 ) ) ;
#4043 =( NAMED_UNIT ( * ) SI_UNIT ( $, .STERADIAN. ) SOLID_ANGLE_UNIT ( ) );
#4044 = ORIENTED_EDGE ( 'NONE', *, *, #3444, .F. ) ;
#4045 = ORIENTED_EDGE ( 'NONE', *, *, #2800, .T. ) ;
#4046 = DIRECTION ( 'NONE',  ( 0.0000000000000000000, -1.682396719162780200E-015, 1.000000000000000000 ) ) ;
#4047 =( LENGTH_UNIT ( ) NAMED_UNIT ( * ) SI_UNIT ( .MILLI., .METRE. ) );
#4048 = LINE ( 'NONE', #3004, #1495 ) ;
#4049 = CARTESIAN_POINT ( 'NONE',  ( -1.062179676972464500, 4.726424473330774100E-014, 9.000000000000001800 ) ) ;
#4050 = CARTESIAN_POINT ( 'NONE',  ( -2.139999999999989000, 0.5009999999999866800, 1.400000000000000100 ) ) ;
#4051 = ORIENTED_EDGE ( 'NONE', *, *, #2481, .F. ) ;
#4052 = MECHANICAL_DESIGN_GEOMETRIC_PRESENTATION_REPRESENTATION (  '', ( #1368 ), #1153 ) ;
#4053 = CARTESIAN_POINT ( 'NONE',  ( -5.080000000000015200, 0.0000000000000000000, 1.400000000000000100 ) ) ;
#4054 = DIRECTION ( 'NONE',  ( 0.0000000000000000000, -1.000000000000000000, 0.0000000000000000000 ) ) ;
#4055 = CIRCLE ( 'NONE', #255, 0.8150000000000033900 ) ;
#4056 = SURFACE_SIDE_STYLE ('',( #303 ) ) ;
#4057 = ORIENTED_EDGE ( 'NONE', *, *, #4084, .F. ) ;
#4058 = VECTOR ( 'NONE', #2102, 1000.000000000000000 ) ;
#4059 = EDGE_CURVE ( 'NONE', #4754, #1556, #4132, .T. ) ;
#4060 = DIRECTION ( 'NONE',  ( -1.000000000000000000, 0.0000000000000000000, 0.0000000000000000000 ) ) ;
#4061 = ADVANCED_FACE ( 'NONE', ( #2404 ), #4613, .F. ) ;
#4062 = ORIENTED_EDGE ( 'NONE', *, *, #883, .F. ) ;
#4063 = STYLED_ITEM ( 'NONE', ( #1694 ), #332 ) ;
#4064 = CARTESIAN_POINT ( 'NONE',  ( 1.062179676972452700, -4.999999999999998200, -0.3150000000000042200 ) ) ;
#4065 = UNCERTAINTY_MEASURE_WITH_UNIT (LENGTH_MEASURE( 1.000000000000000100E-005 ), #4617, 'distance_accuracy_value', 'NONE');
#4066 = VERTEX_POINT ( 'NONE', #4577 ) ;
#4067 = EDGE_CURVE ( 'NONE', #5470, #3030, #4605, .T. ) ;
#4068 = CARTESIAN_POINT ( 'NONE',  ( 3.495000000000003200, -4.999999999999999100, 0.3149999999999943400 ) ) ;
#4069 = EDGE_LOOP ( 'NONE', ( #3928, #2765, #3623, #3402 ) ) ;
#4070 = VERTEX_POINT ( 'NONE', #2504 ) ;
#4071 = CARTESIAN_POINT ( 'NONE',  ( 0.5000000000000000000, 2.606599254992157300E-016, 2.450000000000000200 ) ) ;
#4072 = CARTESIAN_POINT ( 'NONE',  ( 4.124999999999994700, 0.9550000000000102900, 1.899999999999999900 ) ) ;
#4073 = EDGE_CURVE ( 'NONE', #5199, #4240, #1260, .T. ) ;
#4074 = ORIENTED_EDGE ( 'NONE', *, *, #2994, .T. ) ;
#4075 = DIRECTION ( 'NONE',  ( 1.000000000000000000, -1.671484357524093000E-030, 1.101411730778927600E-014 ) ) ;
#4076 = MECHANICAL_DESIGN_GEOMETRIC_PRESENTATION_REPRESENTATION (  '', ( #4472 ), #2648 ) ;
#4077 = VERTEX_POINT ( 'NONE', #3366 ) ;
#4078 = VECTOR ( 'NONE', #4842, 1000.000000000000000 ) ;
#4079 = FILL_AREA_STYLE ('',( #3679 ) ) ;
#4080 = ORIENTED_EDGE ( 'NONE', *, *, #4404, .F. ) ;
#4081 = ORIENTED_EDGE ( 'NONE', *, *, #2581, .T. ) ;
#4082 = EDGE_CURVE ( 'NONE', #498, #2721, #1398, .T. ) ;
#4083 = CARTESIAN_POINT ( 'NONE',  ( 1.062179676972452700, -4.999999999999998200, -0.2078203230275552600 ) ) ;
#4084 = EDGE_CURVE ( 'NONE', #383, #397, #2536, .T. ) ;
#4085 = CARTESIAN_POINT ( 'NONE',  ( -2.139999999999989000, 2.439999999999997300, 1.400000000000000100 ) ) ;
#4086 = FACE_OUTER_BOUND ( 'NONE', #5324, .T. ) ;
#4087 = ORIENTED_EDGE ( 'NONE', *, *, #2297, .T. ) ;
#4088 = CARTESIAN_POINT ( 'NONE',  ( -5.080000000000015200, 0.5000000000000004400, 4.000000000000000000 ) ) ;
#4089 = ADVANCED_FACE ( 'NONE', ( #582 ), #716, .F. ) ;
#4090 = VERTEX_POINT ( 'NONE', #4595 ) ;
#4091 = CARTESIAN_POINT ( 'NONE',  ( 5.080000000000000100, 1.062179676972466500, 9.000000000000001800 ) ) ;
#4092 = CARTESIAN_POINT ( 'NONE',  ( -2.139999999999989000, 0.5009999999999866800, 1.399999999999999700 ) ) ;
#4093 = CARTESIAN_POINT ( 'NONE',  ( -5.080000000000015200, 2.540000000000000000, 4.000000000000000000 ) ) ;
#4094 = FACE_OUTER_BOUND ( 'NONE', #3723, .T. ) ;
#4095 =( NAMED_UNIT ( * ) PLANE_ANGLE_UNIT ( ) SI_UNIT ( $, .RADIAN. ) );
#4096 = ORIENTED_EDGE ( 'NONE', *, *, #4821, .F. ) ;
#4097 = DIRECTION ( 'NONE',  ( 1.000000000000000000, -0.0000000000000000000, -0.0000000000000000000 ) ) ;
#4098 = AXIS2_PLACEMENT_3D ( 'NONE', #2261, #4408, #981 ) ;
#4099 = PRESENTATION_STYLE_ASSIGNMENT (( #1223 ) ) ;
#4100 = SURFACE_STYLE_FILL_AREA ( #3329 ) ;
#4101 = FACE_OUTER_BOUND ( 'NONE', #402, .T. ) ;
#4102 = ORIENTED_EDGE ( 'NONE', *, *, #2758, .F. ) ;
#4103 = STYLED_ITEM ( 'NONE', ( #681 ), #2639 ) ;
#4104 = EDGE_LOOP ( 'NONE', ( #2598, #2422, #2942, #4996, #4131, #2491, #2146, #935 ) ) ;
#4105 = FACE_OUTER_BOUND ( 'NONE', #474, .T. ) ;
#4106 = PLANE ( 'NONE',  #4510 ) ;
#4107 = FILL_AREA_STYLE ('',( #4924 ) ) ;
#4108 = VERTEX_POINT ( 'NONE', #2910 ) ;
#4109 = ORIENTED_EDGE ( 'NONE', *, *, #2652, .T. ) ;
#4110 = EDGE_CURVE ( 'NONE', #574, #3752, #3939, .T. ) ;
#4111 = VECTOR ( 'NONE', #785, 1000.000000000000000 ) ;
#4112 = AXIS2_PLACEMENT_3D ( 'NONE', #2541, #5093, #1246 ) ;
#4113 = DIRECTION ( 'NONE',  ( 0.0000000000000000000, -1.000000000000000000, 0.0000000000000000000 ) ) ;
#4114 = CARTESIAN_POINT ( 'NONE',  ( 1.344410693882025500E-014, 0.5000000000000004400, 2.450000000000000200 ) ) ;
#4115 = DIRECTION ( 'NONE',  ( 0.0000000000000000000, -0.0000000000000000000, 1.000000000000000000 ) ) ;
#4116 = FILL_AREA_STYLE ('',( #1127 ) ) ;
#4117 = LINE ( 'NONE', #707, #300 ) ;
#4118 = ORIENTED_EDGE ( 'NONE', *, *, #1106, .F. ) ;
#4119 = STYLED_ITEM ( 'NONE', ( #826 ), #2160 ) ;
#4120 = FACE_OUTER_BOUND ( 'NONE', #2463, .T. ) ;
#4121 = CARTESIAN_POINT ( 'NONE',  ( 5.079999999999987600, 0.5009999999999865700, 1.899999999999999900 ) ) ;
#4122 = ADVANCED_FACE ( 'NONE', ( #5132 ), #5037, .F. ) ;
#4123 = FILL_AREA_STYLE ('',( #3258 ) ) ;
#4124 = SURFACE_SIDE_STYLE ('',( #5450 ) ) ;
#4125 = MECHANICAL_DESIGN_GEOMETRIC_PRESENTATION_REPRESENTATION (  '', ( #3461 ), #2088 ) ;
#4126 = ORIENTED_EDGE ( 'NONE', *, *, #1678, .T. ) ;
#4127 = LINE ( 'NONE', #4554, #5340 ) ;
#4128 = DIRECTION ( 'NONE',  ( 0.0000000000000000000, 0.0000000000000000000, 1.000000000000000000 ) ) ;
#4129 =( NAMED_UNIT ( * ) PLANE_ANGLE_UNIT ( ) SI_UNIT ( $, .RADIAN. ) );
#4130 = DIRECTION ( 'NONE',  ( 0.0000000000000000000, -1.000000000000000000, 0.0000000000000000000 ) ) ;
#4131 = ORIENTED_EDGE ( 'NONE', *, *, #4771, .T. ) ;
#4132 = LINE ( 'NONE', #1210, #4934 ) ;
#4133 =( NAMED_UNIT ( * ) PLANE_ANGLE_UNIT ( ) SI_UNIT ( $, .RADIAN. ) );
#4134 = CARTESIAN_POINT ( 'NONE',  ( 1.062179676972452700, 7.589415207398531000E-015, 9.000000000000001800 ) ) ;
#4135 = VERTEX_POINT ( 'NONE', #2012 ) ;
#4136 = AXIS2_PLACEMENT_3D ( 'NONE', #2001, #670, #1143 ) ;
#4137 = EDGE_LOOP ( 'NONE', ( #5062, #4947, #3134, #290 ) ) ;
#4138 = CARTESIAN_POINT ( 'NONE',  ( -4.017820323027547300, -4.999999999999998200, -0.3150000000000042200 ) ) ;
#4139 = ORIENTED_EDGE ( 'NONE', *, *, #1137, .T. ) ;
#4140 = EDGE_CURVE ( 'NONE', #1539, #2813, #3806, .T. ) ;
#4141 = VERTEX_POINT ( 'NONE', #4999 ) ;
#4142 = AXIS2_PLACEMENT_3D ( 'NONE', #1799, #937, #4320 ) ;
#4143 = CARTESIAN_POINT ( 'NONE',  ( 2.940000000000011000, 2.540000000000000000, 1.400000000000000100 ) ) ;
#4144 = PLANE ( 'NONE',  #4649 ) ;
#4145 = COLOUR_RGB ( '',1.000000000000000000, 0.8117647058823529400, 0.5019607843137254800 ) ;
#4146 = FILL_AREA_STYLE_COLOUR ( '', #1110 ) ;
#4147 = CARTESIAN_POINT ( 'NONE',  ( 3.602179676972452300, 1.477820323027566600, 9.000000000000001800 ) ) ;
#4148 = VERTEX_POINT ( 'NONE', #3334 ) ;
#4149 = PRESENTATION_STYLE_ASSIGNMENT (( #3766 ) ) ;
#4150 = ADVANCED_FACE ( 'NONE', ( #3603 ), #4722, .T. ) ;
#4151 = ORIENTED_EDGE ( 'NONE', *, *, #183, .F. ) ;
#4152 = SURFACE_STYLE_USAGE ( .BOTH. , #3269 ) ;
#4153 = ORIENTED_EDGE ( 'NONE', *, *, #2607, .T. ) ;
#4154 =( NAMED_UNIT ( * ) SI_UNIT ( $, .STERADIAN. ) SOLID_ANGLE_UNIT ( ) );
#4155 = VECTOR ( 'NONE', #1579, 1000.000000000000000 ) ;
#4156 = ORIENTED_EDGE ( 'NONE', *, *, #3381, .F. ) ;
#4157 = CARTESIAN_POINT ( 'NONE',  ( 1.584999999999995300, 0.9550000000000172800, 8.599999999999996100 ) ) ;
#4158 = DIRECTION ( 'NONE',  ( 1.000000000000000000, -0.0000000000000000000, 0.0000000000000000000 ) ) ;
#4159 = APPLICATION_PROTOCOL_DEFINITION ( 'draft international standard', 'automotive_design', 1998, #1566 ) ;
#4160 = VECTOR ( 'NONE', #2820, 1000.000000000000000 ) ;
#4161 = LINE ( 'NONE', #3026, #874 ) ;
#4162 = LINE ( 'NONE', #1731, #1089 ) ;
#4163 =( NAMED_UNIT ( * ) SI_UNIT ( $, .STERADIAN. ) SOLID_ANGLE_UNIT ( ) );
#4164 = CARTESIAN_POINT ( 'NONE',  ( -4.124999999999996400, 0.9550000000000101700, 1.900000000000000100 ) ) ;
#4165 = DIRECTION ( 'NONE',  ( -0.0000000000000000000, 1.000000000000000000, 0.0000000000000000000 ) ) ;
#4166 = CYLINDRICAL_SURFACE ( 'NONE', #2696, 0.1850000000000048300 ) ;
#4167 = MECHANICAL_DESIGN_GEOMETRIC_PRESENTATION_REPRESENTATION (  '', ( #3604 ), #1591 ) ;
#4168 = PLANE ( 'NONE',  #1560 ) ;
#4169 = CLOSED_SHELL ( 'NONE', ( #4551, #2160, #2074, #3294, #92, #885, #1631, #3464, #2355, #1263, #4150, #1599, #5127, #4524, #1027, #5016, #332, #3927, #3228, #173, #3520, #4993 ) ) ;
#4170 = ORIENTED_EDGE ( 'NONE', *, *, #159, .F. ) ;
#4171 = LINE ( 'NONE', #5511, #1637 ) ;
#4172 =( GEOMETRIC_REPRESENTATION_CONTEXT ( 3 ) GLOBAL_UNCERTAINTY_ASSIGNED_CONTEXT ( ( #2728 ) ) GLOBAL_UNIT_ASSIGNED_CONTEXT ( ( #1722, #410, #3482 ) ) REPRESENTATION_CONTEXT ( 'NONE', 'WORKASPACE' ) );
#4173 = ADVANCED_FACE ( 'NONE', ( #4000 ), #3419, .T. ) ;
#4174 = ORIENTED_EDGE ( 'NONE', *, *, #4191, .F. ) ;
#4175 = EDGE_CURVE ( 'NONE', #1534, #2807, #3277, .T. ) ;
#4176 = DIRECTION ( 'NONE',  ( -1.000000000000000000, 0.0000000000000000000, 0.0000000000000000000 ) ) ;
#4177 = CARTESIAN_POINT ( 'NONE',  ( -5.080000000000015200, 2.038999999999999700, 1.400000000000000100 ) ) ;
#4178 = UNCERTAINTY_MEASURE_WITH_UNIT (LENGTH_MEASURE( 1.000000000000000100E-005 ), #1505, 'distance_accuracy_value', 'NONE');
#4179 = VECTOR ( 'NONE', #2223, 1000.000000000000000 ) ;
#4180 = UNCERTAINTY_MEASURE_WITH_UNIT (LENGTH_MEASURE( 1.000000000000000100E-005 ), #1978, 'distance_accuracy_value', 'NONE');
#4181 = CARTESIAN_POINT ( 'NONE',  ( 3.535494209590073700, 0.9954942095900875000, 8.751126447602482400 ) ) ;
#4182 = ORIENTED_EDGE ( 'NONE', *, *, #39, .F. ) ;
#4183 = UNCERTAINTY_MEASURE_WITH_UNIT (LENGTH_MEASURE( 1.000000000000000100E-005 ), #646, 'distance_accuracy_value', 'NONE');
#4184 = LINE ( 'NONE', #4222, #3740 ) ;
#4185 = EDGE_CURVE ( 'NONE', #2816, #4581, #3869, .T. ) ;
#4186 =( NAMED_UNIT ( * ) SI_UNIT ( $, .STERADIAN. ) SOLID_ANGLE_UNIT ( ) );
#4187 = FILL_AREA_STYLE_COLOUR ( '', #317 ) ;
#4188 = ORIENTED_EDGE ( 'NONE', *, *, #5263, .T. ) ;
#4189 = VECTOR ( 'NONE', #2175, 1000.000000000000000 ) ;
#4190 = LINE ( 'NONE', #4644, #3802 ) ;
#4191 = EDGE_CURVE ( 'NONE', #2773, #4752, #2788, .T. ) ;
#4192 = AXIS2_PLACEMENT_3D ( 'NONE', #3036, #2577, #5160 ) ;
#4193 = PLANE ( 'NONE',  #1635 ) ;
#4194 = CARTESIAN_POINT ( 'NONE',  ( -3.602179676972464800, 4.726424473330774100E-014, 9.000000000000001800 ) ) ;
#4195 = ORIENTED_EDGE ( 'NONE', *, *, #2591, .T. ) ;
#4196 = STYLED_ITEM ( 'NONE', ( #2954 ), #1263 ) ;
#4197 =( LENGTH_UNIT ( ) NAMED_UNIT ( * ) SI_UNIT ( .MILLI., .METRE. ) );
#4198 =( NAMED_UNIT ( * ) SI_UNIT ( $, .STERADIAN. ) SOLID_ANGLE_UNIT ( ) );
#4199 = ORIENTED_EDGE ( 'NONE', *, *, #485, .T. ) ;
#4200 = ADVANCED_FACE ( 'NONE', ( #2852 ), #6, .F. ) ;
#4201 = ORIENTED_EDGE ( 'NONE', *, *, #4073, .T. ) ;
#4202 = DIRECTION ( 'NONE',  ( 0.0000000000000000000, -1.000000000000000000, -1.409885789968134100E-016 ) ) ;
#4203 = MECHANICAL_DESIGN_GEOMETRIC_PRESENTATION_REPRESENTATION (  '', ( #5286 ), #3755 ) ;
#4204 = EDGE_LOOP ( 'NONE', ( #4062, #3505, #3762, #3106 ) ) ;
#4205 = EDGE_LOOP ( 'NONE', ( #4420, #1243, #967, #1601, #44, #2211, #1712, #2353 ) ) ;
#4206 = LINE ( 'NONE', #5060, #3690 ) ;
#4207 = MECHANICAL_DESIGN_GEOMETRIC_PRESENTATION_REPRESENTATION (  '', ( #4894 ), #1049 ) ;
#4208 = SURFACE_SIDE_STYLE ('',( #5417 ) ) ;
#4209 = EDGE_CURVE ( 'NONE', #1021, #2807, #3671, .T. ) ;
#4210 = ORIENTED_EDGE ( 'NONE', *, *, #3794, .F. ) ;
#4211 = EDGE_LOOP ( 'NONE', ( #1133, #3894, #2837, #834 ) ) ;
#4212 = AXIS2_PLACEMENT_3D ( 'NONE', #1193, #5469, #3293 ) ;
#4213 = ORIENTED_EDGE ( 'NONE', *, *, #4914, .F. ) ;
#4214 =( LENGTH_UNIT ( ) NAMED_UNIT ( * ) SI_UNIT ( .MILLI., .METRE. ) );
#4215 = LINE ( 'NONE', #2868, #1288 ) ;
#4216 = EDGE_LOOP ( 'NONE', ( #3452, #1441, #1667, #666 ) ) ;
#4217 = CARTESIAN_POINT ( 'NONE',  ( 0.0000000000000000000, 2.540000000000000000, 0.0000000000000000000 ) ) ;
#4218 = ORIENTED_EDGE ( 'NONE', *, *, #4548, .F. ) ;
#4219 = PLANE ( 'NONE',  #2775 ) ;
#4220 = LINE ( 'NONE', #3247, #5092 ) ;
#4221 = EDGE_CURVE ( 'NONE', #3115, #601, #4391, .T. ) ;
#4222 = CARTESIAN_POINT ( 'NONE',  ( -0.4999999999999870100, 2.540000000000000000, 2.450000000000000200 ) ) ;
#4223 = COLOUR_RGB ( '',1.000000000000000000, 0.8117647058823529400, 0.5019607843137254800 ) ;
#4224 = VECTOR ( 'NONE', #2258, 1000.000000000000000 ) ;
#4225 = ORIENTED_EDGE ( 'NONE', *, *, #3084, .F. ) ;
#4226 = CARTESIAN_POINT ( 'NONE',  ( -0.9550000000000048500, -4.599999999999992500, 0.3149999999999949500 ) ) ;
#4227 = LINE ( 'NONE', #1497, #2967 ) ;
#4228 = CARTESIAN_POINT ( 'NONE',  ( 2.140000000000016100, 2.540000000000000000, 1.400000000000000100 ) ) ;
#4229 = ADVANCED_FACE ( 'NONE', ( #1654 ), #805, .T. ) ;
#4230 = LINE ( 'NONE', #5099, #1957 ) ;
#4231 = EDGE_LOOP ( 'NONE', ( #519, #1214, #1476, #4798, #4986, #2378 ) ) ;
#4232 = UNCERTAINTY_MEASURE_WITH_UNIT (LENGTH_MEASURE( 1.000000000000000100E-005 ), #808, 'distance_accuracy_value', 'NONE');
#4233 = LINE ( 'NONE', #3409, #4298 ) ;
#4234 = VECTOR ( 'NONE', #4753, 999.9999999999998900 ) ;
#4235 = DIRECTION ( 'NONE',  ( -0.9659258262890690900, 1.063882036137109400E-014, -0.2588190451025181900 ) ) ;
#4236 = SURFACE_STYLE_USAGE ( .BOTH. , #3393 ) ;
#4237 = DIRECTION ( 'NONE',  ( 0.0000000000000000000, -0.0000000000000000000, -1.000000000000000000 ) ) ;
#4238 = VECTOR ( 'NONE', #497, 1000.000000000000000 ) ;
#4239 = ORIENTED_EDGE ( 'NONE', *, *, #3476, .T. ) ;
#4240 = VERTEX_POINT ( 'NONE', #416 ) ;
#4241 = AXIS2_PLACEMENT_3D ( 'NONE', #4529, #2023, #3655 ) ;
#4242 = EDGE_CURVE ( 'NONE', #3158, #463, #3994, .T. ) ;
#4243 = SURFACE_SIDE_STYLE ('',( #5507 ) ) ;
#4244 = PRESENTATION_LAYER_ASSIGNMENT (  '', '', ( #2539 ) ) ;
#4245 = CARTESIAN_POINT ( 'NONE',  ( 0.9550000000000036200, 0.9550000000000102900, 4.000000000000000000 ) ) ;
#4246 = VERTEX_POINT ( 'NONE', #5110 ) ;
#4247 = EDGE_CURVE ( 'NONE', #3115, #2907, #644, .T. ) ;
#4248 = VECTOR ( 'NONE', #4841, 1000.000000000000000 ) ;
#4249 = DIRECTION ( 'NONE',  ( -0.0000000000000000000, 1.530638361156006100E-015, 1.000000000000000000 ) ) ;
#4250 = FILL_AREA_STYLE_COLOUR ( '', #1932 ) ;
#4251 = ADVANCED_FACE ( 'NONE', ( #5063 ), #5126, .F. ) ;
#4252 = ORIENTED_EDGE ( 'NONE', *, *, #2892, .F. ) ;
#4253 = VECTOR ( 'NONE', #1148, 999.9999999999998900 ) ;
#4254 = CARTESIAN_POINT ( 'NONE',  ( 2.940000000000011000, 0.09999999999999197000, 1.400000000000000100 ) ) ;
#4255 = CARTESIAN_POINT ( 'NONE',  ( 3.495000000000003200, 0.9550000000000102900, 1.900000000000000100 ) ) ;
#4256 = ORIENTED_EDGE ( 'NONE', *, *, #2758, .T. ) ;
#4257 = CARTESIAN_POINT ( 'NONE',  ( 4.125000000000001800, -4.999999999999998200, -0.3150000000000042800 ) ) ;
#4258 = ORIENTED_EDGE ( 'NONE', *, *, #2374, .F. ) ;
#4259 = CARTESIAN_POINT ( 'NONE',  ( 2.540000000000013800, 2.039999999999998700, 2.450000000000000200 ) ) ;
#4260 = VERTEX_POINT ( 'NONE', #4259 ) ;
#4261 = EDGE_LOOP ( 'NONE', ( #5543, #986, #784, #5494, #1749, #1607 ) ) ;
#4262 = DIRECTION ( 'NONE',  ( -0.7071067811865469100, -0.7071067811865482400, -0.0000000000000000000 ) ) ;
#4263 = MECHANICAL_DESIGN_GEOMETRIC_PRESENTATION_REPRESENTATION (  '', ( #5243 ), #1008 ) ;
#4264 = CARTESIAN_POINT ( 'NONE',  ( 2.940000000000011000, 2.038999999999999700, 1.400000000000000100 ) ) ;
#4265 = ORIENTED_EDGE ( 'NONE', *, *, #3211, .T. ) ;
#4266 = FACE_OUTER_BOUND ( 'NONE', #1597, .T. ) ;
#4267 =( GEOMETRIC_REPRESENTATION_CONTEXT ( 3 ) GLOBAL_UNCERTAINTY_ASSIGNED_CONTEXT ( ( #248 ) ) GLOBAL_UNIT_ASSIGNED_CONTEXT ( ( #2533, #2960, #4607 ) ) REPRESENTATION_CONTEXT ( 'NONE', 'WORKASPACE' ) );
#4268 = LINE ( 'NONE', #5225, #3149 ) ;
#4269 =( NAMED_UNIT ( * ) PLANE_ANGLE_UNIT ( ) SI_UNIT ( $, .RADIAN. ) );
#4270 = EDGE_LOOP ( 'NONE', ( #2938, #2004, #3822, #898 ) ) ;
#4271 = MECHANICAL_DESIGN_GEOMETRIC_PRESENTATION_REPRESENTATION (  '', ( #5250 ), #4172 ) ;
#4272 = SURFACE_STYLE_FILL_AREA ( #555 ) ;
#4273 = LINE ( 'NONE', #3340, #3156 ) ;
#4274 = LINE ( 'NONE', #2518, #5296 ) ;
#4275 = EDGE_LOOP ( 'NONE', ( #739, #3271, #461, #737, #1850, #315, #2111, #4153 ) ) ;
#4276 = SURFACE_STYLE_USAGE ( .BOTH. , #3438 ) ;
#4277 = DIRECTION ( 'NONE',  ( 0.0000000000000000000, -0.0000000000000000000, 1.000000000000000000 ) ) ;
#4278 = VERTEX_POINT ( 'NONE', #2646 ) ;
#4279 = FILL_AREA_STYLE ('',( #3743 ) ) ;
#4280 = ADVANCED_FACE ( 'NONE', ( #1716 ), #2613, .F. ) ;
#4281 = EDGE_CURVE ( 'NONE', #4240, #5068, #972, .T. ) ;
#4282 =( GEOMETRIC_REPRESENTATION_CONTEXT ( 3 ) GLOBAL_UNCERTAINTY_ASSIGNED_CONTEXT ( ( #488 ) ) GLOBAL_UNIT_ASSIGNED_CONTEXT ( ( #824, #377, #4736 ) ) REPRESENTATION_CONTEXT ( 'NONE', 'WORKASPACE' ) );
#4283 = DIRECTION ( 'NONE',  ( 0.0000000000000000000, 0.0000000000000000000, 1.000000000000000000 ) ) ;
#4284 = UNCERTAINTY_MEASURE_WITH_UNIT (LENGTH_MEASURE( 1.000000000000000100E-005 ), #3666, 'distance_accuracy_value', 'NONE');
#4285 = FACE_OUTER_BOUND ( 'NONE', #389, .T. ) ;
#4286 = ORIENTED_EDGE ( 'NONE', *, *, #5256, .T. ) ;
#4287 = LINE ( 'NONE', #1974, #1812 ) ;
#4288 = CARTESIAN_POINT ( 'NONE',  ( 1.584999999999995300, 0.9550000000000102900, 1.400000000000000100 ) ) ;
#4289 = CARTESIAN_POINT ( 'NONE',  ( -5.080000000000015200, 1.585000000000008800, 1.900000000000000100 ) ) ;
#4290 = FACE_OUTER_BOUND ( 'NONE', #1688, .T. ) ;
#4291 = VECTOR ( 'NONE', #4585, 1000.000000000000000 ) ;
#4292 = EDGE_CURVE ( 'NONE', #1196, #3470, #1118, .T. ) ;
#4293 = PRESENTATION_STYLE_ASSIGNMENT (( #3239 ) ) ;
#4294 = CARTESIAN_POINT ( 'NONE',  ( -2.939999999999984400, 0.5009999999999865700, 1.899999999999999700 ) ) ;
#4295 = LINE ( 'NONE', #5118, #3380 ) ;
#4296 = EDGE_CURVE ( 'NONE', #427, #1224, #778, .T. ) ;
#4297 =( LENGTH_UNIT ( ) NAMED_UNIT ( * ) SI_UNIT ( .MILLI., .METRE. ) );
#4298 = VECTOR ( 'NONE', #2180, 1000.000000000000000 ) ;
#4299 = VECTOR ( 'NONE', #5555, 1000.000000000000000 ) ;
#4300 = EDGE_LOOP ( 'NONE', ( #847, #4959, #4347, #122, #4450, #1013 ) ) ;
#4301 = UNCERTAINTY_MEASURE_WITH_UNIT (LENGTH_MEASURE( 1.000000000000000100E-005 ), #1835, 'distance_accuracy_value', 'NONE');
#4302 = ORIENTED_EDGE ( 'NONE', *, *, #2176, .F. ) ;
#4303 = CARTESIAN_POINT ( 'NONE',  ( -2.039999999999986300, 2.540000000000000000, 2.450000000000000200 ) ) ;
#4304 = VERTEX_POINT ( 'NONE', #1813 ) ;
#4305 = CARTESIAN_POINT ( 'NONE',  ( -4.124999999999996400, -4.599999999999992500, 0.3149999999999950100 ) ) ;
#4306 = MECHANICAL_DESIGN_GEOMETRIC_PRESENTATION_REPRESENTATION (  '', ( #3064 ), #3647 ) ;
#4307 = DIRECTION ( 'NONE',  ( -0.0000000000000000000, 1.530638361156006100E-015, 1.000000000000000000 ) ) ;
#4308 = ADVANCED_FACE ( 'NONE', ( #1916 ), #465, .T. ) ;
#4309 = CARTESIAN_POINT ( 'NONE',  ( 4.124999999999994700, -4.999999999999999100, 0.3149999999999943400 ) ) ;
#4310 = FILL_AREA_STYLE ('',( #1315 ) ) ;
#4311 = EDGE_CURVE ( 'NONE', #498, #2443, #4926, .T. ) ;
#4312 = DIRECTION ( 'NONE',  ( 0.9659258262890690900, -0.2588190451025180200, 1.020338404903377500E-014 ) ) ;
#4313 = PLANE ( 'NONE',  #1623 ) ;
#4314 = STYLED_ITEM ( 'NONE', ( #2005 ), #3379 ) ;
#4315 = VERTEX_POINT ( 'NONE', #3970 ) ;
#4316 = VECTOR ( 'NONE', #2310, 1000.000000000000000 ) ;
#4317 = PLANE ( 'NONE',  #508 ) ;
#4318 = ORIENTED_EDGE ( 'NONE', *, *, #1329, .F. ) ;
#4319 = SURFACE_STYLE_FILL_AREA ( #1793 ) ;
#4320 = DIRECTION ( 'NONE',  ( 0.0000000000000000000, -5.860552283705276200E-015, -1.000000000000000000 ) ) ;
#4321 = DIRECTION ( 'NONE',  ( 0.7071067811865482400, -0.7071067811865469100, 0.0000000000000000000 ) ) ;
#4322 =( GEOMETRIC_REPRESENTATION_CONTEXT ( 3 ) GLOBAL_UNCERTAINTY_ASSIGNED_CONTEXT ( ( #1141 ) ) GLOBAL_UNIT_ASSIGNED_CONTEXT ( ( #3251, #4979, #5398 ) ) REPRESENTATION_CONTEXT ( 'NONE', 'WORKASPACE' ) );
#4323 = DIRECTION ( 'NONE',  ( -0.0000000000000000000, 0.0000000000000000000, -1.000000000000000000 ) ) ;
#4324 = VERTEX_POINT ( 'NONE', #1837 ) ;
#4325 = DIRECTION ( 'NONE',  ( 1.000000000000000000, 0.0000000000000000000, -0.0000000000000000000 ) ) ;
#4326 = CARTESIAN_POINT ( 'NONE',  ( -5.080000000000015200, 2.039999999999998700, 4.000000000000000000 ) ) ;
#4327 = ORIENTED_EDGE ( 'NONE', *, *, #2286, .T. ) ;
#4328 = CARTESIAN_POINT ( 'NONE',  ( 2.540000000000000000, 1.477820323027566600, 9.000000000000001800 ) ) ;
#4329 = ADVANCED_FACE ( 'NONE', ( #2056 ), #61, .T. ) ;
#4330 = ORIENTED_EDGE ( 'NONE', *, *, #2864, .T. ) ;
#4331 = EDGE_CURVE ( 'NONE', #4324, #5245, #3403, .T. ) ;
#4332 =( NAMED_UNIT ( * ) SI_UNIT ( $, .STERADIAN. ) SOLID_ANGLE_UNIT ( ) );
#4333 = ORIENTED_EDGE ( 'NONE', *, *, #2035, .F. ) ;
#4334 = LINE ( 'NONE', #3550, #3214 ) ;
#4335 = CARTESIAN_POINT ( 'NONE',  ( 2.140000000000016100, 2.439999999999997300, 1.400000000000000100 ) ) ;
#4336 = ORIENTED_EDGE ( 'NONE', *, *, #2330, .F. ) ;
#4337 = EDGE_LOOP ( 'NONE', ( #5242, #2449, #193, #1569, #814, #2395, #5091, #5554 ) ) ;
#4338 = DIRECTION ( 'NONE',  ( 0.7071067811865469100, -0.7071067811865482400, 0.0000000000000000000 ) ) ;
#4339 = AXIS2_PLACEMENT_3D ( 'NONE', #1657, #842, #5545 ) ;
#4340 = ORIENTED_EDGE ( 'NONE', *, *, #1565, .F. ) ;
#4341 = LINE ( 'NONE', #4788, #2079 ) ;
#4342 = SURFACE_STYLE_USAGE ( .BOTH. , #3926 ) ;
#4343 = EDGE_CURVE ( 'NONE', #333, #237, #5129, .T. ) ;
#4344 = EDGE_LOOP ( 'NONE', ( #1921, #423, #721, #5012 ) ) ;
#4345 = DIRECTION ( 'NONE',  ( -1.000000000000000000, 0.0000000000000000000, 0.0000000000000000000 ) ) ;
#4346 = VECTOR ( 'NONE', #1542, 1000.000000000000000 ) ;
#4347 = ORIENTED_EDGE ( 'NONE', *, *, #4756, .T. ) ;
#4348 = UNCERTAINTY_MEASURE_WITH_UNIT (LENGTH_MEASURE( 1.000000000000000100E-005 ), #4686, 'distance_accuracy_value', 'NONE');
#4349 = CARTESIAN_POINT ( 'NONE',  ( -5.080000000000015200, 2.038999999999999700, 1.900000000000000100 ) ) ;
#4350 = ORIENTED_EDGE ( 'NONE', *, *, #527, .F. ) ;
#4351 = LINE ( 'NONE', #3657, #2025 ) ;
#4352 = CARTESIAN_POINT ( 'NONE',  ( 1.584999999999995300, 0.9550000000000102900, 4.000000000000000000 ) ) ;
#4353 = FACE_OUTER_BOUND ( 'NONE', #2259, .T. ) ;
#4354 = LINE ( 'NONE', #550, #4767 ) ;
#4355 = CARTESIAN_POINT ( 'NONE',  ( 4.125000000000001800, -4.999999999999998200, -0.2078203230275552600 ) ) ;
#4356 = EDGE_CURVE ( 'NONE', #2730, #2490, #715, .T. ) ;
#4357 = PRESENTATION_LAYER_ASSIGNMENT (  '', '', ( #4472 ) ) ;
#4358 = EDGE_LOOP ( 'NONE', ( #5367, #5431, #1925, #80 ) ) ;
#4359 = LINE ( 'NONE', #2738, #4967 ) ;
#4360 = LINE ( 'NONE', #5030, #2699 ) ;
#4361 =( NAMED_UNIT ( * ) SI_UNIT ( $, .STERADIAN. ) SOLID_ANGLE_UNIT ( ) );
#4362 = CARTESIAN_POINT ( 'NONE',  ( 1.584999999999995300, 0.9550000000000102900, 1.400000000000000100 ) ) ;
#4363 = CARTESIAN_POINT ( 'NONE',  ( -2.139999999999989000, 2.038999999999999700, 1.900000000000000100 ) ) ;
#4364 = EDGE_CURVE ( 'NONE', #1021, #1728, #1851, .T. ) ;
#4365 = CARTESIAN_POINT ( 'NONE',  ( -1.584999999999996600, -4.599999999999992500, -0.3150000000000042200 ) ) ;
#4366 = ADVANCED_FACE ( 'NONE', ( #3793 ), #2629, .F. ) ;
#4367 = VECTOR ( 'NONE', #4960, 1000.000000000000000 ) ;
#4368 = FACE_OUTER_BOUND ( 'NONE', #4205, .T. ) ;
#4369 = EDGE_CURVE ( 'NONE', #1397, #2472, #310, .T. ) ;
#4370 = CARTESIAN_POINT ( 'NONE',  ( 3.495000000000003200, 0.7700000000000000200, 0.5000000000000000000 ) ) ;
#4371 = VECTOR ( 'NONE', #3122, 1000.000000000000000 ) ;
#4372 = DIRECTION ( 'NONE',  ( 1.000000000000000000, -0.0000000000000000000, -0.0000000000000000000 ) ) ;
#4373 = ORIENTED_EDGE ( 'NONE', *, *, #3451, .T. ) ;
#4374 = VERTEX_POINT ( 'NONE', #5259 ) ;
#4375 = DIRECTION ( 'NONE',  ( 1.000000000000000000, 0.0000000000000000000, 0.0000000000000000000 ) ) ;
#4376 = CARTESIAN_POINT ( 'NONE',  ( -3.495000000000005000, 0.9550000000000102900, 4.000000000000000000 ) ) ;
#4377 = LINE ( 'NONE', #2914, #1500 ) ;
#4378 = DIRECTION ( 'NONE',  ( -0.0000000000000000000, -0.0000000000000000000, 1.000000000000000000 ) ) ;
#4379 = AXIS2_PLACEMENT_3D ( 'NONE', #3232, #5400, #4998 ) ;
#4380 = CARTESIAN_POINT ( 'NONE',  ( 2.940000000000011900, 0.5009999999999865700, 1.899999999999999900 ) ) ;
#4381 = PRESENTATION_LAYER_ASSIGNMENT (  '', '', ( #934 ) ) ;
#4382 = SURFACE_SIDE_STYLE ('',( #3914 ) ) ;
#4383 = CARTESIAN_POINT ( 'NONE',  ( 2.940000000000011000, 2.540000000000000000, 2.450000000000000200 ) ) ;
#4384 = CARTESIAN_POINT ( 'NONE',  ( 3.040000000000000000, 2.606599254992157300E-016, 4.000000000000000000 ) ) ;
#4385 = AXIS2_PLACEMENT_3D ( 'NONE', #3390, #2951, #3829 ) ;
#4386 = DIRECTION ( 'NONE',  ( 0.0000000000000000000, 0.0000000000000000000, -1.000000000000000000 ) ) ;
#4387 = ORIENTED_EDGE ( 'NONE', *, *, #1426, .T. ) ;
#4388 = CARTESIAN_POINT ( 'NONE',  ( 0.9550000000000036200, 0.9550000000000048500, 0.4999999999999982800 ) ) ;
#4389 = DIRECTION ( 'NONE',  ( 0.0000000000000000000, -1.000000000000000000, 0.0000000000000000000 ) ) ;
#4390 = VERTEX_POINT ( 'NONE', #3479 ) ;
#4391 = LINE ( 'NONE', #1305, #2928 ) ;
#4392 = EDGE_CURVE ( 'NONE', #5297, #3317, #638, .T. ) ;
#4393 =( NAMED_UNIT ( * ) PLANE_ANGLE_UNIT ( ) SI_UNIT ( $, .RADIAN. ) );
#4394 = AXIS2_PLACEMENT_3D ( 'NONE', #4228, #1674, #3443 ) ;
#4395 =( NAMED_UNIT ( * ) SI_UNIT ( $, .STERADIAN. ) SOLID_ANGLE_UNIT ( ) );
#4396 = ADVANCED_FACE ( 'NONE', ( #161 ), #3642, .F. ) ;
#4397 = SURFACE_SIDE_STYLE ('',( #2640 ) ) ;
#4398 = ORIENTED_EDGE ( 'NONE', *, *, #1187, .F. ) ;
#4399 = EDGE_CURVE ( 'NONE', #1062, #230, #4598, .T. ) ;
#4400 = ORIENTED_EDGE ( 'NONE', *, *, #1228, .T. ) ;
#4401 = DIRECTION ( 'NONE',  ( -1.000000000000000000, 0.0000000000000000000, 0.0000000000000000000 ) ) ;
#4402 = VERTEX_POINT ( 'NONE', #616 ) ;
#4403 = DIRECTION ( 'NONE',  ( 0.7071067811865469100, 0.7071067811865482400, -0.0000000000000000000 ) ) ;
#4404 = EDGE_CURVE ( 'NONE', #2549, #383, #1777, .T. ) ;
#4405 = CARTESIAN_POINT ( 'NONE',  ( -1.584999999999996600, 2.038999999999999700, 1.900000000000000100 ) ) ;
#4406 = UNCERTAINTY_MEASURE_WITH_UNIT (LENGTH_MEASURE( 1.000000000000000100E-005 ), #4047, 'distance_accuracy_value', 'NONE');
#4407 = ORIENTED_EDGE ( 'NONE', *, *, #120, .F. ) ;
#4408 = DIRECTION ( 'NONE',  ( 1.000000000000000000, 0.0000000000000000000, -0.0000000000000000000 ) ) ;
#4409 = EDGE_LOOP ( 'NONE', ( #2546, #2304, #5213, #2680 ) ) ;
#4410 = CARTESIAN_POINT ( 'NONE',  ( 0.9550000000000036200, 0.9550000000000102900, 1.400000000000000100 ) ) ;
#4411 = AXIS2_PLACEMENT_3D ( 'NONE', #3188, #5353, #2785 ) ;
#4412 = CIRCLE ( 'NONE', #4142, 0.1850000000000048300 ) ;
#4413 = SURFACE_STYLE_USAGE ( .BOTH. , #2701 ) ;
#4414 = CARTESIAN_POINT ( 'NONE',  ( 0.9550000000000036200, 1.585000000000008800, 4.000000000000000000 ) ) ;
#4415 = ORIENTED_EDGE ( 'NONE', *, *, #3046, .F. ) ;
#4416 = LINE ( 'NONE', #4825, #1871 ) ;
#4417 = DIRECTION ( 'NONE',  ( -0.2505628070857293700, 0.2505628070857293700, -0.9351131265310305100 ) ) ;
#4418 = VECTOR ( 'NONE', #2052, 1000.000000000000000 ) ;
#4419 = ORIENTED_EDGE ( 'NONE', *, *, #4073, .F. ) ;
#4420 = ORIENTED_EDGE ( 'NONE', *, *, #1319, .F. ) ;
#4421 = STYLED_ITEM ( 'NONE', ( #3777 ), #2197 ) ;
#4422 = SURFACE_STYLE_USAGE ( .BOTH. , #4382 ) ;
#4423 = STYLED_ITEM ( 'NONE', ( #4099 ), #806 ) ;
#4424 = CARTESIAN_POINT ( 'NONE',  ( -1.584999999999996600, -4.599999999999992500, 0.3149999999999944000 ) ) ;
#4425 = FACE_OUTER_BOUND ( 'NONE', #991, .T. ) ;
#4426 = CARTESIAN_POINT ( 'NONE',  ( 4.579999999999986700, 0.0000000000000000000, 1.400000000000000100 ) ) ;
#4427 = ADVANCED_FACE ( 'NONE', ( #5057 ), #3594, .F. ) ;
#4428 = EDGE_CURVE ( 'NONE', #36, #3590, #3055, .T. ) ;
#4429 = DIRECTION ( 'NONE',  ( 0.0000000000000000000, -2.660618828185275700E-016, -1.000000000000000000 ) ) ;
#4430 = AXIS2_PLACEMENT_3D ( 'NONE', #4546, #5454, #5430 ) ;
#4431 = CARTESIAN_POINT ( 'NONE',  ( 3.040000000000014200, 2.540000000000000000, 1.400000000000000100 ) ) ;
#4432 = COLOUR_RGB ( '',1.000000000000000000, 0.8117647058823529400, 0.5019607843137254800 ) ;
#4433 = VECTOR ( 'NONE', #2441, 1000.000000000000000 ) ;
#4434 = LINE ( 'NONE', #4893, #3311 ) ;
#4435 = CARTESIAN_POINT ( 'NONE',  ( -3.602179676972453200, -4.999999999999999100, 0.2078203230275440000 ) ) ;
#4436 = VECTOR ( 'NONE', #5095, 1000.000000000000000 ) ;
#4437 = DIRECTION ( 'NONE',  ( 0.0000000000000000000, 2.168404344971009900E-016, -1.000000000000000000 ) ) ;
#4438 = ORIENTED_EDGE ( 'NONE', *, *, #318, .F. ) ;
#4439 = SURFACE_STYLE_USAGE ( .BOTH. , #2732 ) ;
#4440 = FACE_OUTER_BOUND ( 'NONE', #886, .T. ) ;
#4441 = DIRECTION ( 'NONE',  ( 0.0000000000000000000, -1.530638361156006100E-015, -1.000000000000000000 ) ) ;
#4442 = VECTOR ( 'NONE', #5478, 1000.000000000000000 ) ;
#4443 = LINE ( 'NONE', #1375, #1017 ) ;
#4444 = ORIENTED_EDGE ( 'NONE', *, *, #5569, .T. ) ;
#4445 = FILL_AREA_STYLE_COLOUR ( '', #3627 ) ;
#4446 = ORIENTED_EDGE ( 'NONE', *, *, #3962, .T. ) ;
#4447 = LINE ( 'NONE', #2100, #3319 ) ;
#4448 =( NAMED_UNIT ( * ) PLANE_ANGLE_UNIT ( ) SI_UNIT ( $, .RADIAN. ) );
#4449 = LINE ( 'NONE', #1950, #1025 ) ;
#4450 = ORIENTED_EDGE ( 'NONE', *, *, #2044, .F. ) ;
#4451 =( NAMED_UNIT ( * ) SI_UNIT ( $, .STERADIAN. ) SOLID_ANGLE_UNIT ( ) );
#4452 =( NAMED_UNIT ( * ) PLANE_ANGLE_UNIT ( ) SI_UNIT ( $, .RADIAN. ) );
#4453 = FACE_OUTER_BOUND ( 'NONE', #4275, .T. ) ;
#4454 = DIRECTION ( 'NONE',  ( 0.0000000000000000000, -0.2588190451025166900, -0.9659258262890694200 ) ) ;
#4455 =( LENGTH_UNIT ( ) NAMED_UNIT ( * ) SI_UNIT ( .MILLI., .METRE. ) );
#4456 = SURFACE_STYLE_USAGE ( .BOTH. , #1460 ) ;
#4457 = FACE_OUTER_BOUND ( 'NONE', #3865, .T. ) ;
#4458 = ORIENTED_EDGE ( 'NONE', *, *, #379, .F. ) ;
#4459 = VECTOR ( 'NONE', #5553, 1000.000000000000000 ) ;
#4460 = DIRECTION ( 'NONE',  ( -0.0000000000000000000, -1.000000000000000000, -0.0000000000000000000 ) ) ;
#4461 = CARTESIAN_POINT ( 'NONE',  ( 2.940000000000011900, 2.038999999999999700, 1.900000000000000100 ) ) ;
#4462 = AXIS2_PLACEMENT_3D ( 'NONE', #2338, #631, #1494 ) ;
#4463 = DIRECTION ( 'NONE',  ( 0.0000000000000000000, -1.000000000000000000, -2.168404344971009900E-016 ) ) ;
#4464 = ORIENTED_EDGE ( 'NONE', *, *, #349, .F. ) ;
#4465 = VECTOR ( 'NONE', #4378, 1000.000000000000000 ) ;
#4466 = FACE_OUTER_BOUND ( 'NONE', #467, .T. ) ;
#4467 = DIRECTION ( 'NONE',  ( 1.000000000000000000, -0.0000000000000000000, -0.0000000000000000000 ) ) ;
#4468 = EDGE_CURVE ( 'NONE', #888, #3964, #4606, .T. ) ;
#4469 = CARTESIAN_POINT ( 'NONE',  ( -2.139999999999989000, 2.439999999999997300, 1.400000000000000100 ) ) ;
#4470 = ORIENTED_EDGE ( 'NONE', *, *, #1996, .F. ) ;
#4471 = SURFACE_SIDE_STYLE ('',( #3242 ) ) ;
#4472 = STYLED_ITEM ( 'NONE', ( #3062 ), #4524 ) ;
#4473 = DIRECTION ( 'NONE',  ( 1.000000000000000000, 0.0000000000000000000, 0.0000000000000000000 ) ) ;
#4474 = SURFACE_SIDE_STYLE ('',( #5035 ) ) ;
#4475 = ORIENTED_EDGE ( 'NONE', *, *, #1378, .T. ) ;
#4476 = ORIENTED_EDGE ( 'NONE', *, *, #3697, .F. ) ;
#4477 = CARTESIAN_POINT ( 'NONE',  ( -1.584999999999996600, 0.9550000000000102900, 1.900000000000000100 ) ) ;
#4478 = UNCERTAINTY_MEASURE_WITH_UNIT (LENGTH_MEASURE( 1.000000000000000100E-005 ), #1450, 'distance_accuracy_value', 'NONE');
#4479 = DIRECTION ( 'NONE',  ( 1.000000000000000000, 0.0000000000000000000, -0.0000000000000000000 ) ) ;
#4480 = DIRECTION ( 'NONE',  ( -1.000000000000000000, 0.0000000000000000000, 0.0000000000000000000 ) ) ;
#4481 = EDGE_CURVE ( 'NONE', #4754, #703, #1036, .T. ) ;
#4482 = ORIENTED_EDGE ( 'NONE', *, *, #4508, .T. ) ;
#4483 = CARTESIAN_POINT ( 'NONE',  ( 5.079999999999987600, 0.5009999999999865700, 1.899999999999999900 ) ) ;
#4484 = ADVANCED_FACE ( 'NONE', ( #3929 ), #1459, .F. ) ;
#4485 = ORIENTED_EDGE ( 'NONE', *, *, #2397, .F. ) ;
#4486 = DIRECTION ( 'NONE',  ( 0.9659258262890690900, -0.2588190451025180200, 1.020338404903377500E-014 ) ) ;
#4487 = FACE_OUTER_BOUND ( 'NONE', #2955, .T. ) ;
#4488 = ORIENTED_EDGE ( 'NONE', *, *, #4724, .F. ) ;
#4489 = EDGE_CURVE ( 'NONE', #3043, #443, #3672, .T. ) ;
#4490 = ORIENTED_EDGE ( 'NONE', *, *, #1791, .F. ) ;
#4491 = AXIS2_PLACEMENT_3D ( 'NONE', #2156, #5142, #445 ) ;
#4492 = VECTOR ( 'NONE', #3940, 999.9999999999998900 ) ;
#4493 = EDGE_LOOP ( 'NONE', ( #3497, #3976, #5443, #1417 ) ) ;
#4494 =( NAMED_UNIT ( * ) SI_UNIT ( $, .STERADIAN. ) SOLID_ANGLE_UNIT ( ) );
#4495 = ORIENTED_EDGE ( 'NONE', *, *, #769, .F. ) ;
#4496 = CARTESIAN_POINT ( 'NONE',  ( -5.080000000000015200, 2.540000000000000000, 1.400000000000000100 ) ) ;
#4497 = COLOUR_RGB ( '',1.000000000000000000, 0.8117647058823529400, 0.5019607843137254800 ) ;
#4498 = LINE ( 'NONE', #4483, #4572 ) ;
#4499 = CARTESIAN_POINT ( 'NONE',  ( 3.040000000000014200, 2.540000000000000000, 2.450000000000000200 ) ) ;
#4500 = STYLED_ITEM ( 'NONE', ( #2293 ), #2720 ) ;
#4501 = VECTOR ( 'NONE', #5538, 1000.000000000000000 ) ;
#4502 = CARTESIAN_POINT ( 'NONE',  ( 0.5000000000000000000, 2.606599254992157300E-016, 1.400000000000000100 ) ) ;
#4503 = VERTEX_POINT ( 'NONE', #235 ) ;
#4504 = DIRECTION ( 'NONE',  ( 0.0000000000000000000, -0.0000000000000000000, -1.000000000000000000 ) ) ;
#4505 = VECTOR ( 'NONE', #2232, 1000.000000000000000 ) ;
#4506 = PRESENTATION_STYLE_ASSIGNMENT (( #1514 ) ) ;
#4507 = VECTOR ( 'NONE', #3202, 999.9999999999998900 ) ;
#4508 = EDGE_CURVE ( 'NONE', #3999, #2773, #1655, .T. ) ;
#4509 = DIRECTION ( 'NONE',  ( -0.2505628070857315900, -0.9351131265310304000, 0.2505628070857276500 ) ) ;
#4510 = AXIS2_PLACEMENT_3D ( 'NONE', #4908, #2413, #220 ) ;
#4511 =( NAMED_UNIT ( * ) SI_UNIT ( $, .STERADIAN. ) SOLID_ANGLE_UNIT ( ) );
#4512 = CARTESIAN_POINT ( 'NONE',  ( 0.9550000000000036200, 2.038999999999999700, 1.900000000000000100 ) ) ;
#4513 = COLOUR_RGB ( '',1.000000000000000000, 0.8117647058823529400, 0.5019607843137254800 ) ;
#4514 = CARTESIAN_POINT ( 'NONE',  ( -4.084505790409926000, 0.9954942095900875000, 8.751126447602482400 ) ) ;
#4515 =( NAMED_UNIT ( * ) PLANE_ANGLE_UNIT ( ) SI_UNIT ( $, .RADIAN. ) );
#4516 = COLOUR_RGB ( '',1.000000000000000000, 0.8117647058823529400, 0.5019607843137254800 ) ;
#4517 =( LENGTH_UNIT ( ) NAMED_UNIT ( * ) SI_UNIT ( .MILLI., .METRE. ) );
#4518 = ADVANCED_FACE ( 'NONE', ( #5411 ), #4567, .F. ) ;
#4519 = ORIENTED_EDGE ( 'NONE', *, *, #478, .F. ) ;
#4520 = EDGE_CURVE ( 'NONE', #4677, #3238, #3130, .T. ) ;
#4521 = DIRECTION ( 'NONE',  ( -0.0000000000000000000, 1.530638361156006100E-015, 1.000000000000000000 ) ) ;
#4522 = LINE ( 'NONE', #293, #891 ) ;
#4523 = CARTESIAN_POINT ( 'NONE',  ( 1.585000000000002200, 0.7700000000000006800, -0.3150000000000034400 ) ) ;
#4524 = ADVANCED_FACE ( 'NONE', ( #4466 ), #4994, .F. ) ;
#4525 = FILL_AREA_STYLE_COLOUR ( '', #3249 ) ;
#4526 = DIRECTION ( 'NONE',  ( 0.0000000000000000000, -1.000000000000000000, 0.0000000000000000000 ) ) ;
#4527 = CARTESIAN_POINT ( 'NONE',  ( -2.939999999999984400, 2.038999999999999700, 1.400000000000000100 ) ) ;
#4528 = CARTESIAN_POINT ( 'NONE',  ( 1.585000000000002200, -4.599999999999992500, -0.3150000000000042200 ) ) ;
#4529 = CARTESIAN_POINT ( 'NONE',  ( -0.9549999999999979600, -4.599999999999992500, -0.3150000000000042200 ) ) ;
#4530 = ORIENTED_EDGE ( 'NONE', *, *, #2138, .F. ) ;
#4531 = VECTOR ( 'NONE', #1203, 1000.000000000000000 ) ;
#4532 = CARTESIAN_POINT ( 'NONE',  ( -4.580000000000014300, 2.540000000000000000, 4.000000000000000000 ) ) ;
#4533 = CARTESIAN_POINT ( 'NONE',  ( 3.495000000000003200, 1.585000000000003500, 0.4999999999999982800 ) ) ;
#4534 = CARTESIAN_POINT ( 'NONE',  ( 2.940000000000011000, 2.540000000000000000, 1.400000000000000100 ) ) ;
#4535 = ORIENTED_EDGE ( 'NONE', *, *, #3367, .F. ) ;
#4536 = VECTOR ( 'NONE', #1376, 1000.000000000000000 ) ;
#4537 = STYLED_ITEM ( 'NONE', ( #4835 ), #276 ) ;
#4538 = SURFACE_SIDE_STYLE ('',( #4627 ) ) ;
#4539 =( NAMED_UNIT ( * ) PLANE_ANGLE_UNIT ( ) SI_UNIT ( $, .RADIAN. ) );
#4540 = ORIENTED_EDGE ( 'NONE', *, *, #2008, .T. ) ;
#4541 = EDGE_CURVE ( 'NONE', #42, #5500, #3995, .T. ) ;
#4542 = MECHANICAL_DESIGN_GEOMETRIC_PRESENTATION_REPRESENTATION (  '', ( #2539 ), #4824 ) ;
#4543 = CARTESIAN_POINT ( 'NONE',  ( 3.495000000000003200, 0.9550000000000172800, 8.599999999999996100 ) ) ;
#4544 = ORIENTED_EDGE ( 'NONE', *, *, #5294, .T. ) ;
#4545 = ORIENTED_EDGE ( 'NONE', *, *, #5505, .F. ) ;
#4546 = CARTESIAN_POINT ( 'NONE',  ( -1.584999999999996600, -4.999999999999998200, -0.3150000000000042800 ) ) ;
#4547 = SURFACE_STYLE_USAGE ( .BOTH. , #5394 ) ;
#4548 = EDGE_CURVE ( 'NONE', #2472, #1472, #974, .T. ) ;
#4549 = DIRECTION ( 'NONE',  ( -0.0000000000000000000, 1.000000000000000000, 1.517583580067741800E-016 ) ) ;
#4550 = EDGE_LOOP ( 'NONE', ( #564, #5464, #5558, #738, #2522, #336, #3459, #174 ) ) ;
#4551 = ADVANCED_FACE ( 'NONE', ( #4664 ), #2027, .T. ) ;
#4552 = PLANE ( 'NONE',  #3637 ) ;
#4553 = EDGE_LOOP ( 'NONE', ( #1959, #4156, #781, #2727 ) ) ;
#4554 = CARTESIAN_POINT ( 'NONE',  ( -3.535494209590078100, 0.9954942095900907200, 8.751126447602494800 ) ) ;
#4555 =( NAMED_UNIT ( * ) SI_UNIT ( $, .STERADIAN. ) SOLID_ANGLE_UNIT ( ) );
#4556 = EDGE_LOOP ( 'NONE', ( #1876, #3060, #5164, #2428 ) ) ;
#4557 = ORIENTED_EDGE ( 'NONE', *, *, #5114, .F. ) ;
#4558 = LINE ( 'NONE', #342, #3701 ) ;
#4559 = ORIENTED_EDGE ( 'NONE', *, *, #1279, .T. ) ;
#4560 =( NAMED_UNIT ( * ) SI_UNIT ( $, .STERADIAN. ) SOLID_ANGLE_UNIT ( ) );
#4561 = VERTEX_POINT ( 'NONE', #4533 ) ;
#4562 =( LENGTH_UNIT ( ) NAMED_UNIT ( * ) SI_UNIT ( .MILLI., .METRE. ) );
#4563 = EDGE_CURVE ( 'NONE', #2773, #47, #2058, .T. ) ;
#4564 = CARTESIAN_POINT ( 'NONE',  ( 0.0000000000000000000, 0.0000000000000000000, 0.0000000000000000000 ) ) ;
#4565 = LINE ( 'NONE', #735, #2886 ) ;
#4566 = PLANE ( 'NONE',  #4241 ) ;
#4567 = PLANE ( 'NONE',  #5218 ) ;
#4568 = MECHANICAL_DESIGN_GEOMETRIC_PRESENTATION_REPRESENTATION (  '', ( #830 ), #4267 ) ;
#4569 = VECTOR ( 'NONE', #4817, 1000.000000000000000 ) ;
#4570 = DIRECTION ( 'NONE',  ( 0.0000000000000000000, -1.000000000000000000, 0.0000000000000000000 ) ) ;
#4571 = VECTOR ( 'NONE', #709, 1000.000000000000000 ) ;
#4572 = VECTOR ( 'NONE', #1440, 1000.000000000000000 ) ;
#4573 = CARTESIAN_POINT ( 'NONE',  ( 0.9550000000000036200, -4.599999999999992500, 0.3149999999999944000 ) ) ;
#4574 = PRESENTATION_LAYER_ASSIGNMENT (  '', '', ( #4746 ) ) ;
#4575 = FACE_OUTER_BOUND ( 'NONE', #3534, .T. ) ;
#4576 = VECTOR ( 'NONE', #1428, 1000.000000000000000 ) ;
#4577 = CARTESIAN_POINT ( 'NONE',  ( 0.4000000000000110100, 0.09999999999999202600, 1.400000000000000100 ) ) ;
#4578 = ADVANCED_FACE ( 'NONE', ( #5552 ), #3658, .T. ) ;
#4579 = LINE ( 'NONE', #4920, #2301 ) ;
#4580 =( NAMED_UNIT ( * ) PLANE_ANGLE_UNIT ( ) SI_UNIT ( $, .RADIAN. ) );
#4581 = VERTEX_POINT ( 'NONE', #2844 ) ;
#4582 = EDGE_LOOP ( 'NONE', ( #4045, #4872, #3229, #2486 ) ) ;
#4583 = EDGE_CURVE ( 'NONE', #1570, #4708, #4127, .T. ) ;
#4584 = CARTESIAN_POINT ( 'NONE',  ( -4.124999999999996400, 0.7699999999999998000, 0.3149999999999951700 ) ) ;
#4585 = DIRECTION ( 'NONE',  ( 1.101411730778927800E-014, 1.000000000000000000, 1.409885789968134100E-016 ) ) ;
#4586 = VECTOR ( 'NONE', #2722, 999.9999999999998900 ) ;
#4587 = PLANE ( 'NONE',  #1908 ) ;
#4588 = ORIENTED_EDGE ( 'NONE', *, *, #3336, .F. ) ;
#4589 = FILL_AREA_STYLE_COLOUR ( '', #1041 ) ;
#4590 = CARTESIAN_POINT ( 'NONE',  ( 4.579999999999985900, 0.0000000000000000000, 4.000000000000000000 ) ) ;
#4591 = EDGE_CURVE ( 'NONE', #838, #4141, #4190, .T. ) ;
#4592 = FACE_OUTER_BOUND ( 'NONE', #3196, .T. ) ;
#4593 = CARTESIAN_POINT ( 'NONE',  ( 4.124999999999994700, 0.9550000000000100600, 0.4999999999999982800 ) ) ;
#4594 = LINE ( 'NONE', #528, #5402 ) ;
#4595 = CARTESIAN_POINT ( 'NONE',  ( -3.602179676972448800, 1.477820323027566600, 9.000000000000001800 ) ) ;
#4596 = SURFACE_STYLE_USAGE ( .BOTH. , #1600 ) ;
#4597 = ORIENTED_EDGE ( 'NONE', *, *, #5526, .T. ) ;
#4598 = LINE ( 'NONE', #988, #1386 ) ;
#4599 = PLANE ( 'NONE',  #1769 ) ;
#4600 =( NAMED_UNIT ( * ) SI_UNIT ( $, .STERADIAN. ) SOLID_ANGLE_UNIT ( ) );
#4601 = CARTESIAN_POINT ( 'NONE',  ( -4.124999999999996400, 0.9550000000000102900, 1.400000000000000100 ) ) ;
#4602 = DIRECTION ( 'NONE',  ( 0.0000000000000000000, -1.000000000000000000, -2.168404344971009900E-016 ) ) ;
#4603 = ADVANCED_FACE ( 'NONE', ( #1853 ), #277, .F. ) ;
#4604 = VERTEX_POINT ( 'NONE', #1226 ) ;
#4605 = LINE ( 'NONE', #2452, #718 ) ;
#4606 = LINE ( 'NONE', #578, #5480 ) ;
#4607 =( NAMED_UNIT ( * ) SI_UNIT ( $, .STERADIAN. ) SOLID_ANGLE_UNIT ( ) );
#4608 =( GEOMETRIC_REPRESENTATION_CONTEXT ( 3 ) GLOBAL_UNCERTAINTY_ASSIGNED_CONTEXT ( ( #3330 ) ) GLOBAL_UNIT_ASSIGNED_CONTEXT ( ( #5319, #4005, #576 ) ) REPRESENTATION_CONTEXT ( 'NONE', 'WORKASPACE' ) );
#4609 = UNCERTAINTY_MEASURE_WITH_UNIT (LENGTH_MEASURE( 1.000000000000000100E-005 ), #2780, 'distance_accuracy_value', 'NONE');
#4610 = ORIENTED_EDGE ( 'NONE', *, *, #2181, .T. ) ;
#4611 = CARTESIAN_POINT ( 'NONE',  ( 4.017820323027545500, -4.999999999999999100, 0.3149999999999931700 ) ) ;
#4612 = ORIENTED_EDGE ( 'NONE', *, *, #1096, .T. ) ;
#4613 = PLANE ( 'NONE',  #3906 ) ;
#4614 = EDGE_CURVE ( 'NONE', #2805, #3145, #3272, .T. ) ;
#4615 = ORIENTED_EDGE ( 'NONE', *, *, #1718, .F. ) ;
#4616 = AXIS2_PLACEMENT_3D ( 'NONE', #5413, #2896, #4989 ) ;
#4617 =( LENGTH_UNIT ( ) NAMED_UNIT ( * ) SI_UNIT ( .MILLI., .METRE. ) );
#4618 = CARTESIAN_POINT ( 'NONE',  ( 0.9550000000000036200, 0.9550000000000048500, 0.5000000000000004400 ) ) ;
#4619 = ORIENTED_EDGE ( 'NONE', *, *, #980, .T. ) ;
#4620 = LINE ( 'NONE', #4362, #1209 ) ;
#4621 = ORIENTED_EDGE ( 'NONE', *, *, #3788, .F. ) ;
#4622 = VECTOR ( 'NONE', #363, 1000.000000000000000 ) ;
#4623 = ORIENTED_EDGE ( 'NONE', *, *, #3807, .T. ) ;
#4624 = EDGE_CURVE ( 'NONE', #756, #888, #1119, .T. ) ;
#4625 = ORIENTED_EDGE ( 'NONE', *, *, #2506, .T. ) ;
#4626 = SURFACE_STYLE_FILL_AREA ( #5288 ) ;
#4627 = SURFACE_STYLE_FILL_AREA ( #1156 ) ;
#4628 = ORIENTED_EDGE ( 'NONE', *, *, #1886, .F. ) ;
#4629 = ORIENTED_EDGE ( 'NONE', *, *, #5001, .T. ) ;
#4630 = VECTOR ( 'NONE', #1980, 999.9999999999998900 ) ;
#4631 = DIRECTION ( 'NONE',  ( -0.0000000000000000000, -0.0000000000000000000, 1.000000000000000000 ) ) ;
#4632 = ADVANCED_FACE ( 'NONE', ( #2662 ), #358, .T. ) ;
#4633 = LINE ( 'NONE', #1913, #1624 ) ;
#4634 = DIRECTION ( 'NONE',  ( -0.7071067811865482400, -0.7071067811865469100, 0.0000000000000000000 ) ) ;
#4635 = CARTESIAN_POINT ( 'NONE',  ( -0.9550000000000048500, 0.9550000000000100600, 0.4999999999999982800 ) ) ;
#4636 = EDGE_CURVE ( 'NONE', #5483, #3964, #2854, .T. ) ;
#4637 = DIRECTION ( 'NONE',  ( 1.000000000000000000, 0.0000000000000000000, -0.0000000000000000000 ) ) ;
#4638 = CARTESIAN_POINT ( 'NONE',  ( 1.344410693882025500E-014, 0.5000000000000004400, 4.000000000000000000 ) ) ;
#4639 = ORIENTED_EDGE ( 'NONE', *, *, #3616, .F. ) ;
#4640 = LINE ( 'NONE', #3105, #2157 ) ;
#4641 = LINE ( 'NONE', #3754, #67 ) ;
#4642 = FACE_OUTER_BOUND ( 'NONE', #1117, .T. ) ;
#4643 = CARTESIAN_POINT ( 'NONE',  ( 2.140000000000016100, 2.540000000000000000, 1.400000000000000100 ) ) ;
#4644 = CARTESIAN_POINT ( 'NONE',  ( -5.080000000000015200, 2.038999999999999700, 1.900000000000000100 ) ) ;
#4645 = AXIS2_PLACEMENT_3D ( 'NONE', #5197, #23, #3924 ) ;
#4646 = FACE_OUTER_BOUND ( 'NONE', #2256, .T. ) ;
#4647 = EDGE_CURVE ( 'NONE', #5219, #5019, #2656, .T. ) ;
#4648 = CARTESIAN_POINT ( 'NONE',  ( -4.124999999999996400, 1.585000000000016000, 8.599999999999996100 ) ) ;
#4649 = AXIS2_PLACEMENT_3D ( 'NONE', #1524, #308, #3316 ) ;
#4650 = LINE ( 'NONE', #970, #1176 ) ;
#4651 = ORIENTED_EDGE ( 'NONE', *, *, #1752, .T. ) ;
#4652 = CARTESIAN_POINT ( 'NONE',  ( 0.9550000000000036200, -4.999999999999999100, 0.2078203230275440000 ) ) ;
#4653 = UNCERTAINTY_MEASURE_WITH_UNIT (LENGTH_MEASURE( 1.000000000000000100E-005 ), #1198, 'distance_accuracy_value', 'NONE');
#4654 = EDGE_CURVE ( 'NONE', #1728, #3868, #5544, .T. ) ;
#4655 = AXIS2_PLACEMENT_3D ( 'NONE', #2343, #2365, #1084 ) ;
#4656 = CARTESIAN_POINT ( 'NONE',  ( -4.124999999999996400, -4.599999999999992500, 0.3149999999999944000 ) ) ;
#4657 = ADVANCED_FACE ( 'NONE', ( #3664 ), #2059, .T. ) ;
#4658 = ORIENTED_EDGE ( 'NONE', *, *, #839, .T. ) ;
#4659 = COLOUR_RGB ( '',1.000000000000000000, 0.8117647058823529400, 0.5019607843137254800 ) ;
#4660 = EDGE_CURVE ( 'NONE', #2580, #4070, #4184, .T. ) ;
#4661 = FILL_AREA_STYLE ('',( #1670 ) ) ;
#4662 = CARTESIAN_POINT ( 'NONE',  ( 0.9954942095900740600, 0.9954942095900875000, 8.751126447602482400 ) ) ;
#4663 = ORIENTED_EDGE ( 'NONE', *, *, #3344, .F. ) ;
#4664 = FACE_OUTER_BOUND ( 'NONE', #5282, .T. ) ;
#4665 = EDGE_CURVE ( 'NONE', #1029, #2540, #1910, .T. ) ;
#4666 = DIRECTION ( 'NONE',  ( 0.0000000000000000000, -1.530638361156006100E-015, -1.000000000000000000 ) ) ;
#4667 =( NAMED_UNIT ( * ) PLANE_ANGLE_UNIT ( ) SI_UNIT ( $, .RADIAN. ) );
#4668 = ORIENTED_EDGE ( 'NONE', *, *, #4689, .T. ) ;
#4669 = STYLED_ITEM ( 'NONE', ( #3504 ), #1158 ) ;
#4670 = DIRECTION ( 'NONE',  ( -0.0000000000000000000, -0.0000000000000000000, 1.000000000000000000 ) ) ;
#4671 = PLANE ( 'NONE',  #1381 ) ;
#4672 = DIRECTION ( 'NONE',  ( -0.0000000000000000000, -0.0000000000000000000, 1.000000000000000000 ) ) ;
#4673 = EDGE_LOOP ( 'NONE', ( #5354, #5273, #3726, #2420 ) ) ;
#4674 = EDGE_LOOP ( 'NONE', ( #344, #787, #3950, #599, #1893, #3987 ) ) ;
#4675 = CARTESIAN_POINT ( 'NONE',  ( 3.495000000000003200, -4.599999999999992500, 0.3149999999999944000 ) ) ;
#4676 = AXIS2_PLACEMENT_3D ( 'NONE', #2726, #151, #1423 ) ;
#4677 = VERTEX_POINT ( 'NONE', #5514 ) ;
#4678 = CARTESIAN_POINT ( 'NONE',  ( 0.5000000000000138800, 2.540000000000000000, 1.400000000000000100 ) ) ;
#4679 = VERTEX_POINT ( 'NONE', #5085 ) ;
#4680 = ADVANCED_FACE ( 'NONE', ( #1320 ), #5028, .T. ) ;
#4681 = EDGE_CURVE ( 'NONE', #1556, #3486, #773, .T. ) ;
#4682 = ORIENTED_EDGE ( 'NONE', *, *, #3131, .T. ) ;
#4683 = PLANE ( 'NONE',  #3640 ) ;
#4684 = VERTEX_POINT ( 'NONE', #337 ) ;
#4685 = DIRECTION ( 'NONE',  ( 0.7071067811865469100, -0.7071067811865482400, 0.0000000000000000000 ) ) ;
#4686 =( LENGTH_UNIT ( ) NAMED_UNIT ( * ) SI_UNIT ( .MILLI., .METRE. ) );
#4687 = ORIENTED_EDGE ( 'NONE', *, *, #2186, .F. ) ;
#4688 = ORIENTED_EDGE ( 'NONE', *, *, #2657, .T. ) ;
#4689 = EDGE_CURVE ( 'NONE', #3079, #4745, #900, .T. ) ;
#4690 = CARTESIAN_POINT ( 'NONE',  ( -5.080000000000015200, 2.038999999999999700, 1.900000000000000100 ) ) ;
#4691 = LINE ( 'NONE', #460, #3572 ) ;
#4692 = AXIS2_PLACEMENT_3D ( 'NONE', #5305, #5241, #4441 ) ;
#4693 = CARTESIAN_POINT ( 'NONE',  ( -4.017820323027547300, 7.589415207398531000E-015, 9.000000000000001800 ) ) ;
#4694 = PRESENTATION_STYLE_ASSIGNMENT (( #1042 ) ) ;
#4695 = PLANE ( 'NONE',  #4923 ) ;
#4696 = AXIS2_PLACEMENT_3D ( 'NONE', #3769, #2958, #386 ) ;
#4697 = VECTOR ( 'NONE', #1374, 1000.000000000000000 ) ;
#4698 = CARTESIAN_POINT ( 'NONE',  ( 3.495000000000003200, 0.9550000000000172800, 8.599999999999996100 ) ) ;
#4699 = CARTESIAN_POINT ( 'NONE',  ( -5.080000000000015200, 0.5009999999999865700, 1.899999999999999900 ) ) ;
#4700 = SURFACE_STYLE_FILL_AREA ( #3235 ) ;
#4701 = VECTOR ( 'NONE', #180, 1000.000000000000000 ) ;
#4702 = CARTESIAN_POINT ( 'NONE',  ( -0.9550000000000048500, 0.9550000000000102900, 1.400000000000000100 ) ) ;
#4703 = CYLINDRICAL_SURFACE ( 'NONE', #1244, 0.8150000000000033900 ) ;
#4704 = FILL_AREA_STYLE ('',( #2178 ) ) ;
#4705 = UNCERTAINTY_MEASURE_WITH_UNIT (LENGTH_MEASURE( 1.000000000000000100E-005 ), #2877, 'distance_accuracy_value', 'NONE');
#4706 = DIRECTION ( 'NONE',  ( 1.000000000000000000, 0.0000000000000000000, -0.0000000000000000000 ) ) ;
#4707 = LINE ( 'NONE', #774, #353 ) ;
#4708 = VERTEX_POINT ( 'NONE', #2883 ) ;
#4709 = VECTOR ( 'NONE', #2324, 1000.000000000000000 ) ;
#4710 = DIRECTION ( 'NONE',  ( 0.0000000000000000000, -1.000000000000000000, 0.0000000000000000000 ) ) ;
#4711 = VERTEX_POINT ( 'NONE', #32 ) ;
#4712 = DIRECTION ( 'NONE',  ( -0.2505628070857264800, -0.9351131265310308500, -0.2505628070857310900 ) ) ;
#4713 =( GEOMETRIC_REPRESENTATION_CONTEXT ( 3 ) GLOBAL_UNCERTAINTY_ASSIGNED_CONTEXT ( ( #3830 ) ) GLOBAL_UNIT_ASSIGNED_CONTEXT ( ( #3967, #4393, #1834 ) ) REPRESENTATION_CONTEXT ( 'NONE', 'WORKASPACE' ) );
#4714 = ADVANCED_FACE ( 'NONE', ( #3056 ), #425, .F. ) ;
#4715 = ORIENTED_EDGE ( 'NONE', *, *, #4931, .T. ) ;
#4716 =( NAMED_UNIT ( * ) SI_UNIT ( $, .STERADIAN. ) SOLID_ANGLE_UNIT ( ) );
#4717 = ORIENTED_EDGE ( 'NONE', *, *, #4800, .T. ) ;
#4718 = EDGE_CURVE ( 'NONE', #3810, #5219, #3471, .T. ) ;
#4719 = DIRECTION ( 'NONE',  ( -0.7071067811865474600, -0.7071067811865474600, -0.0000000000000000000 ) ) ;
#4720 =( GEOMETRIC_REPRESENTATION_CONTEXT ( 3 ) GLOBAL_UNCERTAINTY_ASSIGNED_CONTEXT ( ( #3256 ) ) GLOBAL_UNIT_ASSIGNED_CONTEXT ( ( #4197, #3813, #2526 ) ) REPRESENTATION_CONTEXT ( 'NONE', 'WORKASPACE' ) );
#4721 = LINE ( 'NONE', #2874, #2388 ) ;
#4722 = PLANE ( 'NONE',  #4112 ) ;
#4723 = UNCERTAINTY_MEASURE_WITH_UNIT (LENGTH_MEASURE( 1.000000000000000100E-005 ), #2719, 'distance_accuracy_value', 'NONE');
#4724 = EDGE_CURVE ( 'NONE', #3749, #498, #1779, .T. ) ;
#4725 = VECTOR ( 'NONE', #554, 1000.000000000000000 ) ;
#4726 = CARTESIAN_POINT ( 'NONE',  ( -2.939999999999984400, 0.1000000000000035300, 2.450000000000000200 ) ) ;
#4727 = DIRECTION ( 'NONE',  ( 1.000000000000000000, -0.0000000000000000000, -0.0000000000000000000 ) ) ;
#4728 = DIRECTION ( 'NONE',  ( -1.000000000000000000, 0.0000000000000000000, 0.0000000000000000000 ) ) ;
#4729 = ORIENTED_EDGE ( 'NONE', *, *, #558, .T. ) ;
#4730 = PRESENTATION_STYLE_ASSIGNMENT (( #3011 ) ) ;
#4731 = SURFACE_SIDE_STYLE ('',( #2925 ) ) ;
#4732 = CARTESIAN_POINT ( 'NONE',  ( 2.140000000000016100, 2.439999999999997300, 2.450000000000000200 ) ) ;
#4733 = ORIENTED_EDGE ( 'NONE', *, *, #2265, .T. ) ;
#4734 = SURFACE_STYLE_FILL_AREA ( #4279 ) ;
#4735 = DIRECTION ( 'NONE',  ( 0.0000000000000000000, -5.860552283705276200E-015, -1.000000000000000000 ) ) ;
#4736 =( NAMED_UNIT ( * ) SI_UNIT ( $, .STERADIAN. ) SOLID_ANGLE_UNIT ( ) );
#4737 = ADVANCED_FACE ( 'NONE', ( #5189 ), #2118, .T. ) ;
#4738 = ORIENTED_EDGE ( 'NONE', *, *, #1752, .F. ) ;
#4739 = EDGE_CURVE ( 'NONE', #3684, #4402, #311, .T. ) ;
#4740 = CLOSED_SHELL ( 'NONE', ( #2426, #4795, #466, #3401, #1814, #831, #2299, #4632, #2505, #4329, #3719, #579, #4578, #4089, #4657, #1317, #1785, #5154, #4876, #4714, #5271, #2268 ) ) ;
#4741 = CARTESIAN_POINT ( 'NONE',  ( -4.124999999999996400, 1.585000000000008800, 4.000000000000000000 ) ) ;
#4742 = ORIENTED_EDGE ( 'NONE', *, *, #2369, .F. ) ;
#4743 = AXIS2_PLACEMENT_3D ( 'NONE', #3218, #4861, #3612 ) ;
#4744 = CARTESIAN_POINT ( 'NONE',  ( -3.039999999999987200, 0.0000000000000000000, 2.450000000000000200 ) ) ;
#4745 = VERTEX_POINT ( 'NONE', #3457 ) ;
#4746 = STYLED_ITEM ( 'NONE', ( #2010 ), #3132 ) ;
#4747 = LINE ( 'NONE', #922, #4078 ) ;
#4748 = FACE_OUTER_BOUND ( 'NONE', #3551, .T. ) ;
#4749 = ORIENTED_EDGE ( 'NONE', *, *, #457, .T. ) ;
#4750 = CARTESIAN_POINT ( 'NONE',  ( -0.3999999999999841500, 2.439999999999997300, 1.400000000000000100 ) ) ;
#4751 = VECTOR ( 'NONE', #3400, 1000.000000000000000 ) ;
#4752 = VERTEX_POINT ( 'NONE', #3029 ) ;
#4753 = DIRECTION ( 'NONE',  ( 0.7071067811865469100, 0.7071067811865482400, -0.0000000000000000000 ) ) ;
#4754 = VERTEX_POINT ( 'NONE', #1297 ) ;
#4755 = VECTOR ( 'NONE', #1936, 1000.000000000000000 ) ;
#4756 = EDGE_CURVE ( 'NONE', #5000, #1194, #4864, .T. ) ;
#4757 = STYLED_ITEM ( 'NONE', ( #2599 ), #4427 ) ;
#4758 = DIRECTION ( 'NONE',  ( 1.000000000000000000, 0.0000000000000000000, -0.0000000000000000000 ) ) ;
#4759 = VECTOR ( 'NONE', #622, 1000.000000000000000 ) ;
#4760 = EDGE_LOOP ( 'NONE', ( #5416, #3128, #4286, #2949 ) ) ;
#4761 = ORIENTED_EDGE ( 'NONE', *, *, #3262, .T. ) ;
#4762 = VECTOR ( 'NONE', #4130, 1000.000000000000000 ) ;
#4763 = DIRECTION ( 'NONE',  ( 0.0000000000000000000, 0.0000000000000000000, -1.000000000000000000 ) ) ;
#4764 = CARTESIAN_POINT ( 'NONE',  ( 0.0000000000000000000, 0.0000000000000000000, 0.0000000000000000000 ) ) ;
#4765 = CARTESIAN_POINT ( 'NONE',  ( 0.0000000000000000000, 2.540000000000000000, 0.0000000000000000000 ) ) ;
#4766 = VECTOR ( 'NONE', #3421, 1000.000000000000000 ) ;
#4767 = VECTOR ( 'NONE', #4911, 1000.000000000000000 ) ;
#4768 = CARTESIAN_POINT ( 'NONE',  ( -2.539999999999986700, 2.039999999999998700, 1.400000000000000100 ) ) ;
#4769 = ADVANCED_FACE ( 'NONE', ( #2523 ), #1735, .T. ) ;
#4770 = LINE ( 'NONE', #4852, #4501 ) ;
#4771 = EDGE_CURVE ( 'NONE', #3824, #3506, #836, .T. ) ;
#4772 = CARTESIAN_POINT ( 'NONE',  ( -3.039999999999987200, 0.0000000000000000000, 4.000000000000000000 ) ) ;
#4773 = SURFACE_SIDE_STYLE ('',( #1152 ) ) ;
#4774 = LINE ( 'NONE', #4944, #3578 ) ;
#4775 = PRESENTATION_STYLE_ASSIGNMENT (( #1904 ) ) ;
#4776 = CARTESIAN_POINT ( 'NONE',  ( 3.495000000000003200, 1.585000000000008600, 0.4999999999999982800 ) ) ;
#4777 = SURFACE_STYLE_FILL_AREA ( #1012 ) ;
#4778 =( LENGTH_UNIT ( ) NAMED_UNIT ( * ) SI_UNIT ( .MILLI., .METRE. ) );
#4779 = VECTOR ( 'NONE', #987, 1000.000000000000100 ) ;
#4780 =( NAMED_UNIT ( * ) PLANE_ANGLE_UNIT ( ) SI_UNIT ( $, .RADIAN. ) );
#4781 = PLANE ( 'NONE',  #5176 ) ;
#4782 = ORIENTED_EDGE ( 'NONE', *, *, #2915, .F. ) ;
#4783 = CARTESIAN_POINT ( 'NONE',  ( 1.585000000000002200, 1.585000000000008600, 0.4999999999999982800 ) ) ;
#4784 = STYLED_ITEM ( 'NONE', ( #5236 ), #2355 ) ;
#4785 = PRESENTATION_STYLE_ASSIGNMENT (( #1237 ) ) ;
#4786 =( NAMED_UNIT ( * ) PLANE_ANGLE_UNIT ( ) SI_UNIT ( $, .RADIAN. ) );
#4787 = DIRECTION ( 'NONE',  ( 0.0000000000000000000, -2.660618828185275700E-016, -1.000000000000000000 ) ) ;
#4788 = CARTESIAN_POINT ( 'NONE',  ( 5.080000000000000100, 1.062179676972466500, 9.000000000000001800 ) ) ;
#4789 = VECTOR ( 'NONE', #2419, 1000.000000000000000 ) ;
#4790 = EDGE_CURVE ( 'NONE', #3030, #3317, #1845, .T. ) ;
#4791 = PLANE ( 'NONE',  #3925 ) ;
#4792 = DIRECTION ( 'NONE',  ( 1.000000000000000000, 0.0000000000000000000, 0.0000000000000000000 ) ) ;
#4793 = STYLED_ITEM ( 'NONE', ( #2655 ), #4396 ) ;
#4794 = DIRECTION ( 'NONE',  ( -1.000000000000000000, -0.0000000000000000000, 0.0000000000000000000 ) ) ;
#4795 = ADVANCED_FACE ( 'NONE', ( #3733 ), #2170, .T. ) ;
#4796 = ORIENTED_EDGE ( 'NONE', *, *, #107, .T. ) ;
#4797 = COLOUR_RGB ( '',1.000000000000000000, 0.8117647058823529400, 0.5019607843137254800 ) ;
#4798 = ORIENTED_EDGE ( 'NONE', *, *, #3771, .T. ) ;
#4799 = DIRECTION ( 'NONE',  ( 0.0000000000000000000, 1.000000000000000000, 1.517583580067741800E-016 ) ) ;
#4800 = EDGE_CURVE ( 'NONE', #2168, #796, #5476, .T. ) ;
#4801 = DIRECTION ( 'NONE',  ( 0.0000000000000000000, 2.168404344971009900E-016, -1.000000000000000000 ) ) ;
#4802 = AXIS2_PLACEMENT_3D ( 'NONE', #4036, #4463, #1896 ) ;
#4803 = VERTEX_POINT ( 'NONE', #2623 ) ;
#4804 = VECTOR ( 'NONE', #657, 1000.000000000000000 ) ;
#4805 = DIRECTION ( 'NONE',  ( 1.101411730778927800E-014, 1.000000000000000000, 0.0000000000000000000 ) ) ;
#4806 = EDGE_LOOP ( 'NONE', ( #1759, #144, #1859, #5111 ) ) ;
#4807 = CARTESIAN_POINT ( 'NONE',  ( -2.139999999999989000, 2.540000000000000000, 2.450000000000000200 ) ) ;
#4808 = ORIENTED_EDGE ( 'NONE', *, *, #4847, .F. ) ;
#4809 = ORIENTED_EDGE ( 'NONE', *, *, #2254, .T. ) ;
#4810 = CARTESIAN_POINT ( 'NONE',  ( -3.494999999999998300, 1.585000000000016000, 8.599999999999996100 ) ) ;
#4811 = ORIENTED_EDGE ( 'NONE', *, *, #4481, .F. ) ;
#4812 = LINE ( 'NONE', #3063, #3288 ) ;
#4813 = CARTESIAN_POINT ( 'NONE',  ( 0.0000000000000000000, 0.0000000000000000000, 0.0000000000000000000 ) ) ;
#4814 = AXIS2_PLACEMENT_3D ( 'NONE', #4873, #5344, #1464 ) ;
#4815 = DIRECTION ( 'NONE',  ( -0.7071067811865475700, 0.7071067811865475700, 0.0000000000000000000 ) ) ;
#4816 = ORIENTED_EDGE ( 'NONE', *, *, #4681, .T. ) ;
#4817 = DIRECTION ( 'NONE',  ( -1.000000000000000000, -0.0000000000000000000, -0.0000000000000000000 ) ) ;
#4818 = ORIENTED_EDGE ( 'NONE', *, *, #4110, .F. ) ;
#4819 = CARTESIAN_POINT ( 'NONE',  ( 1.584999999999995300, 0.7699999999999998000, 0.3149999999999951700 ) ) ;
#4820 = UNCERTAINTY_MEASURE_WITH_UNIT (LENGTH_MEASURE( 1.000000000000000100E-005 ), #3345, 'distance_accuracy_value', 'NONE');
#4821 = EDGE_CURVE ( 'NONE', #4561, #3426, #3267, .T. ) ;
#4822 = LINE ( 'NONE', #3773, #4751 ) ;
#4823 = ORIENTED_EDGE ( 'NONE', *, *, #4175, .F. ) ;
#4824 =( GEOMETRIC_REPRESENTATION_CONTEXT ( 3 ) GLOBAL_UNCERTAINTY_ASSIGNED_CONTEXT ( ( #4478 ) ) GLOBAL_UNIT_ASSIGNED_CONTEXT ( ( #1450, #4448, #4871 ) ) REPRESENTATION_CONTEXT ( 'NONE', 'WORKASPACE' ) );
#4825 = CARTESIAN_POINT ( 'NONE',  ( -5.080000000000015200, 2.038999999999999700, 1.900000000000000100 ) ) ;
#4826 = ORIENTED_EDGE ( 'NONE', *, *, #5050, .F. ) ;
#4827 = LINE ( 'NONE', #3299, #124 ) ;
#4828 = DIRECTION ( 'NONE',  ( 0.0000000000000000000, 0.0000000000000000000, 1.000000000000000000 ) ) ;
#4829 = CARTESIAN_POINT ( 'NONE',  ( 1.062179676972452700, 1.062179676972466500, 9.000000000000001800 ) ) ;
#4830 = SURFACE_STYLE_FILL_AREA ( #1065 ) ;
#4831 = DIRECTION ( 'NONE',  ( -1.000000000000000000, 0.0000000000000000000, 0.0000000000000000000 ) ) ;
#4832 = EDGE_CURVE ( 'NONE', #4711, #1739, #1906, .T. ) ;
#4833 = LINE ( 'NONE', #4776, #3577 ) ;
#4834 = SURFACE_STYLE_FILL_AREA ( #2615 ) ;
#4835 = PRESENTATION_STYLE_ASSIGNMENT (( #1552 ) ) ;
#4836 = LINE ( 'NONE', #5252, #5036 ) ;
#4837 = SURFACE_STYLE_FILL_AREA ( #2544 ) ;
#4838 = DIRECTION ( 'NONE',  ( -1.000000000000000000, 0.0000000000000000000, 0.0000000000000000000 ) ) ;
#4839 = DIRECTION ( 'NONE',  ( 0.0000000000000000000, -1.000000000000000000, 0.0000000000000000000 ) ) ;
#4840 = COLOUR_RGB ( '',1.000000000000000000, 0.8117647058823529400, 0.5019607843137254800 ) ;
#4841 = DIRECTION ( 'NONE',  ( 1.101411730778927600E-014, 1.682396719162780200E-015, -1.000000000000000000 ) ) ;
#4842 = DIRECTION ( 'NONE',  ( 1.101411730778927600E-014, 1.682396719162780200E-015, -1.000000000000000000 ) ) ;
#4843 = EDGE_LOOP ( 'NONE', ( #1100, #2872, #4330, #5532, #432, #4464 ) ) ;
#4844 = ORIENTED_EDGE ( 'NONE', *, *, #909, .F. ) ;
#4845 = VECTOR ( 'NONE', #3783, 1000.000000000000100 ) ;
#4846 = DIRECTION ( 'NONE',  ( 0.0000000000000000000, -1.000000000000000000, 0.0000000000000000000 ) ) ;
#4847 = EDGE_CURVE ( 'NONE', #2191, #3079, #5329, .T. ) ;
#4848 = DIRECTION ( 'NONE',  ( 0.0000000000000000000, 0.0000000000000000000, 1.000000000000000000 ) ) ;
#4849 = DIRECTION ( 'NONE',  ( -0.0000000000000000000, 1.000000000000000000, 1.517583580067741800E-016 ) ) ;
#4850 = ORIENTED_EDGE ( 'NONE', *, *, #4369, .T. ) ;
#4851 = PRESENTATION_LAYER_ASSIGNMENT (  '', '', ( #4669 ) ) ;
#4852 = CARTESIAN_POINT ( 'NONE',  ( 0.4000000000000114600, 0.5009999999999865700, 1.899999999999999900 ) ) ;
#4853 = AXIS2_PLACEMENT_3D ( 'NONE', #507, #2658, #4345 ) ;
#4854 = LINE ( 'NONE', #150, #2314 ) ;
#4855 = CARTESIAN_POINT ( 'NONE',  ( 1.584999999999995300, -4.999999999999999100, 0.3149999999999943400 ) ) ;
#4856 = DIRECTION ( 'NONE',  ( -0.2505628070857315900, -0.9351131265310304000, 0.2505628070857276500 ) ) ;
#4857 = CARTESIAN_POINT ( 'NONE',  ( 2.040000000000013400, 2.540000000000000000, 1.400000000000000100 ) ) ;
#4858 = AXIS2_PLACEMENT_3D ( 'NONE', #1298, #902, #3068 ) ;
#4859 = ORIENTED_EDGE ( 'NONE', *, *, #1115, .T. ) ;
#4860 = LINE ( 'NONE', #5253, #3860 ) ;
#4861 = DIRECTION ( 'NONE',  ( -1.000000000000000000, 0.0000000000000000000, 0.0000000000000000000 ) ) ;
#4862 = ORIENTED_EDGE ( 'NONE', *, *, #49, .T. ) ;
#4863 = EDGE_CURVE ( 'NONE', #3238, #1194, #5185, .T. ) ;
#4864 = LINE ( 'NONE', #2555, #4459 ) ;
#4865 = SURFACE_SIDE_STYLE ('',( #2826 ) ) ;
#4866 = DIRECTION ( 'NONE',  ( -0.9659258262890690900, 1.063882036137109400E-014, -0.2588190451025181900 ) ) ;
#4867 =( NAMED_UNIT ( * ) PLANE_ANGLE_UNIT ( ) SI_UNIT ( $, .RADIAN. ) );
#4868 = ORIENTED_EDGE ( 'NONE', *, *, #1856, .T. ) ;
#4869 = VECTOR ( 'NONE', #2520, 1000.000000000000000 ) ;
#4870 = EDGE_CURVE ( 'NONE', #884, #4278, #4594, .T. ) ;
#4871 =( NAMED_UNIT ( * ) SI_UNIT ( $, .STERADIAN. ) SOLID_ANGLE_UNIT ( ) );
#4872 = ORIENTED_EDGE ( 'NONE', *, *, #4896, .F. ) ;
#4873 = CARTESIAN_POINT ( 'NONE',  ( -5.080000000000015200, 2.038999999999999700, 1.900000000000000100 ) ) ;
#4874 = EDGE_CURVE ( 'NONE', #2721, #761, #3597, .T. ) ;
#4875 = CARTESIAN_POINT ( 'NONE',  ( 4.124999999999994700, 0.9550000000000172800, 8.599999999999996100 ) ) ;
#4876 = ADVANCED_FACE ( 'NONE', ( #4457 ), #108, .F. ) ;
#4877 = VERTEX_POINT ( 'NONE', #4772 ) ;
#4878 =( NAMED_UNIT ( * ) PLANE_ANGLE_UNIT ( ) SI_UNIT ( $, .RADIAN. ) );
#4879 = VERTEX_POINT ( 'NONE', #4388 ) ;
#4880 = DIRECTION ( 'NONE',  ( 1.101411730778927600E-014, 0.0000000000000000000, -1.000000000000000000 ) ) ;
#4881 = DIRECTION ( 'NONE',  ( 1.000000000000000000, -0.0000000000000000000, 0.0000000000000000000 ) ) ;
#4882 = ORIENTED_EDGE ( 'NONE', *, *, #4689, .F. ) ;
#4883 = CARTESIAN_POINT ( 'NONE',  ( -4.124999999999996400, 0.9550000000000102900, 1.900000000000000100 ) ) ;
#4884 = ORIENTED_EDGE ( 'NONE', *, *, #5217, .F. ) ;
#4885 = COLOUR_RGB ( '',1.000000000000000000, 0.8117647058823529400, 0.5019607843137254800 ) ;
#4886 = EDGE_LOOP ( 'NONE', ( #3141, #2993, #1212, #2478 ) ) ;
#4887 = ORIENTED_EDGE ( 'NONE', *, *, #1406, .F. ) ;
#4888 = MECHANICAL_DESIGN_GEOMETRIC_PRESENTATION_REPRESENTATION (  '', ( #4784 ), #2962 ) ;
#4889 = FACE_OUTER_BOUND ( 'NONE', #3558, .T. ) ;
#4890 = UNCERTAINTY_MEASURE_WITH_UNIT (LENGTH_MEASURE( 1.000000000000000100E-005 ), #3641, 'distance_accuracy_value', 'NONE');
#4891 = CARTESIAN_POINT ( 'NONE',  ( 4.017820323027547300, 1.062179676972466500, 9.000000000000001800 ) ) ;
#4892 = ORIENTED_EDGE ( 'NONE', *, *, #5144, .F. ) ;
#4893 = CARTESIAN_POINT ( 'NONE',  ( 1.585000000000002200, -4.599999999999992500, -0.3150000000000036100 ) ) ;
#4894 = STYLED_ITEM ( 'NONE', ( #4785 ), #5304 ) ;
#4895 = FACE_OUTER_BOUND ( 'NONE', #3909, .T. ) ;
#4896 = EDGE_CURVE ( 'NONE', #47, #4879, #712, .T. ) ;
#4897 = DIRECTION ( 'NONE',  ( 0.0000000000000000000, -1.000000000000000000, 0.0000000000000000000 ) ) ;
#4898 = CARTESIAN_POINT ( 'NONE',  ( -4.580000000000013400, 0.0000000000000000000, 4.000000000000000000 ) ) ;
#4899 = VECTOR ( 'NONE', #1770, 1000.000000000000000 ) ;
#4900 = SURFACE_STYLE_USAGE ( .BOTH. , #5277 ) ;
#4901 =( NAMED_UNIT ( * ) SI_UNIT ( $, .STERADIAN. ) SOLID_ANGLE_UNIT ( ) );
#4902 = ORIENTED_EDGE ( 'NONE', *, *, #3565, .T. ) ;
#4903 = FILL_AREA_STYLE_COLOUR ( '', #2322 ) ;
#4904 = LINE ( 'NONE', #1171, #2633 ) ;
#4905 = LINE ( 'NONE', #3709, #5107 ) ;
#4906 = PLANE ( 'NONE',  #539 ) ;
#4907 = ORIENTED_EDGE ( 'NONE', *, *, #5415, .F. ) ;
#4908 = CARTESIAN_POINT ( 'NONE',  ( 1.585000000000002200, -4.599999999999992500, -0.3150000000000042200 ) ) ;
#4909 = DIRECTION ( 'NONE',  ( 0.0000000000000000000, 0.0000000000000000000, 1.000000000000000000 ) ) ;
#4910 = LINE ( 'NONE', #5186, #2309 ) ;
#4911 = DIRECTION ( 'NONE',  ( 0.0000000000000000000, 0.0000000000000000000, -1.000000000000000000 ) ) ;
#4912 = ORIENTED_EDGE ( 'NONE', *, *, #3616, .T. ) ;
#4913 = FACE_OUTER_BOUND ( 'NONE', #4344, .T. ) ;
#4914 = EDGE_CURVE ( 'NONE', #2137, #3737, #4860, .T. ) ;
#4915 = CARTESIAN_POINT ( 'NONE',  ( -0.3999999999999837000, 0.5009999999999865700, 1.899999999999999900 ) ) ;
#4916 = PRESENTATION_LAYER_ASSIGNMENT (  '', '', ( #4423 ) ) ;
#4917 = AXIS2_PLACEMENT_3D ( 'NONE', #1419, #682, #5287 ) ;
#4918 = FILL_AREA_STYLE ('',( #5184 ) ) ;
#4919 = ORIENTED_EDGE ( 'NONE', *, *, #4870, .T. ) ;
#4920 = CARTESIAN_POINT ( 'NONE',  ( 4.124999999999994700, -4.599999999999992500, 0.3149999999999944000 ) ) ;
#4921 = CARTESIAN_POINT ( 'NONE',  ( 1.062179676972452700, 7.589415207398531000E-015, 9.000000000000001800 ) ) ;
#4922 = EDGE_CURVE ( 'NONE', #5007, #1681, #1713, .T. ) ;
#4923 = AXIS2_PLACEMENT_3D ( 'NONE', #849, #442, #2573 ) ;
#4924 = FILL_AREA_STYLE_COLOUR ( '', #5586 ) ;
#4925 = ORIENTED_EDGE ( 'NONE', *, *, #636, .F. ) ;
#4926 = LINE ( 'NONE', #1760, #4536 ) ;
#4927 = VECTOR ( 'NONE', #4097, 1000.000000000000000 ) ;
#4928 = DIRECTION ( 'NONE',  ( 0.0000000000000000000, 0.0000000000000000000, 1.000000000000000000 ) ) ;
#4929 = DIRECTION ( 'NONE',  ( 0.0000000000000000000, -2.168404344971009900E-016, 1.000000000000000000 ) ) ;
#4930 = PLANE ( 'NONE',  #1664 ) ;
#4931 = EDGE_CURVE ( 'NONE', #1410, #1449, #635, .T. ) ;
#4932 = CARTESIAN_POINT ( 'NONE',  ( -5.080000000000015200, 2.038999999999999700, 1.400000000000000100 ) ) ;
#4933 = ORIENTED_EDGE ( 'NONE', *, *, #3653, .F. ) ;
#4934 = VECTOR ( 'NONE', #4631, 1000.000000000000000 ) ;
#4935 = FILL_AREA_STYLE ('',( #1458 ) ) ;
#4936 =( GEOMETRIC_REPRESENTATION_CONTEXT ( 3 ) GLOBAL_UNCERTAINTY_ASSIGNED_CONTEXT ( ( #2666 ) ) GLOBAL_UNIT_ASSIGNED_CONTEXT ( ( #4455, #596, #1872 ) ) REPRESENTATION_CONTEXT ( 'NONE', 'WORKASPACE' ) );
#4937 = DIRECTION ( 'NONE',  ( 1.000000000000000000, 0.0000000000000000000, 0.0000000000000000000 ) ) ;
#4938 = DIRECTION ( 'NONE',  ( 0.0000000000000000000, -1.000000000000000000, 0.0000000000000000000 ) ) ;
#4939 = VERTEX_POINT ( 'NONE', #2697 ) ;
#4940 = VERTEX_POINT ( 'NONE', #3514 ) ;
#4941 = EDGE_CURVE ( 'NONE', #2443, #4684, #3191, .T. ) ;
#4942 = CARTESIAN_POINT ( 'NONE',  ( -1.584999999999996600, 0.9550000000000172800, 8.599999999999996100 ) ) ;
#4943 = ORIENTED_EDGE ( 'NONE', *, *, #4945, .F. ) ;
#4944 = CARTESIAN_POINT ( 'NONE',  ( 0.0000000000000000000, 1.477820323027566600, 9.000000000000001800 ) ) ;
#4945 = EDGE_CURVE ( 'NONE', #4581, #978, #5262, .T. ) ;
#4946 = CARTESIAN_POINT ( 'NONE',  ( 3.854425348687049900, 1.225574651312968600, 9.941393662828229300 ) ) ;
#4947 = ORIENTED_EDGE ( 'NONE', *, *, #2246, .T. ) ;
#4948 = DIRECTION ( 'NONE',  ( -1.000000000000000000, -0.0000000000000000000, -0.0000000000000000000 ) ) ;
#4949 = VECTOR ( 'NONE', #70, 1000.000000000000100 ) ;
#4950 = CARTESIAN_POINT ( 'NONE',  ( 0.4000000000000114600, 0.5009999999999865700, 1.899999999999999900 ) ) ;
#4951 = ORIENTED_EDGE ( 'NONE', *, *, #3304, .F. ) ;
#4952 = EDGE_CURVE ( 'NONE', #4278, #2907, #893, .T. ) ;
#4953 = ORIENTED_EDGE ( 'NONE', *, *, #630, .F. ) ;
#4954 = COLOUR_RGB ( '',1.000000000000000000, 0.8117647058823529400, 0.5019607843137254800 ) ;
#4955 = CARTESIAN_POINT ( 'NONE',  ( -1.584999999999996600, -4.599999999999992500, -0.3150000000000042200 ) ) ;
#4956 = ORIENTED_EDGE ( 'NONE', *, *, #4790, .T. ) ;
#4957 = CARTESIAN_POINT ( 'NONE',  ( 3.495000000000003200, 0.9550000000000102900, 1.400000000000000100 ) ) ;
#4958 = STYLED_ITEM ( 'NONE', ( #1185 ), #5016 ) ;
#4959 = ORIENTED_EDGE ( 'NONE', *, *, #1778, .F. ) ;
#4960 = DIRECTION ( 'NONE',  ( -1.000000000000000000, 0.0000000000000000000, 0.0000000000000000000 ) ) ;
#4961 = VECTOR ( 'NONE', #3192, 1000.000000000000000 ) ;
#4962 = LINE ( 'NONE', #4543, #2961 ) ;
#4963 = PRESENTATION_LAYER_ASSIGNMENT (  '', '', ( #901 ) ) ;
#4964 =( NAMED_UNIT ( * ) SI_UNIT ( $, .STERADIAN. ) SOLID_ANGLE_UNIT ( ) );
#4965 = VERTEX_POINT ( 'NONE', #2280 ) ;
#4966 = DIRECTION ( 'NONE',  ( 1.000000000000000000, 0.0000000000000000000, -0.0000000000000000000 ) ) ;
#4967 = VECTOR ( 'NONE', #2392, 1000.000000000000000 ) ;
#4968 = COLOUR_RGB ( '',1.000000000000000000, 0.8117647058823529400, 0.5019607843137254800 ) ;
#4969 = EDGE_CURVE ( 'NONE', #3590, #4561, #4055, .T. ) ;
#4970 = COLOUR_RGB ( '',1.000000000000000000, 0.8117647058823529400, 0.5019607843137254800 ) ;
#4971 = PLANE ( 'NONE',  #1985 ) ;
#4972 = STYLED_ITEM ( 'NONE', ( #1453 ), #4037 ) ;
#4973 = DIRECTION ( 'NONE',  ( 1.000000000000000000, 0.0000000000000000000, -0.0000000000000000000 ) ) ;
#4974 =( NAMED_UNIT ( * ) PLANE_ANGLE_UNIT ( ) SI_UNIT ( $, .RADIAN. ) );
#4975 = VECTOR ( 'NONE', #2936, 1000.000000000000000 ) ;
#4976 = EDGE_LOOP ( 'NONE', ( #3941, #4239, #3613, #1863 ) ) ;
#4977 = LINE ( 'NONE', #4699, #2445 ) ;
#4978 = CARTESIAN_POINT ( 'NONE',  ( -0.4999999999999870100, 2.540000000000000000, 1.400000000000000100 ) ) ;
#4979 =( NAMED_UNIT ( * ) PLANE_ANGLE_UNIT ( ) SI_UNIT ( $, .RADIAN. ) );
#4980 = ORIENTED_EDGE ( 'NONE', *, *, #2330, .T. ) ;
#4981 = ORIENTED_EDGE ( 'NONE', *, *, #3501, .F. ) ;
#4982 = EDGE_CURVE ( 'NONE', #3931, #1224, #1773, .T. ) ;
#4983 = CARTESIAN_POINT ( 'NONE',  ( 3.602179676972452300, 1.062179676972466500, 9.000000000000001800 ) ) ;
#4984 = AXIS2_PLACEMENT_3D ( 'NONE', #3710, #3668, #265 ) ;
#4985 = DIRECTION ( 'NONE',  ( -0.0000000000000000000, 1.000000000000000000, 1.682396719162780200E-015 ) ) ;
#4986 = ORIENTED_EDGE ( 'NONE', *, *, #3529, .F. ) ;
#4987 = PLANE ( 'NONE',  #680 ) ;
#4988 = LINE ( 'NONE', #1018, #2248 ) ;
#4989 = DIRECTION ( 'NONE',  ( 1.101411730778927600E-014, 1.000000000000000000, 0.0000000000000000000 ) ) ;
#4990 = DIRECTION ( 'NONE',  ( -0.9659258262890693100, -0.2588190451025173500, -4.354363123373188400E-016 ) ) ;
#4991 = ORIENTED_EDGE ( 'NONE', *, *, #4428, .F. ) ;
#4992 = CARTESIAN_POINT ( 'NONE',  ( 0.9550000000000036200, 0.9550000000000172800, 8.599999999999996100 ) ) ;
#4993 = ADVANCED_FACE ( 'NONE', ( #4120 ), #1803, .F. ) ;
#4994 = PLANE ( 'NONE',  #3796 ) ;
#4995 = SURFACE_STYLE_USAGE ( .BOTH. , #1189 ) ;
#4996 = ORIENTED_EDGE ( 'NONE', *, *, #2148, .T. ) ;
#4997 = MECHANICAL_DESIGN_GEOMETRIC_PRESENTATION_REPRESENTATION (  '', ( #4423 ), #5513 ) ;
#4998 = DIRECTION ( 'NONE',  ( 0.0000000000000000000, 0.0000000000000000000, 1.000000000000000000 ) ) ;
#4999 = CARTESIAN_POINT ( 'NONE',  ( 2.140000000000016100, 2.038999999999999700, 1.900000000000000100 ) ) ;
#5000 = VERTEX_POINT ( 'NONE', #5231 ) ;
#5001 = EDGE_CURVE ( 'NONE', #2580, #5332, #2595, .T. ) ;
#5002 = MECHANICAL_DESIGN_GEOMETRIC_PRESENTATION_REPRESENTATION (  '', ( #1421 ), #3112 ) ;
#5003 = FILL_AREA_STYLE ('',( #1523 ) ) ;
#5004 = ORIENTED_EDGE ( 'NONE', *, *, #3686, .F. ) ;
#5005 = CARTESIAN_POINT ( 'NONE',  ( 2.140000000000016100, 0.1000000000000028600, 1.400000000000000100 ) ) ;
#5006 = ORIENTED_EDGE ( 'NONE', *, *, #4247, .F. ) ;
#5007 = VERTEX_POINT ( 'NONE', #5295 ) ;
#5008 = ORIENTED_EDGE ( 'NONE', *, *, #2081, .T. ) ;
#5009 = LINE ( 'NONE', #3186, #121 ) ;
#5010 = DIRECTION ( 'NONE',  ( -1.000000000000000000, 0.0000000000000000000, 0.0000000000000000000 ) ) ;
#5011 = FILL_AREA_STYLE_COLOUR ( '', #2098 ) ;
#5012 = ORIENTED_EDGE ( 'NONE', *, *, #839, .F. ) ;
#5013 =( LENGTH_UNIT ( ) NAMED_UNIT ( * ) SI_UNIT ( .MILLI., .METRE. ) );
#5014 = PRESENTATION_STYLE_ASSIGNMENT (( #4236 ) ) ;
#5015 = CARTESIAN_POINT ( 'NONE',  ( -5.080000000000015200, 0.0000000000000000000, 4.000000000000000000 ) ) ;
#5016 = ADVANCED_FACE ( 'NONE', ( #158 ), #1074, .T. ) ;
#5017 = VERTEX_POINT ( 'NONE', #1034 ) ;
#5018 = ORIENTED_EDGE ( 'NONE', *, *, #1233, .F. ) ;
#5019 = VERTEX_POINT ( 'NONE', #1490 ) ;
#5020 = DIRECTION ( 'NONE',  ( 1.000000000000000000, 0.0000000000000000000, -0.0000000000000000000 ) ) ;
#5021 = EDGE_CURVE ( 'NONE', #2865, #3470, #2117, .T. ) ;
#5022 = DIRECTION ( 'NONE',  ( -0.0000000000000000000, -0.0000000000000000000, 1.000000000000000000 ) ) ;
#5023 = PRESENTATION_STYLE_ASSIGNMENT (( #1130 ) ) ;
#5024 = CARTESIAN_POINT ( 'NONE',  ( -0.9549999999999979600, 1.585000000000003500, 0.4999999999999982800 ) ) ;
#5025 =( NAMED_UNIT ( * ) SI_UNIT ( $, .STERADIAN. ) SOLID_ANGLE_UNIT ( ) );
#5026 = VECTOR ( 'NONE', #4046, 1000.000000000000000 ) ;
#5027 = PRESENTATION_LAYER_ASSIGNMENT (  '', '', ( #4063 ) ) ;
#5028 = PLANE ( 'NONE',  #2096 ) ;
#5029 = MECHANICAL_DESIGN_GEOMETRIC_PRESENTATION_REPRESENTATION (  '', ( #4958 ), #3137 ) ;
#5030 = CARTESIAN_POINT ( 'NONE',  ( -5.080000000000015200, 2.540000000000000000, 4.000000000000000000 ) ) ;
#5031 = FACE_OUTER_BOUND ( 'NONE', #5116, .T. ) ;
#5032 = LINE ( 'NONE', #1852, #3708 ) ;
#5033 =( NAMED_UNIT ( * ) SI_UNIT ( $, .STERADIAN. ) SOLID_ANGLE_UNIT ( ) );
#5034 =( GEOMETRIC_REPRESENTATION_CONTEXT ( 3 ) GLOBAL_UNCERTAINTY_ASSIGNED_CONTEXT ( ( #2497 ) ) GLOBAL_UNIT_ASSIGNED_CONTEXT ( ( #34, #1277, #3049 ) ) REPRESENTATION_CONTEXT ( 'NONE', 'WORKASPACE' ) );
#5035 = SURFACE_STYLE_FILL_AREA ( #4116 ) ;
#5036 = VECTOR ( 'NONE', #3469, 1000.000000000000000 ) ;
#5037 = PLANE ( 'NONE',  #4212 ) ;
#5038 = LINE ( 'NONE', #1947, #5167 ) ;
#5039 = EDGE_LOOP ( 'NONE', ( #614, #493, #3253, #1000 ) ) ;
#5040 = PRESENTATION_STYLE_ASSIGNMENT (( #4456 ) ) ;
#5041 = EDGE_CURVE ( 'NONE', #325, #3884, #2457, .T. ) ;
#5042 = LINE ( 'NONE', #1930, #4111 ) ;
#5043 = PLANE ( 'NONE',  #79 ) ;
#5044 = CARTESIAN_POINT ( 'NONE',  ( -0.3999999999999841500, 2.439999999999997300, 1.400000000000000100 ) ) ;
#5045 = PRESENTATION_STYLE_ASSIGNMENT (( #4596 ) ) ;
#5046 = ADVANCED_FACE ( 'NONE', ( #4453 ), #1052, .T. ) ;
#5047 = EDGE_LOOP ( 'NONE', ( #4519, #3002, #5556, #5122 ) ) ;
#5048 = EDGE_CURVE ( 'NONE', #1701, #3079, #4988, .T. ) ;
#5049 = LINE ( 'NONE', #2952, #700 ) ;
#5050 = EDGE_CURVE ( 'NONE', #1833, #2284, #4854, .T. ) ;
#5051 = FILL_AREA_STYLE ('',( #2410 ) ) ;
#5052 = DIRECTION ( 'NONE',  ( 0.0000000000000000000, 0.0000000000000000000, -1.000000000000000000 ) ) ;
#5053 = AXIS2_PLACEMENT_3D ( 'NONE', #2209, #137, #4437 ) ;
#5054 = DIRECTION ( 'NONE',  ( 0.0000000000000000000, 1.000000000000000000, 0.0000000000000000000 ) ) ;
#5055 = ORIENTED_EDGE ( 'NONE', *, *, #5048, .T. ) ;
#5056 = UNCERTAINTY_MEASURE_WITH_UNIT (LENGTH_MEASURE( 1.000000000000000100E-005 ), #3519, 'distance_accuracy_value', 'NONE');
#5057 = FACE_OUTER_BOUND ( 'NONE', #2957, .T. ) ;
#5058 = VECTOR ( 'NONE', #4325, 1000.000000000000000 ) ;
#5059 = PRESENTATION_LAYER_ASSIGNMENT (  '', '', ( #4196 ) ) ;
#5060 = CARTESIAN_POINT ( 'NONE',  ( 1.344410693882025500E-014, 2.039999999999998700, 1.400000000000000100 ) ) ;
#5061 = DIRECTION ( 'NONE',  ( 0.0000000000000000000, -0.0000000000000000000, 1.000000000000000000 ) ) ;
#5062 = ORIENTED_EDGE ( 'NONE', *, *, #4945, .T. ) ;
#5063 = FACE_OUTER_BOUND ( 'NONE', #2678, .T. ) ;
#5064 = FILL_AREA_STYLE ('',( #1257 ) ) ;
#5065 = MECHANICAL_DESIGN_GEOMETRIC_PRESENTATION_REPRESENTATION (  '', ( #4103 ), #4713 ) ;
#5066 = VERTEX_POINT ( 'NONE', #1898 ) ;
#5067 = MECHANICAL_DESIGN_GEOMETRIC_PRESENTATION_REPRESENTATION (  '', ( #3261 ), #1807 ) ;
#5068 = VERTEX_POINT ( 'NONE', #1469 ) ;
#5069 = DIRECTION ( 'NONE',  ( -0.2505628070857264800, -0.9351131265310308500, -0.2505628070857310900 ) ) ;
#5070 = ADVANCED_FACE ( 'NONE', ( #4592 ), #2335, .T. ) ;
#5071 = EDGE_CURVE ( 'NONE', #3749, #5137, #1504, .T. ) ;
#5072 = ORIENTED_EDGE ( 'NONE', *, *, #2361, .F. ) ;
#5073 = AXIS2_PLACEMENT_3D ( 'NONE', #2704, #138, #2291 ) ;
#5074 = CARTESIAN_POINT ( 'NONE',  ( -4.124999999999996400, 1.585000000000003500, 8.599999999999996100 ) ) ;
#5075 = EDGE_LOOP ( 'NONE', ( #258, #4087, #5488, #2578 ) ) ;
#5076 = SURFACE_STYLE_USAGE ( .BOTH. , #2547 ) ;
#5077 = CARTESIAN_POINT ( 'NONE',  ( -1.062179676972454500, -4.999999999999999100, 0.3149999999999931700 ) ) ;
#5078 = ORIENTED_EDGE ( 'NONE', *, *, #4665, .T. ) ;
#5079 = DIRECTION ( 'NONE',  ( -0.2505628070857283700, 0.9351131265310302900, 0.2505628070857309200 ) ) ;
#5080 = SURFACE_STYLE_FILL_AREA ( #2303 ) ;
#5081 = LINE ( 'NONE', #4305, #3816 ) ;
#5082 = CARTESIAN_POINT ( 'NONE',  ( 0.4000000000000110100, 2.540000000000000000, 2.450000000000000200 ) ) ;
#5083 = ORIENTED_EDGE ( 'NONE', *, *, #1687, .T. ) ;
#5084 =( GEOMETRIC_REPRESENTATION_CONTEXT ( 3 ) GLOBAL_UNCERTAINTY_ASSIGNED_CONTEXT ( ( #725 ) ) GLOBAL_UNIT_ASSIGNED_CONTEXT ( ( #2292, #4867, #3097 ) ) REPRESENTATION_CONTEXT ( 'NONE', 'WORKASPACE' ) );
#5085 = CARTESIAN_POINT ( 'NONE',  ( -2.039999999999986300, 2.540000000000000000, 1.400000000000000100 ) ) ;
#5086 = ORIENTED_EDGE ( 'NONE', *, *, #711, .F. ) ;
#5087 = LINE ( 'NONE', #2202, #1412 ) ;
#5088 = VECTOR ( 'NONE', #765, 1000.000000000000000 ) ;
#5089 = ORIENTED_EDGE ( 'NONE', *, *, #5001, .F. ) ;
#5090 = DIRECTION ( 'NONE',  ( -1.101411730778927600E-014, -1.682396719162780200E-015, 1.000000000000000000 ) ) ;
#5091 = ORIENTED_EDGE ( 'NONE', *, *, #222, .F. ) ;
#5092 = VECTOR ( 'NONE', #1509, 1000.000000000000000 ) ;
#5093 = DIRECTION ( 'NONE',  ( 0.0000000000000000000, 1.517583580067741800E-016, -1.000000000000000000 ) ) ;
#5094 = SURFACE_STYLE_FILL_AREA ( #4107 ) ;
#5095 = DIRECTION ( 'NONE',  ( -1.101411730778927600E-014, -1.000000000000000000, 0.0000000000000000000 ) ) ;
#5096 = VECTOR ( 'NONE', #4719, 1000.000000000000100 ) ;
#5097 = CARTESIAN_POINT ( 'NONE',  ( -2.139999999999989000, 0.09999999999999202600, 2.450000000000000200 ) ) ;
#5098 = LINE ( 'NONE', #4921, #1010 ) ;
#5099 = CARTESIAN_POINT ( 'NONE',  ( -5.080000000000015200, 0.0000000000000000000, 4.000000000000000000 ) ) ;
#5100 = ADVANCED_FACE ( 'NONE', ( #1444 ), #1864, .F. ) ;
#5101 = AXIS2_PLACEMENT_3D ( 'NONE', #320, #2046, #3265 ) ;
#5102 = DIRECTION ( 'NONE',  ( 1.000000000000000000, -1.671484357524093000E-030, 1.101411730778927600E-014 ) ) ;
#5103 = LINE ( 'NONE', #3584, #1166 ) ;
#5104 = VERTEX_POINT ( 'NONE', #4950 ) ;
#5105 = EDGE_CURVE ( 'NONE', #4141, #1580, #370, .T. ) ;
#5106 = DIRECTION ( 'NONE',  ( 1.000000000000000000, 0.0000000000000000000, -0.0000000000000000000 ) ) ;
#5107 = VECTOR ( 'NONE', #5364, 1000.000000000000000 ) ;
#5108 = VECTOR ( 'NONE', #3139, 1000.000000000000000 ) ;
#5109 = ORIENTED_EDGE ( 'NONE', *, *, #4292, .F. ) ;
#5110 = CARTESIAN_POINT ( 'NONE',  ( -1.062179676972453200, -4.999999999999999100, 0.2078203230275440000 ) ) ;
#5111 = ORIENTED_EDGE ( 'NONE', *, *, #1973, .T. ) ;
#5112 = CARTESIAN_POINT ( 'NONE',  ( 5.079999999999987600, 2.540000000000000000, 4.000000000000000000 ) ) ;
#5113 = SURFACE_STYLE_FILL_AREA ( #3373 ) ;
#5114 = EDGE_CURVE ( 'NONE', #1665, #1410, #3728, .T. ) ;
#5115 = CARTESIAN_POINT ( 'NONE',  ( 2.940000000000011000, 2.439999999999997300, 1.400000000000000100 ) ) ;
#5116 = EDGE_LOOP ( 'NONE', ( #3147, #2173, #3205, #4438 ) ) ;
#5117 = DIRECTION ( 'NONE',  ( -1.000000000000000000, 0.0000000000000000000, 0.0000000000000000000 ) ) ;
#5118 = CARTESIAN_POINT ( 'NONE',  ( -0.9549999999999979600, -4.599999999999992500, -0.3150000000000036100 ) ) ;
#5119 = SURFACE_STYLE_FILL_AREA ( #2818 ) ;
#5120 = DIRECTION ( 'NONE',  ( 1.000000000000000000, -0.0000000000000000000, -0.0000000000000000000 ) ) ;
#5121 = DIRECTION ( 'NONE',  ( 0.0000000000000000000, 0.0000000000000000000, -1.000000000000000000 ) ) ;
#5122 = ORIENTED_EDGE ( 'NONE', *, *, #2900, .T. ) ;
#5123 = VECTOR ( 'NONE', #130, 1000.000000000000000 ) ;
#5124 = DIRECTION ( 'NONE',  ( 0.0000000000000000000, -1.517583580067741800E-016, 1.000000000000000000 ) ) ;
#5125 = CARTESIAN_POINT ( 'NONE',  ( 3.495000000000003200, 1.585000000000008800, 1.400000000000000100 ) ) ;
#5126 = PLANE ( 'NONE',  #1605 ) ;
#5127 = ADVANCED_FACE ( 'NONE', ( #5471 ), #4599, .T. ) ;
#5128 = EDGE_LOOP ( 'NONE', ( #4844, #1436, #3981, #1548, #1285, #2602 ) ) ;
#5129 = LINE ( 'NONE', #5239, #5339 ) ;
#5130 = FILL_AREA_STYLE ('',( #2149 ) ) ;
#5131 = EDGE_LOOP ( 'NONE', ( #903, #2723, #2927, #4818 ) ) ;
#5132 = FACE_OUTER_BOUND ( 'NONE', #175, .T. ) ;
#5133 = PRESENTATION_LAYER_ASSIGNMENT (  '', '', ( #3604 ) ) ;
#5134 = CARTESIAN_POINT ( 'NONE',  ( 3.495000000000003200, -4.599999999999992500, -0.3150000000000042200 ) ) ;
#5135 =( GEOMETRIC_REPRESENTATION_CONTEXT ( 3 ) GLOBAL_UNCERTAINTY_ASSIGNED_CONTEXT ( ( #4609 ) ) GLOBAL_UNIT_ASSIGNED_CONTEXT ( ( #2780, #185, #629 ) ) REPRESENTATION_CONTEXT ( 'NONE', 'WORKASPACE' ) );
#5136 = SURFACE_STYLE_USAGE ( .BOTH. , #862 ) ;
#5137 = VERTEX_POINT ( 'NONE', #4584 ) ;
#5138 = VERTEX_POINT ( 'NONE', #4527 ) ;
#5139 = STYLED_ITEM ( 'NONE', ( #3153 ), #3197 ) ;
#5140 = ORIENTED_EDGE ( 'NONE', *, *, #3184, .F. ) ;
#5141 = ORIENTED_EDGE ( 'NONE', *, *, #3399, .T. ) ;
#5142 = DIRECTION ( 'NONE',  ( 1.000000000000000000, 0.0000000000000000000, -0.0000000000000000000 ) ) ;
#5143 = CARTESIAN_POINT ( 'NONE',  ( 0.9550000000000036200, 0.7700000000000011300, -0.3150000000000034400 ) ) ;
#5144 = EDGE_CURVE ( 'NONE', #3217, #838, #3531, .T. ) ;
#5145 = ORIENTED_EDGE ( 'NONE', *, *, #1678, .F. ) ;
#5146 = COLOUR_RGB ( '',1.000000000000000000, 0.8117647058823529400, 0.5019607843137254800 ) ;
#5147 = DIRECTION ( 'NONE',  ( 1.000000000000000000, 0.0000000000000000000, -0.0000000000000000000 ) ) ;
#5148 = ORIENTED_EDGE ( 'NONE', *, *, #2235, .F. ) ;
#5149 = PLANE ( 'NONE',  #982 ) ;
#5150 = ORIENTED_EDGE ( 'NONE', *, *, #1473, .F. ) ;
#5151 = ORIENTED_EDGE ( 'NONE', *, *, #2470, .T. ) ;
#5152 = EDGE_CURVE ( 'NONE', #36, #2739, #4117, .T. ) ;
#5153 = COLOUR_RGB ( '',1.000000000000000000, 0.8117647058823529400, 0.5019607843137254800 ) ;
#5154 = ADVANCED_FACE ( 'NONE', ( #1181 ), #4971, .T. ) ;
#5155 = EDGE_CURVE ( 'NONE', #3846, #5465, #4721, .T. ) ;
#5156 = FACE_OUTER_BOUND ( 'NONE', #4843, .T. ) ;
#5157 = VERTEX_POINT ( 'NONE', #245 ) ;
#5158 =( NAMED_UNIT ( * ) PLANE_ANGLE_UNIT ( ) SI_UNIT ( $, .RADIAN. ) );
#5159 = VECTOR ( 'NONE', #1145, 1000.000000000000000 ) ;
#5160 = DIRECTION ( 'NONE',  ( -1.101411730778927600E-014, -1.682396719162780200E-015, 1.000000000000000000 ) ) ;
#5161 = LINE ( 'NONE', #9, #196 ) ;
#5162 = SURFACE_STYLE_FILL_AREA ( #229 ) ;
#5163 =( NAMED_UNIT ( * ) PLANE_ANGLE_UNIT ( ) SI_UNIT ( $, .RADIAN. ) );
#5164 = ORIENTED_EDGE ( 'NONE', *, *, #3660, .T. ) ;
#5165 = VECTOR ( 'NONE', #2897, 1000.000000000000100 ) ;
#5166 = CARTESIAN_POINT ( 'NONE',  ( -4.580000000000014300, 2.540000000000000000, 4.000000000000000000 ) ) ;
#5167 = VECTOR ( 'NONE', #2833, 1000.000000000000000 ) ;
#5168 = CARTESIAN_POINT ( 'NONE',  ( 3.495000000000003200, 0.9550000000000102900, 4.000000000000000000 ) ) ;
#5169 = EDGE_LOOP ( 'NONE', ( #8, #996, #3502, #5072 ) ) ;
#5170 = MECHANICAL_DESIGN_GEOMETRIC_PRESENTATION_REPRESENTATION (  '', ( #1732 ), #1344 ) ;
#5171 = CARTESIAN_POINT ( 'NONE',  ( -3.810000000000000900, 0.7700000000000000200, 0.5000000000000000000 ) ) ;
#5172 = ORIENTED_EDGE ( 'NONE', *, *, #4059, .T. ) ;
#5173 = DIRECTION ( 'NONE',  ( -0.7071067811865469100, 0.7071067811865482400, -0.0000000000000000000 ) ) ;
#5174 = FACE_OUTER_BOUND ( 'NONE', #5039, .T. ) ;
#5175 = SURFACE_STYLE_USAGE ( .BOTH. , #2187 ) ;
#5176 = AXIS2_PLACEMENT_3D ( 'NONE', #3059, #481, #2217 ) ;
#5177 = EDGE_LOOP ( 'NONE', ( #3038, #4373, #1391, #751 ) ) ;
#5178 = EDGE_CURVE ( 'NONE', #3317, #3619, #3856, .T. ) ;
#5179 = CARTESIAN_POINT ( 'NONE',  ( -4.017820323027547300, 1.477820323027566600, 9.000000000000001800 ) ) ;
#5180 = PRESENTATION_LAYER_ASSIGNMENT (  '', '', ( #871 ) ) ;
#5181 = UNCERTAINTY_MEASURE_WITH_UNIT (LENGTH_MEASURE( 1.000000000000000100E-005 ), #989, 'distance_accuracy_value', 'NONE');
#5182 = SURFACE_STYLE_USAGE ( .BOTH. , #3937 ) ;
#5183 = ADVANCED_FACE ( 'NONE', ( #2382 ), #5472, .F. ) ;
#5184 = FILL_AREA_STYLE_COLOUR ( '', #1357 ) ;
#5185 = LINE ( 'NONE', #2199, #969 ) ;
#5186 = CARTESIAN_POINT ( 'NONE',  ( -5.080000000000015200, 1.585000000000008800, 1.900000000000000100 ) ) ;
#5187 = CARTESIAN_POINT ( 'NONE',  ( -4.124999999999996400, 0.9550000000000100600, 0.4999999999999982800 ) ) ;
#5188 = EDGE_LOOP ( 'NONE', ( #3670, #4446, #1817, #2999 ) ) ;
#5189 = FACE_OUTER_BOUND ( 'NONE', #2205, .T. ) ;
#5190 = DIRECTION ( 'NONE',  ( -1.000000000000000000, 0.0000000000000000000, 0.0000000000000000000 ) ) ;
#5191 = ORIENTED_EDGE ( 'NONE', *, *, #809, .T. ) ;
#5192 = VECTOR ( 'NONE', #254, 1000.000000000000000 ) ;
#5193 = CARTESIAN_POINT ( 'NONE',  ( -2.939999999999984400, 2.038999999999999700, 1.900000000000000100 ) ) ;
#5194 = EDGE_LOOP ( 'NONE', ( #188, #2104, #2269, #2605, #2224, #387 ) ) ;
#5195 = EDGE_CURVE ( 'NONE', #4684, #165, #4522, .T. ) ;
#5196 = EDGE_LOOP ( 'NONE', ( #2003, #1924, #3692, #4668, #4490, #2200 ) ) ;
#5197 = CARTESIAN_POINT ( 'NONE',  ( 7.620000000000000100, 1.477820323027566600, 9.000000000000001800 ) ) ;
#5198 = PLANE ( 'NONE',  #2611 ) ;
#5199 = VERTEX_POINT ( 'NONE', #3338 ) ;
#5200 = CARTESIAN_POINT ( 'NONE',  ( -0.9549999999999979600, -4.999999999999998200, -0.3150000000000042800 ) ) ;
#5201 = AXIS2_PLACEMENT_3D ( 'NONE', #1120, #742, #5020 ) ;
#5202 = DIRECTION ( 'NONE',  ( 1.000000000000000000, 0.0000000000000000000, -0.0000000000000000000 ) ) ;
#5203 = ADVANCED_FACE ( 'NONE', ( #3527 ), #5043, .F. ) ;
#5204 = ORIENTED_EDGE ( 'NONE', *, *, #569, .T. ) ;
#5205 = EDGE_CURVE ( 'NONE', #1762, #1676, #5049, .T. ) ;
#5206 = CARTESIAN_POINT ( 'NONE',  ( -4.124999999999996400, -4.999999999999999100, 0.2078203230275440000 ) ) ;
#5207 = VERTEX_POINT ( 'NONE', #327 ) ;
#5208 = PRESENTATION_LAYER_ASSIGNMENT (  '', '', ( #5139 ) ) ;
#5209 = LINE ( 'NONE', #4410, #2415 ) ;
#5210 = CARTESIAN_POINT ( 'NONE',  ( -3.495000000000005000, 0.9550000000000102900, 1.400000000000000100 ) ) ;
#5211 = VECTOR ( 'NONE', #4727, 1000.000000000000000 ) ;
#5212 = FILL_AREA_STYLE ('',( #3071 ) ) ;
#5213 = ORIENTED_EDGE ( 'NONE', *, *, #4520, .F. ) ;
#5214 = DIRECTION ( 'NONE',  ( 0.0000000000000000000, -2.660618828185275700E-016, -1.000000000000000000 ) ) ;
#5215 = ORIENTED_EDGE ( 'NONE', *, *, #4591, .T. ) ;
#5216 = LINE ( 'NONE', #3570, #2687 ) ;
#5217 = EDGE_CURVE ( 'NONE', #3285, #984, #2243, .T. ) ;
#5218 = AXIS2_PLACEMENT_3D ( 'NONE', #4957, #2824, #695 ) ;
#5219 = VERTEX_POINT ( 'NONE', #1292 ) ;
#5220 = VECTOR ( 'NONE', #3274, 1000.000000000000000 ) ;
#5221 = VERTEX_POINT ( 'NONE', #5097 ) ;
#5222 = ORIENTED_EDGE ( 'NONE', *, *, #3630, .F. ) ;
#5223 = LINE ( 'NONE', #2323, #5026 ) ;
#5224 =( NAMED_UNIT ( * ) PLANE_ANGLE_UNIT ( ) SI_UNIT ( $, .RADIAN. ) );
#5225 = CARTESIAN_POINT ( 'NONE',  ( -5.080000000000015200, 2.038999999999999700, 1.900000000000000100 ) ) ;
#5226 = LINE ( 'NONE', #1400, #2220 ) ;
#5227 = EDGE_CURVE ( 'NONE', #1804, #427, #1901, .T. ) ;
#5228 = LINE ( 'NONE', #1047, #2438 ) ;
#5229 = UNCERTAINTY_MEASURE_WITH_UNIT (LENGTH_MEASURE( 1.000000000000000100E-005 ), #1772, 'distance_accuracy_value', 'NONE');
#5230 = EDGE_CURVE ( 'NONE', #4879, #2807, #3851, .T. ) ;
#5231 = CARTESIAN_POINT ( 'NONE',  ( -2.539999999999986700, 0.5000000000000004400, 2.450000000000000200 ) ) ;
#5232 = ORIENTED_EDGE ( 'NONE', *, *, #4343, .F. ) ;
#5233 = PLANE ( 'NONE',  #4676 ) ;
#5234 = VECTOR ( 'NONE', #4338, 999.9999999999998900 ) ;
#5235 = FACE_OUTER_BOUND ( 'NONE', #3017, .T. ) ;
#5236 = PRESENTATION_STYLE_ASSIGNMENT (( #5136 ) ) ;
#5237 = EDGE_CURVE ( 'NONE', #3341, #3999, #1836, .T. ) ;
#5238 = ORIENTED_EDGE ( 'NONE', *, *, #1937, .F. ) ;
#5239 = CARTESIAN_POINT ( 'NONE',  ( 4.124999999999994700, 0.9550000000000102900, 1.400000000000000100 ) ) ;
#5240 = ADVANCED_FACE ( 'NONE', ( #1105 ), #1251, .F. ) ;
#5241 = DIRECTION ( 'NONE',  ( 0.0000000000000000000, -1.000000000000000000, 1.530638361156006100E-015 ) ) ;
#5242 = ORIENTED_EDGE ( 'NONE', *, *, #2444, .T. ) ;
#5243 = STYLED_ITEM ( 'NONE', ( #5577 ), #1186 ) ;
#5244 = AXIS2_PLACEMENT_3D ( 'NONE', #4091, #1528, #5315 ) ;
#5245 = VERTEX_POINT ( 'NONE', #3778 ) ;
#5246 = VERTEX_POINT ( 'NONE', #5115 ) ;
#5247 = COLOUR_RGB ( '',1.000000000000000000, 0.8117647058823529400, 0.5019607843137254800 ) ;
#5248 = DIRECTION ( 'NONE',  ( -0.0000000000000000000, -0.0000000000000000000, 1.000000000000000000 ) ) ;
#5249 = DIRECTION ( 'NONE',  ( -0.7071067811865474600, -0.7071067811865474600, -0.0000000000000000000 ) ) ;
#5250 = STYLED_ITEM ( 'NONE', ( #1746 ), #3001 ) ;
#5251 = FACE_OUTER_BOUND ( 'NONE', #3875, .T. ) ;
#5252 = CARTESIAN_POINT ( 'NONE',  ( -4.124999999999996400, 0.9550000000000102900, 1.400000000000000100 ) ) ;
#5253 = CARTESIAN_POINT ( 'NONE',  ( 3.495000000000003200, -4.999999999999999100, 0.2078203230275440000 ) ) ;
#5254 =( LENGTH_UNIT ( ) NAMED_UNIT ( * ) SI_UNIT ( .MILLI., .METRE. ) );
#5255 = COLOUR_RGB ( '',1.000000000000000000, 0.8117647058823529400, 0.5019607843137254800 ) ;
#5256 = EDGE_CURVE ( 'NONE', #5283, #1665, #4377, .T. ) ;
#5257 = CARTESIAN_POINT ( 'NONE',  ( -2.939999999999984400, 2.439999999999997300, 1.400000000000000100 ) ) ;
#5258 = AXIS2_PLACEMENT_3D ( 'NONE', #3257, #5403, #1519 ) ;
#5259 = CARTESIAN_POINT ( 'NONE',  ( -0.4999999999999870100, 0.0000000000000000000, 4.000000000000000000 ) ) ;
#5260 = ORIENTED_EDGE ( 'NONE', *, *, #247, .T. ) ;
#5261 = PLANE ( 'NONE',  #1438 ) ;
#5262 = LINE ( 'NONE', #944, #2848 ) ;
#5263 = EDGE_CURVE ( 'NONE', #3037, #3633, #3119, .T. ) ;
#5264 = CARTESIAN_POINT ( 'NONE',  ( 5.079999999999987600, 2.039999999999998700, 4.000000000000000000 ) ) ;
#5265 = ORIENTED_EDGE ( 'NONE', *, *, #1022, .F. ) ;
#5266 = VECTOR ( 'NONE', #3463, 1000.000000000000000 ) ;
#5267 = VECTOR ( 'NONE', #2494, 1000.000000000000000 ) ;
#5268 = FILL_AREA_STYLE ('',( #2695 ) ) ;
#5269 = AXIS2_PLACEMENT_3D ( 'NONE', #5379, #1984, #2430 ) ;
#5270 = CARTESIAN_POINT ( 'NONE',  ( 4.579999999999986700, 2.540000000000000000, 0.0000000000000000000 ) ) ;
#5271 = ADVANCED_FACE ( 'NONE', ( #5251 ), #1220, .F. ) ;
#5272 = AXIS2_PLACEMENT_3D ( 'NONE', #1503, #1993, #1953 ) ;
#5273 = ORIENTED_EDGE ( 'NONE', *, *, #2361, .T. ) ;
#5274 = DIRECTION ( 'NONE',  ( -0.0000000000000000000, 1.530638361156006100E-015, 1.000000000000000000 ) ) ;
#5275 = STYLED_ITEM ( 'NONE', ( #4775 ), #1652 ) ;
#5276 = ORIENTED_EDGE ( 'NONE', *, *, #4821, .T. ) ;
#5277 = SURFACE_SIDE_STYLE ('',( #2630 ) ) ;
#5278 = ORIENTED_EDGE ( 'NONE', *, *, #612, .F. ) ;
#5279 = DIRECTION ( 'NONE',  ( 1.000000000000000000, 0.0000000000000000000, -0.0000000000000000000 ) ) ;
#5280 = SURFACE_STYLE_USAGE ( .BOTH. , #1057 ) ;
#5281 = DIRECTION ( 'NONE',  ( 0.0000000000000000000, 1.682396719162780200E-015, -1.000000000000000000 ) ) ;
#5282 = EDGE_LOOP ( 'NONE', ( #1465, #1915, #2759, #1069 ) ) ;
#5283 = VERTEX_POINT ( 'NONE', #2126 ) ;
#5284 = SURFACE_STYLE_FILL_AREA ( #3635 ) ;
#5285 = VECTOR ( 'NONE', #5310, 1000.000000000000000 ) ;
#5286 = STYLED_ITEM ( 'NONE', ( #2963 ), #2590 ) ;
#5287 = DIRECTION ( 'NONE',  ( 0.0000000000000000000, -1.000000000000000000, -1.517583580067741800E-016 ) ) ;
#5288 = FILL_AREA_STYLE ('',( #4445 ) ) ;
#5289 = MECHANICAL_DESIGN_GEOMETRIC_PRESENTATION_REPRESENTATION (  '', ( #4537 ), #334 ) ;
#5290 = CARTESIAN_POINT ( 'NONE',  ( -5.080000000000015200, 2.038999999999999700, 1.900000000000000100 ) ) ;
#5291 = UNCERTAINTY_MEASURE_WITH_UNIT (LENGTH_MEASURE( 1.000000000000000100E-005 ), #484, 'distance_accuracy_value', 'NONE');
#5292 = ORIENTED_EDGE ( 'NONE', *, *, #741, .T. ) ;
#5293 = LINE ( 'NONE', #1720, #3424 ) ;
#5294 = EDGE_CURVE ( 'NONE', #5508, #2773, #5395, .T. ) ;
#5295 = CARTESIAN_POINT ( 'NONE',  ( -1.477820323027547300, -4.999999999999998200, -0.2078203230275552600 ) ) ;
#5296 = VECTOR ( 'NONE', #2888, 999.9999999999998900 ) ;
#5297 = VERTEX_POINT ( 'NONE', #419 ) ;
#5298 = MECHANICAL_DESIGN_GEOMETRIC_PRESENTATION_REPRESENTATION (  '', ( #4314 ), #1671 ) ;
#5299 = ORIENTED_EDGE ( 'NONE', *, *, #1493, .F. ) ;
#5300 = CARTESIAN_POINT ( 'NONE',  ( 3.495000000000003200, 1.585000000000003500, 8.599999999999996100 ) ) ;
#5301 = DIRECTION ( 'NONE',  ( 1.101411730778927600E-014, 0.0000000000000000000, -1.000000000000000000 ) ) ;
#5302 = ORIENTED_EDGE ( 'NONE', *, *, #892, .T. ) ;
#5303 = CARTESIAN_POINT ( 'NONE',  ( 0.9550000000000036200, 0.9550000000000102900, 4.000000000000000000 ) ) ;
#5304 = ADVANCED_FACE ( 'NONE', ( #4913 ), #788, .F. ) ;
#5305 = CARTESIAN_POINT ( 'NONE',  ( 3.495000000000003200, 0.9550000000000048500, 0.5000000000000004400 ) ) ;
#5306 = FACE_OUTER_BOUND ( 'NONE', #4358, .T. ) ;
#5307 = VECTOR ( 'NONE', #3675, 1000.000000000000100 ) ;
#5308 = UNCERTAINTY_MEASURE_WITH_UNIT (LENGTH_MEASURE( 1.000000000000000100E-005 ), #3172, 'distance_accuracy_value', 'NONE');
#5309 = FACE_OUTER_BOUND ( 'NONE', #5571, .T. ) ;
#5310 = DIRECTION ( 'NONE',  ( -0.0000000000000000000, -1.000000000000000000, -0.0000000000000000000 ) ) ;
#5311 = CARTESIAN_POINT ( 'NONE',  ( 1.585000000000007500, 2.038999999999926400, 1.900000000000000100 ) ) ;
#5312 = DIRECTION ( 'NONE',  ( 0.0000000000000000000, 0.0000000000000000000, -1.000000000000000000 ) ) ;
#5313 = VECTOR ( 'NONE', #4938, 1000.000000000000000 ) ;
#5314 = FACE_OUTER_BOUND ( 'NONE', #31, .T. ) ;
#5315 = DIRECTION ( 'NONE',  ( 1.000000000000000000, 0.0000000000000000000, -0.0000000000000000000 ) ) ;
#5316 = DIRECTION ( 'NONE',  ( -0.7071067811865482400, -0.7071067811865469100, 0.0000000000000000000 ) ) ;
#5317 = ORIENTED_EDGE ( 'NONE', *, *, #1642, .F. ) ;
#5318 = FACE_OUTER_BOUND ( 'NONE', #2683, .T. ) ;
#5319 =( LENGTH_UNIT ( ) NAMED_UNIT ( * ) SI_UNIT ( .MILLI., .METRE. ) );
#5320 = CARTESIAN_POINT ( 'NONE',  ( 5.079999999999987600, 2.039999999999998700, 1.400000000000000100 ) ) ;
#5321 = FACE_OUTER_BOUND ( 'NONE', #253, .T. ) ;
#5322 = CARTESIAN_POINT ( 'NONE',  ( 3.495000000000003200, -4.999999999999998200, -0.3150000000000042800 ) ) ;
#5323 = SURFACE_STYLE_FILL_AREA ( #4123 ) ;
#5324 = EDGE_LOOP ( 'NONE', ( #3388, #4485, #2692, #4588 ) ) ;
#5325 = DIRECTION ( 'NONE',  ( -0.7071067811865379100, 0.7071067811865572300, 0.0000000000000000000 ) ) ;
#5326 = AXIS2_PLACEMENT_3D ( 'NONE', #111, #4389, #572 ) ;
#5327 = CARTESIAN_POINT ( 'NONE',  ( -5.080000000000015200, 2.540000000000000000, 1.400000000000000100 ) ) ;
#5328 = ADVANCED_FACE ( 'NONE', ( #1704 ), #3507, .F. ) ;
#5329 = LINE ( 'NONE', #3549, #3466 ) ;
#5330 = SURFACE_STYLE_USAGE ( .BOTH. , #2795 ) ;
#5331 = CARTESIAN_POINT ( 'NONE',  ( 2.140000000000016100, 0.1000000000000035300, 2.450000000000000200 ) ) ;
#5332 = VERTEX_POINT ( 'NONE', #880 ) ;
#5333 = EDGE_CURVE ( 'NONE', #628, #2987, #626, .T. ) ;
#5334 = VECTOR ( 'NONE', #5120, 1000.000000000000000 ) ;
#5335 = CARTESIAN_POINT ( 'NONE',  ( -3.039999999999987200, 2.540000000000000000, 1.400000000000000100 ) ) ;
#5336 = SURFACE_STYLE_USAGE ( .BOTH. , #1496 ) ;
#5337 = DIRECTION ( 'NONE',  ( 0.0000000000000000000, 0.0000000000000000000, -1.000000000000000000 ) ) ;
#5338 = EDGE_LOOP ( 'NONE', ( #4139, #5265, #1035, #3219 ) ) ;
#5339 = VECTOR ( 'NONE', #2688, 1000.000000000000000 ) ;
#5340 = VECTOR ( 'NONE', #747, 1000.000000000000100 ) ;
#5341 =( NAMED_UNIT ( * ) SI_UNIT ( $, .STERADIAN. ) SOLID_ANGLE_UNIT ( ) );
#5342 = DIRECTION ( 'NONE',  ( 0.0000000000000000000, 1.682396719162780200E-015, -1.000000000000000000 ) ) ;
#5343 = EDGE_LOOP ( 'NONE', ( #3756, #2881, #3414, #3376 ) ) ;
#5344 = DIRECTION ( 'NONE',  ( 0.0000000000000000000, 1.000000000000000000, 0.0000000000000000000 ) ) ;
#5345 = EDGE_CURVE ( 'NONE', #5332, #3014, #3458, .T. ) ;
#5346 = DIRECTION ( 'NONE',  ( 1.000000000000000000, 0.0000000000000000000, -0.0000000000000000000 ) ) ;
#5347 = EDGE_LOOP ( 'NONE', ( #1205, #4862, #2078, #1526 ) ) ;
#5348 = DIRECTION ( 'NONE',  ( -1.101411730778927600E-014, -1.682396719162780200E-015, 1.000000000000000000 ) ) ;
#5349 = VERTEX_POINT ( 'NONE', #3484 ) ;
#5350 = EDGE_CURVE ( 'NONE', #3285, #3722, #1764, .T. ) ;
#5351 = ORIENTED_EDGE ( 'NONE', *, *, #120, .T. ) ;
#5352 = MECHANICAL_DESIGN_GEOMETRIC_PRESENTATION_REPRESENTATION (  '', ( #4196 ), #64 ) ;
#5353 = DIRECTION ( 'NONE',  ( 1.000000000000000000, 0.0000000000000000000, -0.0000000000000000000 ) ) ;
#5354 = ORIENTED_EDGE ( 'NONE', *, *, #1738, .T. ) ;
#5355 = ADVANCED_BREP_SHAPE_REPRESENTATION ( '861400041LO1705LF', ( #3197, #3132, #548, #2197, #2134, #2534 ), #1383 ) ;
#5356 =( NAMED_UNIT ( * ) SI_UNIT ( $, .STERADIAN. ) SOLID_ANGLE_UNIT ( ) );
#5357 = VECTOR ( 'NONE', #1312, 1000.000000000000000 ) ;
#5358 = ORIENTED_EDGE ( 'NONE', *, *, #3625, .T. ) ;
#5359 = UNCERTAINTY_MEASURE_WITH_UNIT (LENGTH_MEASURE( 1.000000000000000100E-005 ), #1058, 'distance_accuracy_value', 'NONE');
#5360 = ORIENTED_EDGE ( 'NONE', *, *, #4583, .F. ) ;
#5361 = DIRECTION ( 'NONE',  ( 0.0000000000000000000, 1.682396719162780200E-015, -1.000000000000000000 ) ) ;
#5362 = AXIS2_PLACEMENT_3D ( 'NONE', #1037, #2748, #2729 ) ;
#5363 = LINE ( 'NONE', #867, #3291 ) ;
#5364 = DIRECTION ( 'NONE',  ( -1.000000000000000000, -0.0000000000000000000, -0.0000000000000000000 ) ) ;
#5365 = PLANE ( 'NONE',  #3582 ) ;
#5366 = LINE ( 'NONE', #3254, #800 ) ;
#5367 = ORIENTED_EDGE ( 'NONE', *, *, #1290, .F. ) ;
#5368 = EDGE_LOOP ( 'NONE', ( #3348, #920, #1951, #1340, #5317, #1411, #5420, #1174, #4882, #2334, #1683, #2214, #4868, #2616, #3335, #878, #598, #3280, #3003, #4475, #5148, #3891, #1139, #731, #2263, #4717 ) ) ;
#5369 = FACE_BOUND ( 'NONE', #2068, .T. ) ;
#5370 = EDGE_CURVE ( 'NONE', #5501, #4752, #214, .T. ) ;
#5371 = FILL_AREA_STYLE ('',( #2358 ) ) ;
#5372 = PRESENTATION_LAYER_ASSIGNMENT (  '', '', ( #4793 ) ) ;
#5373 = SURFACE_STYLE_USAGE ( .BOTH. , #647 ) ;
#5374 = FILL_AREA_STYLE ('',( #2401 ) ) ;
#5375 = VECTOR ( 'NONE', #4801, 1000.000000000000000 ) ;
#5376 = CARTESIAN_POINT ( 'NONE',  ( -3.495000000000005000, 0.9550000000000048500, 0.4999999999999982800 ) ) ;
#5377 = COLOUR_RGB ( '',1.000000000000000000, 0.8117647058823529400, 0.5019607843137254800 ) ;
#5378 = PLANE ( 'NONE',  #289 ) ;
#5379 = CARTESIAN_POINT ( 'NONE',  ( 0.0000000000000000000, 7.589415207398531000E-015, 9.000000000000001800 ) ) ;
#5380 = LINE ( 'NONE', #5397, #205 ) ;
#5381 = LINE ( 'NONE', #1711, #3712 ) ;
#5382 = PRESENTATION_LAYER_ASSIGNMENT (  '', '', ( #1648 ) ) ;
#5383 = EDGE_LOOP ( 'NONE', ( #4859, #4256, #4096, #4688 ) ) ;
#5384 = SURFACE_STYLE_FILL_AREA ( #5268 ) ;
#5385 = SURFACE_STYLE_FILL_AREA ( #3204 ) ;
#5386 = VECTOR ( 'NONE', #2663, 1000.000000000000000 ) ;
#5387 =( GEOMETRIC_REPRESENTATION_CONTEXT ( 3 ) GLOBAL_UNCERTAINTY_ASSIGNED_CONTEXT ( ( #1666 ) ) GLOBAL_UNIT_ASSIGNED_CONTEXT ( ( #1582, #4580, #2015 ) ) REPRESENTATION_CONTEXT ( 'NONE', 'WORKASPACE' ) );
#5388 = FILL_AREA_STYLE_COLOUR ( '', #620 ) ;
#5389 = CARTESIAN_POINT ( 'NONE',  ( -5.080000000000015200, 2.540000000000000000, 4.000000000000000000 ) ) ;
#5390 = EDGE_LOOP ( 'NONE', ( #4951, #4258, #2208, #1801, #1073, #2618 ) ) ;
#5391 = ORIENTED_EDGE ( 'NONE', *, *, #1709, .T. ) ;
#5392 =( NAMED_UNIT ( * ) PLANE_ANGLE_UNIT ( ) SI_UNIT ( $, .RADIAN. ) );
#5393 =( NAMED_UNIT ( * ) PLANE_ANGLE_UNIT ( ) SI_UNIT ( $, .RADIAN. ) );
#5394 = SURFACE_SIDE_STYLE ('',( #2970 ) ) ;
#5395 = LINE ( 'NONE', #350, #366 ) ;
#5396 = CARTESIAN_POINT ( 'NONE',  ( -5.080000000000015200, 2.038999999999999700, 1.400000000000000100 ) ) ;
#5397 = CARTESIAN_POINT ( 'NONE',  ( -2.939999999999984400, 2.540000000000000000, 1.900000000000000100 ) ) ;
#5398 =( NAMED_UNIT ( * ) SI_UNIT ( $, .STERADIAN. ) SOLID_ANGLE_UNIT ( ) );
#5399 = PRESENTATION_STYLE_ASSIGNMENT (( #1138 ) ) ;
#5400 = DIRECTION ( 'NONE',  ( -1.000000000000000000, 0.0000000000000000000, 0.0000000000000000000 ) ) ;
#5401 = ORIENTED_EDGE ( 'NONE', *, *, #2631, .F. ) ;
#5402 = VECTOR ( 'NONE', #3963, 1000.000000000000000 ) ;
#5403 = DIRECTION ( 'NONE',  ( 1.000000000000000000, 0.0000000000000000000, -0.0000000000000000000 ) ) ;
#5404 = CARTESIAN_POINT ( 'NONE',  ( -3.039999999999987200, 0.0000000000000000000, 1.400000000000000100 ) ) ;
#5405 = EDGE_CURVE ( 'NONE', #574, #250, #4048, .T. ) ;
#5406 =( NAMED_UNIT ( * ) PLANE_ANGLE_UNIT ( ) SI_UNIT ( $, .RADIAN. ) );
#5407 = DIRECTION ( 'NONE',  ( 0.0000000000000000000, 1.682396719162780200E-015, -1.000000000000000000 ) ) ;
#5408 = SURFACE_SIDE_STYLE ('',( #5094 ) ) ;
#5409 = CARTESIAN_POINT ( 'NONE',  ( 5.079999999999987600, 2.038999999999999700, 1.900000000000000100 ) ) ;
#5410 = ORIENTED_EDGE ( 'NONE', *, *, #231, .F. ) ;
#5411 = FACE_OUTER_BOUND ( 'NONE', #2882, .T. ) ;
#5412 = CARTESIAN_POINT ( 'NONE',  ( -3.494999999999998300, -4.599999999999992500, -0.3150000000000042200 ) ) ;
#5413 = CARTESIAN_POINT ( 'NONE',  ( -3.495000000000005000, 0.9550000000000048500, 0.5000000000000004400 ) ) ;
#5414 = UNCERTAINTY_MEASURE_WITH_UNIT (LENGTH_MEASURE( 1.000000000000000100E-005 ), #3703, 'distance_accuracy_value', 'NONE');
#5415 = EDGE_CURVE ( 'NONE', #601, #1539, #4910, .T. ) ;
#5416 = ORIENTED_EDGE ( 'NONE', *, *, #2112, .F. ) ;
#5417 = SURFACE_STYLE_FILL_AREA ( #1231 ) ;
#5418 = PLANE ( 'NONE',  #1234 ) ;
#5419 = ORIENTED_EDGE ( 'NONE', *, *, #3759, .F. ) ;
#5420 = ORIENTED_EDGE ( 'NONE', *, *, #2435, .F. ) ;
#5421 = FILL_AREA_STYLE ('',( #307 ) ) ;
#5422 = ORIENTED_EDGE ( 'NONE', *, *, #3019, .F. ) ;
#5423 = CARTESIAN_POINT ( 'NONE',  ( -0.9550000000000048500, 0.9550000000000102900, 1.400000000000000100 ) ) ;
#5424 = ADVANCED_FACE ( 'NONE', ( #77 ), #3449, .F. ) ;
#5425 = CARTESIAN_POINT ( 'NONE',  ( 3.040000000000000000, 2.606599254992157300E-016, 1.400000000000000100 ) ) ;
#5426 = VERTEX_POINT ( 'NONE', #2179 ) ;
#5427 = CARTESIAN_POINT ( 'NONE',  ( -2.139999999999989000, 2.439999999999997300, 2.450000000000000200 ) ) ;
#5428 = SURFACE_STYLE_FILL_AREA ( #2548 ) ;
#5429 = DIRECTION ( 'NONE',  ( 0.0000000000000000000, 0.0000000000000000000, 1.000000000000000000 ) ) ;
#5430 = DIRECTION ( 'NONE',  ( 0.0000000000000000000, 0.0000000000000000000, 1.000000000000000000 ) ) ;
#5431 = ORIENTED_EDGE ( 'NONE', *, *, #3653, .T. ) ;
#5432 = DIRECTION ( 'NONE',  ( 0.0000000000000000000, 1.682396719162780200E-015, -1.000000000000000000 ) ) ;
#5433 = FACE_OUTER_BOUND ( 'NONE', #4806, .T. ) ;
#5434 = LINE ( 'NONE', #1572, #1866 ) ;
#5435 = CARTESIAN_POINT ( 'NONE',  ( 0.5000000000000138800, 2.540000000000000000, 2.450000000000000200 ) ) ;
#5436 = AXIS2_PLACEMENT_3D ( 'NONE', #41, #3078, #3646 ) ;
#5437 = VERTEX_POINT ( 'NONE', #2164 ) ;
#5438 = PRESENTATION_LAYER_ASSIGNMENT (  '', '', ( #4958 ) ) ;
#5439 = ORIENTED_EDGE ( 'NONE', *, *, #2607, .F. ) ;
#5440 = DIRECTION ( 'NONE',  ( -0.2505628070857283700, 0.9351131265310302900, 0.2505628070857309200 ) ) ;
#5441 = PRESENTATION_STYLE_ASSIGNMENT (( #3032 ) ) ;
#5442 = LINE ( 'NONE', #4593, #2624 ) ;
#5443 = ORIENTED_EDGE ( 'NONE', *, *, #448, .F. ) ;
#5444 = CARTESIAN_POINT ( 'NONE',  ( -1.477820323027547300, -4.999999999999999100, 0.2078203230275440000 ) ) ;
#5445 = LINE ( 'NONE', #672, #4029 ) ;
#5446 = DIRECTION ( 'NONE',  ( 0.0000000000000000000, -1.530638361156006100E-015, -1.000000000000000000 ) ) ;
#5447 = CARTESIAN_POINT ( 'NONE',  ( -3.494999999999998300, -4.999999999999998200, -0.3150000000000042800 ) ) ;
#5448 = FACE_OUTER_BOUND ( 'NONE', #1979, .T. ) ;
#5449 = LINE ( 'NONE', #3730, #4291 ) ;
#5450 = SURFACE_STYLE_FILL_AREA ( #3215 ) ;
#5451 = EDGE_CURVE ( 'NONE', #1701, #482, #1639, .T. ) ;
#5452 = DIRECTION ( 'NONE',  ( 0.0000000000000000000, -0.2588190451025166900, -0.9659258262890694200 ) ) ;
#5453 = PRESENTATION_LAYER_ASSIGNMENT (  '', '', ( #743 ) ) ;
#5454 = DIRECTION ( 'NONE',  ( -1.000000000000000000, -0.0000000000000000000, 0.0000000000000000000 ) ) ;
#5455 = DIRECTION ( 'NONE',  ( -0.0000000000000000000, 1.530638361156006100E-015, 1.000000000000000000 ) ) ;
#5456 = ORIENTED_EDGE ( 'NONE', *, *, #52, .F. ) ;
#5457 = LINE ( 'NONE', #299, #946 ) ;
#5458 = VECTOR ( 'NONE', #1446, 1000.000000000000000 ) ;
#5459 = DIRECTION ( 'NONE',  ( 1.000000000000000000, 0.0000000000000000000, -0.0000000000000000000 ) ) ;
#5460 = ADVANCED_FACE ( 'NONE', ( #480 ), #1372, .F. ) ;
#5461 = DIRECTION ( 'NONE',  ( -0.0000000000000000000, 0.0000000000000000000, -1.000000000000000000 ) ) ;
#5462 = DIRECTION ( 'NONE',  ( 1.101411730778927600E-014, 1.000000000000000000, 0.0000000000000000000 ) ) ;
#5463 = EDGE_CURVE ( 'NONE', #3043, #3611, #1097, .T. ) ;
#5464 = ORIENTED_EDGE ( 'NONE', *, *, #2943, .F. ) ;
#5465 = VERTEX_POINT ( 'NONE', #4726 ) ;
#5466 = SURFACE_STYLE_FILL_AREA ( #5421 ) ;
#5467 = EDGE_CURVE ( 'NONE', #5465, #5019, #2909, .T. ) ;
#5468 = PRESENTATION_STYLE_ASSIGNMENT (( #1729 ) ) ;
#5469 = DIRECTION ( 'NONE',  ( 0.0000000000000000000, 1.000000000000000000, 0.0000000000000000000 ) ) ;
#5470 = VERTEX_POINT ( 'NONE', #4335 ) ;
#5471 = FACE_OUTER_BOUND ( 'NONE', #1055, .T. ) ;
#5472 = PLANE ( 'NONE',  #5201 ) ;
#5473 = CARTESIAN_POINT ( 'NONE',  ( 3.495000000000003200, 1.585000000000008800, 1.400000000000000100 ) ) ;
#5474 = CARTESIAN_POINT ( 'NONE',  ( -1.584999999999996600, 0.9550000000000048500, 0.5000000000000004400 ) ) ;
#5475 = FILL_AREA_STYLE ('',( #5533 ) ) ;
#5476 = LINE ( 'NONE', #3472, #767 ) ;
#5477 = DIRECTION ( 'NONE',  ( 0.0000000000000000000, -0.2588190451025199100, 0.9659258262890685300 ) ) ;
#5478 = DIRECTION ( 'NONE',  ( 0.0000000000000000000, 0.0000000000000000000, 1.000000000000000000 ) ) ;
#5479 = ORIENTED_EDGE ( 'NONE', *, *, #2444, .F. ) ;
#5480 = VECTOR ( 'NONE', #4028, 1000.000000000000000 ) ;
#5481 = PRESENTATION_STYLE_ASSIGNMENT (( #2045 ) ) ;
#5482 = ADVANCED_FACE ( 'NONE', ( #1895, #5174 ), #4781, .F. ) ;
#5483 = VERTEX_POINT ( 'NONE', #1781 ) ;
#5484 = PRESENTATION_STYLE_ASSIGNMENT (( #1775 ) ) ;
#5485 = EDGE_CURVE ( 'NONE', #729, #5470, #2513, .T. ) ;
#5486 =( GEOMETRIC_REPRESENTATION_CONTEXT ( 3 ) GLOBAL_UNCERTAINTY_ASSIGNED_CONTEXT ( ( #4653 ) ) GLOBAL_UNIT_ASSIGNED_CONTEXT ( ( #1198, #4129, #5489 ) ) REPRESENTATION_CONTEXT ( 'NONE', 'WORKASPACE' ) );
#5487 = UNCERTAINTY_MEASURE_WITH_UNIT (LENGTH_MEASURE( 1.000000000000000100E-005 ), #1072, 'distance_accuracy_value', 'NONE');
#5488 = ORIENTED_EDGE ( 'NONE', *, *, #600, .T. ) ;
#5489 =( NAMED_UNIT ( * ) SI_UNIT ( $, .STERADIAN. ) SOLID_ANGLE_UNIT ( ) );
#5490 = ORIENTED_EDGE ( 'NONE', *, *, #2821, .T. ) ;
#5491 = EDGE_LOOP ( 'NONE', ( #2195, #4057, #4080, #1699 ) ) ;
#5492 = EDGE_CURVE ( 'NONE', #825, #1823, #3524, .T. ) ;
#5493 = CARTESIAN_POINT ( 'NONE',  ( -4.124999999999996400, -4.599999999999992500, 0.3149999999999944000 ) ) ;
#5494 = ORIENTED_EDGE ( 'NONE', *, *, #2537, .T. ) ;
#5495 = EDGE_LOOP ( 'NONE', ( #4991, #339, #3116, #5145 ) ) ;
#5496 = DIRECTION ( 'NONE',  ( 0.0000000000000000000, 1.530638361156006100E-015, 1.000000000000000000 ) ) ;
#5497 = PRESENTATION_STYLE_ASSIGNMENT (( #2070 ) ) ;
#5498 = CARTESIAN_POINT ( 'NONE',  ( 4.579999999999986700, 2.540000000000000000, 4.000000000000000000 ) ) ;
#5499 = ORIENTED_EDGE ( 'NONE', *, *, #2525, .F. ) ;
#5500 = VERTEX_POINT ( 'NONE', #958 ) ;
#5501 = VERTEX_POINT ( 'NONE', #3102 ) ;
#5502 = DIRECTION ( 'NONE',  ( 0.0000000000000000000, -1.000000000000000000, 1.530638361156006100E-015 ) ) ;
#5503 = VECTOR ( 'NONE', #5121, 1000.000000000000000 ) ;
#5504 = SURFACE_SIDE_STYLE ('',( #3921 ) ) ;
#5505 = EDGE_CURVE ( 'NONE', #4939, #529, #2375, .T. ) ;
#5506 = PLANE ( 'NONE',  #3185 ) ;
#5507 = SURFACE_STYLE_FILL_AREA ( #5051 ) ;
#5508 = VERTEX_POINT ( 'NONE', #2672 ) ;
#5509 = DIRECTION ( 'NONE',  ( 0.0000000000000000000, -1.000000000000000000, 0.0000000000000000000 ) ) ;
#5510 = ORIENTED_EDGE ( 'NONE', *, *, #1396, .T. ) ;
#5511 = CARTESIAN_POINT ( 'NONE',  ( 0.9550000000000036200, 1.585000000000008800, 4.000000000000000000 ) ) ;
#5512 = ADVANCED_FACE ( 'NONE', ( #5321 ), #3667, .F. ) ;
#5513 =( GEOMETRIC_REPRESENTATION_CONTEXT ( 3 ) GLOBAL_UNCERTAINTY_ASSIGNED_CONTEXT ( ( #1215 ) ) GLOBAL_UNIT_ASSIGNED_CONTEXT ( ( #3850, #1727, #2565 ) ) REPRESENTATION_CONTEXT ( 'NONE', 'WORKASPACE' ) );
#5514 = CARTESIAN_POINT ( 'NONE',  ( -2.040000000000000000, 0.0000000000000000000, 1.400000000000000100 ) ) ;
#5515 = PRESENTATION_STYLE_ASSIGNMENT (( #3208 ) ) ;
#5516 = LINE ( 'NONE', #3610, #4701 ) ;
#5517 = EDGE_CURVE ( 'NONE', #1612, #2168, #148, .T. ) ;
#5518 = ORIENTED_EDGE ( 'NONE', *, *, #349, .T. ) ;
#5519 =( NAMED_UNIT ( * ) PLANE_ANGLE_UNIT ( ) SI_UNIT ( $, .RADIAN. ) );
#5520 = AXIS2_PLACEMENT_3D ( 'NONE', #1931, #2417, #2815 ) ;
#5521 = LINE ( 'NONE', #4857, #815 ) ;
#5522 = LINE ( 'NONE', #1283, #4234 ) ;
#5523 = FACE_OUTER_BOUND ( 'NONE', #440, .T. ) ;
#5524 = DIRECTION ( 'NONE',  ( 0.0000000000000000000, -1.682396719162780200E-015, 1.000000000000000000 ) ) ;
#5525 = CARTESIAN_POINT ( 'NONE',  ( 2.040000000000013400, 2.540000000000000000, 1.400000000000000100 ) ) ;
#5526 = EDGE_CURVE ( 'NONE', #1132, #4141, #5531, .T. ) ;
#5527 = VECTOR ( 'NONE', #412, 1000.000000000000000 ) ;
#5528 = DIRECTION ( 'NONE',  ( -0.0000000000000000000, -0.0000000000000000000, 1.000000000000000000 ) ) ;
#5529 = STYLED_ITEM ( 'NONE', ( #1988 ), #4551 ) ;
#5530 = DIRECTION ( 'NONE',  ( 0.0000000000000000000, -0.0000000000000000000, -1.000000000000000000 ) ) ;
#5531 = LINE ( 'NONE', #3561, #1966 ) ;
#5532 = ORIENTED_EDGE ( 'NONE', *, *, #2235, .T. ) ;
#5533 = FILL_AREA_STYLE_COLOUR ( '', #5247 ) ;
#5534 = ORIENTED_EDGE ( 'NONE', *, *, #21, .F. ) ;
#5535 = DIRECTION ( 'NONE',  ( 0.0000000000000000000, -1.000000000000000000, -1.409885789968134300E-016 ) ) ;
#5536 = EDGE_CURVE ( 'NONE', #3868, #2549, #4650, .T. ) ;
#5537 = EDGE_CURVE ( 'NONE', #2530, #3082, #4449, .T. ) ;
#5538 = DIRECTION ( 'NONE',  ( 0.0000000000000000000, 2.168404344971009900E-016, -1.000000000000000000 ) ) ;
#5539 =( NAMED_UNIT ( * ) PLANE_ANGLE_UNIT ( ) SI_UNIT ( $, .RADIAN. ) );
#5540 = CARTESIAN_POINT ( 'NONE',  ( 0.9550000000000036200, 0.9550000000000172800, 8.599999999999996100 ) ) ;
#5541 = ADVANCED_FACE ( 'NONE', ( #2107 ), #566, .T. ) ;
#5542 = PLANE ( 'NONE',  #4385 ) ;
#5543 = ORIENTED_EDGE ( 'NONE', *, *, #5345, .F. ) ;
#5544 = LINE ( 'NONE', #2940, #4058 ) ;
#5545 = DIRECTION ( 'NONE',  ( 1.101411730778927600E-014, 1.000000000000000000, -0.0000000000000000000 ) ) ;
#5546 = STYLED_ITEM ( 'NONE', ( #5515 ), #885 ) ;
#5547 = DIRECTION ( 'NONE',  ( -1.000000000000000000, 0.0000000000000000000, 0.0000000000000000000 ) ) ;
#5548 = AXIS2_PLACEMENT_3D ( 'NONE', #312, #4176, #5429 ) ;
#5549 = FILL_AREA_STYLE_COLOUR ( '', #3028 ) ;
#5550 = ORIENTED_EDGE ( 'NONE', *, *, #409, .F. ) ;
#5551 = VECTOR ( 'NONE', #4831, 1000.000000000000000 ) ;
#5552 = FACE_OUTER_BOUND ( 'NONE', #4556, .T. ) ;
#5553 = DIRECTION ( 'NONE',  ( -0.0000000000000000000, -0.0000000000000000000, 1.000000000000000000 ) ) ;
#5554 = ORIENTED_EDGE ( 'NONE', *, *, #3070, .T. ) ;
#5555 = DIRECTION ( 'NONE',  ( 0.0000000000000000000, -1.000000000000000000, 0.0000000000000000000 ) ) ;
#5556 = ORIENTED_EDGE ( 'NONE', *, *, #3344, .T. ) ;
#5557 = EDGE_CURVE ( 'NONE', #2987, #2735, #1829, .T. ) ;
#5558 = ORIENTED_EDGE ( 'NONE', *, *, #3807, .F. ) ;
#5559 = MECHANICAL_DESIGN_GEOMETRIC_PRESENTATION_REPRESENTATION (  '', ( #380 ), #2685 ) ;
#5560 = EDGE_LOOP ( 'NONE', ( #4619, #1794, #2271, #3276 ) ) ;
#5561 = CARTESIAN_POINT ( 'NONE',  ( 3.495000000000003200, 0.9550000000000102900, 1.400000000000000100 ) ) ;
#5562 = CARTESIAN_POINT ( 'NONE',  ( -1.154959779138558000, 1.385040220861457800, 9.346260055215353200 ) ) ;
#5563 = ORIENTED_EDGE ( 'NONE', *, *, #1187, .T. ) ;
#5564 = PRESENTATION_STYLE_ASSIGNMENT (( #1883 ) ) ;
#5565 = VECTOR ( 'NONE', #2973, 1000.000000000000100 ) ;
#5566 = DIRECTION ( 'NONE',  ( 0.0000000000000000000, -1.000000000000000000, -1.409885789968134100E-016 ) ) ;
#5567 = ADVANCED_FACE ( 'NONE', ( #694 ), #2708, .F. ) ;
#5568 = ORIENTED_EDGE ( 'NONE', *, *, #3211, .F. ) ;
#5569 = EDGE_CURVE ( 'NONE', #3398, #3426, #3974, .T. ) ;
#5570 = CARTESIAN_POINT ( 'NONE',  ( -3.495000000000005000, -4.599999999999992500, 0.3149999999999944000 ) ) ;
#5571 = EDGE_LOOP ( 'NONE', ( #3557, #585, #710, #3474 ) ) ;
#5572 = PRODUCT_DEFINITION_SHAPE ( 'NONE', 'NONE',  #2394 ) ;
#5573 = LINE ( 'NONE', #3589, #2809 ) ;
#5574 = CARTESIAN_POINT ( 'NONE',  ( -4.124999999999996400, 0.9550000000000102900, 4.000000000000000000 ) ) ;
#5575 = LINE ( 'NONE', #4164, #4418 ) ;
#5576 = MECHANICAL_DESIGN_GEOMETRIC_PRESENTATION_REPRESENTATION (  '', ( #3843 ), #5387 ) ;
#5577 = PRESENTATION_STYLE_ASSIGNMENT (( #3789 ) ) ;
#5578 = ORIENTED_EDGE ( 'NONE', *, *, #2186, .T. ) ;
#5579 = FILL_AREA_STYLE_COLOUR ( '', #1617 ) ;
#5580 = DIRECTION ( 'NONE',  ( 1.000000000000000000, 0.0000000000000000000, -0.0000000000000000000 ) ) ;
#5581 = VERTEX_POINT ( 'NONE', #2238 ) ;
#5582 = PRESENTATION_LAYER_ASSIGNMENT (  '', '', ( #5275 ) ) ;
#5583 = FACE_OUTER_BOUND ( 'NONE', #4216, .T. ) ;
#5584 = CARTESIAN_POINT ( 'NONE',  ( 3.495000000000003200, 0.9550000000000102900, 1.400000000000000100 ) ) ;
#5585 = VECTOR ( 'NONE', #219, 1000.000000000000000 ) ;
#5586 = COLOUR_RGB ( '',1.000000000000000000, 0.8117647058823529400, 0.5019607843137254800 ) ;
#5587 = DIRECTION ( 'NONE',  ( -0.7071067811865379100, 0.7071067811865572300, 0.0000000000000000000 ) ) ;
#5588 =( NAMED_UNIT ( * ) SI_UNIT ( $, .STERADIAN. ) SOLID_ANGLE_UNIT ( ) );
#5589 = DIRECTION ( 'NONE',  ( 1.000000000000000000, 0.0000000000000000000, 0.0000000000000000000 ) ) ;
#5590 = FACE_OUTER_BOUND ( 'NONE', #2715, .T. ) ;
#5591 = COLOUR_RGB ( '',1.000000000000000000, 0.8117647058823529400, 0.5019607843137254800 ) ;
#5592 = VECTOR ( 'NONE', #3298, 1000.000000000000000 ) ;
#5593 = CARTESIAN_POINT ( 'NONE',  ( -3.810000000000000900, 0.7700000000000000200, 0.5000000000000000000 ) ) ;
#5594 = AXIS2_PLACEMENT_3D ( 'NONE', #2608, #1054, #4828 ) ;
#5595 =( GEOMETRIC_REPRESENTATION_CONTEXT ( 3 ) GLOBAL_UNCERTAINTY_ASSIGNED_CONTEXT ( ( #4180 ) ) GLOBAL_UNIT_ASSIGNED_CONTEXT ( ( #1978, #4974, #3282 ) ) REPRESENTATION_CONTEXT ( 'NONE', 'WORKASPACE' ) );
#5596 = CARTESIAN_POINT ( 'NONE',  ( 2.540000000000000000, 1.062179676972466500, 9.000000000000001800 ) ) ;
#5597 = FACE_OUTER_BOUND ( 'NONE', #595, .T. ) ;
#5598 = ORIENTED_EDGE ( 'NONE', *, *, #4508, .F. ) ;
ENDSEC;
END-ISO-10303-21;
